# vtk DataFile Version 3.0
Point cloud
ASCII
DATASET POLYDATA
POINTS 7366 float
-0.2840755879878998 8.687397003173828 91.4710693359375
-0.2849242687225342 8.684708595275879 91.4727783203125
-0.2935855984687805 8.658157348632812 91.49034118652344
-0.27015215158462524 8.733941078186035 91.44334411621094
-0.2612495422363281 8.766409873962402 91.42597198486328
-0.26760366559028625 8.743000984191895 91.43833923339844
-0.3283442556858063 8.565400123596191 91.5626449584961
-0.33894872665405273 8.540796279907227 91.58519744873047
-0.3436129093170166 8.530449867248535 91.59517669677734
-0.20834365487098694 9.036181449890137 91.33292388916016
-0.21693456172943115 8.97789192199707 91.34611511230469
-0.2102797031402588 9.022160530090332 91.33577728271484
-0.2064770758152008 9.05029296875 91.33024597167969
-0.21247711777687073 9.00692081451416 91.339111328125
-0.3520963191986084 8.512333869934082 91.6134262084961
-0.3026183247566223 8.632061004638672 91.50886535644531
-0.31927645206451416 8.587705612182617 91.54353332519531
-0.3102937638759613 8.61104965209961 91.52476501464844
-0.24050796031951904 8.852599143981934 91.38690185546875
-0.24879229068756104 8.816150665283203 91.4022445678711
-0.24074923992156982 8.851492881774902 91.38734436035156
-0.23389968276023865 8.884040832519531 91.37498474121094
-0.24295035004615784 8.841534614562988 91.39138793945312
-0.23968353867530823 8.85639762878418 91.3853988647461
-0.2733476459980011 8.72282886505127 91.44964599609375
-0.2676179111003876 8.742949485778809 91.43836975097656
-0.262317419052124 8.76239013671875 91.42803955078125
-0.2803480625152588 8.699397087097168 91.46358489990234
-0.2723011374473572 8.726438522338867 91.44757843017578
-0.2707841098308563 8.731721878051758 91.44458770751953
-0.21881675720214844 8.966296195983887 91.34916687011719
-0.21491175889968872 8.990776062011719 91.34290313720703
-0.2075926959514618 9.04178524017334 91.33184051513672
-0.1989286243915558 9.115195274353027 91.32046508789062
-0.1947368085384369 9.15945053100586 91.31611633300781
-0.19698694348335266 9.134698867797852 91.31832122802734
-0.26036399602890015 8.769769668579102 91.42426300048828
-0.2531694769859314 8.798038482666016 91.4104995727539
-0.24837085604667664 8.817934036254883 91.40145111083984
-0.21105560660362244 9.016701698303223 91.33694458007812
-0.22173085808753967 8.949015617370605 91.35396575927734
-0.23912730813026428 8.858980178833008 91.38439178466797
-0.23077607154846191 8.899757385253906 91.36946105957031
-0.23645460605621338 8.87160873413086 91.37955474853516
-0.24544936418533325 8.830496788024902 91.39600372314453
-0.2383931279182434 8.862412452697754 91.383056640625
15.056144714355469 10.158556938171387 90.5083236694336
14.81959342956543 10.092435836791992 90.67341613769531
14.979557991027832 10.288067817687988 90.51325225830078
-0.23677074909210205 8.870095252990723 91.380126953125
-0.23532548546791077 8.877058029174805 91.37753295898438
-0.23878765106201172 8.860564231872559 91.38377380371094
15.271418571472168 10.393902778625488 90.3058853149414
15.427154541015625 10.3519868850708 90.21876525878906
15.238536834716797 10.381104469299316 90.3293685913086
-0.20129036903381348 9.093269348144531 91.32331085205078
-0.19879332184791565 9.116506576538086 91.3203125
-0.19431015849113464 9.164462089538574 91.31574249267578
14.314220428466797 10.195990562438965 90.95558166503906
14.257898330688477 10.083495140075684 91.01435089111328
14.213579177856445 10.263120651245117 91.01576232910156
-0.1934928297996521 9.174399375915527 91.31507110595703
-0.19066646695137024 9.21318531036377 91.31332397460938
15.130544662475586 10.000020980834961 90.54936218261719
15.354034423828125 10.074070930480957 90.38484191894531
15.065004348754883 10.003803253173828 90.58170318603516
14.286138534545898 9.850715637207031 91.09138488769531
14.239230155944824 9.967241287231445 91.06338500976562
14.387571334838867 9.932687759399414 90.99274444580078
14.019694328308105 10.039092063903809 91.1739730834961
13.975321769714355 10.227749824523926 91.17861938476562
-0.2118763029575348 9.01102066040039 91.33818817138672
-0.20739051699638367 9.043309211730957 91.33155059814453
14.709207534790039 9.92420482635498 90.81991577148438
14.653491020202637 9.812914848327637 90.9228286743164
14.540679931640625 9.874184608459473 90.94014739990234
14.569948196411133 10.462142944335938 90.77322387695312
14.7448148727417 10.358329772949219 90.65355682373047
14.575671195983887 10.316837310791016 90.76959991455078
14.131091117858887 10.44605827331543 91.08804321289062
14.289243698120117 10.369658470153809 90.96440887451172
16.40296745300293 10.185307502746582 89.7761001586914
16.368913650512695 10.13560676574707 89.83605194091797
16.17222023010254 10.21926212310791 89.86317443847656
15.897045135498047 10.784610748291016 89.86109161376953
16.163799285888672 10.870762825012207 89.6794662475586
16.17984390258789 10.639132499694824 89.67908477783203
13.605814933776855 9.74474811553955 91.52518463134766
13.601984024047852 9.894597053527832 91.47115325927734
13.782917976379395 9.833566665649414 91.3841781616211
15.766438484191895 10.561875343322754 89.95850372314453
15.656417846679688 10.413530349731445 90.06027221679688
15.55044937133789 10.538963317871094 90.1026611328125
15.386764526367188 10.584970474243164 90.20948791503906
15.332287788391113 10.466696739196777 90.25457763671875
15.195889472961426 10.582279205322266 90.34112548828125
13.699381828308105 10.28548812866211 91.37569427490234
13.775604248046875 10.167916297912598 91.31594848632812
13.588784217834473 10.18671703338623 91.44501495361328
15.980304718017578 9.920280456542969 90.22649383544922
16.091215133666992 9.9783296585083 90.1156005859375
16.177528381347656 9.870746612548828 90.22465515136719
16.44578742980957 10.002205848693848 89.95093536376953
16.509601593017578 10.041036605834961 89.87843322753906
16.612590789794922 9.939850807189941 89.99127197265625
15.498779296875 10.774215698242188 90.1457748413086
15.770997047424316 11.042134284973145 90.02230834960938
15.88218879699707 11.307587623596191 90.11343383789062
15.96804141998291 11.091438293457031 89.88683319091797
16.224308013916016 10.58508014678955 89.66268920898438
17.316497802734375 10.734041213989258 91.3080825805664
16.302995681762695 10.372649192810059 89.69929504394531
12.92396354675293 9.811062812805176 91.91594696044922
12.99925422668457 9.96748161315918 91.84913635253906
13.093334197998047 9.868380546569824 91.79702758789062
13.102354049682617 10.08731460571289 91.78050231933594
13.219853401184082 10.226187705993652 91.71577453613281
13.302881240844727 10.10354995727539 91.64083099365234
-0.19071045517921448 9.21251392364502 91.31333923339844
-0.18637490272521973 9.301512718200684 91.31456756591797
-0.1867179274559021 9.291330337524414 91.31404876708984
16.335041046142578 10.305380821228027 89.72126770019531
17.082983016967773 9.869174003601074 90.6504135131836
16.6788387298584 9.891366958618164 90.06995391845703
15.473258972167969 11.112421035766602 90.31420135498047
15.284914016723633 10.780851364135742 90.30596923828125
15.243646621704102 11.186105728149414 90.59400177001953
16.90741729736328 9.8164701461792 90.3753662109375
16.854421615600586 9.820870399475098 90.29979705810547
16.901037216186523 9.816558837890625 90.36610412597656
-0.2063365876674652 9.051380157470703 91.33004760742188
-0.19559183716773987 9.149733543395996 91.3169174194336
-0.19700056314468384 9.134556770324707 91.3183364868164
17.112220764160156 11.350607872009277 91.2369613647461
17.03691291809082 11.468443870544434 91.17054748535156
16.96344757080078 11.560300827026367 91.09728240966797
16.881929397583008 11.640750885009766 91.00809478759766
17.11301040649414 9.89129638671875 90.7022705078125
17.31062889099121 10.774029731750488 91.31421661376953
15.479211807250977 11.501496315002441 91.05046081542969
15.20712661743164 11.385709762573242 91.00174713134766
16.387435913085938 11.713881492614746 90.31475830078125
16.385051727294922 11.712154388427734 90.3106460571289
16.50780487060547 11.767807960510254 90.5098648071289
12.875597953796387 10.207141876220703 91.96981048583984
12.968637466430664 10.361345291137695 91.95905303955078
13.021580696105957 10.2100191116333 91.85994720458984
16.20989418029785 9.742853164672852 90.46114349365234
16.286235809326172 9.793092727661133 90.33802032470703
16.44954490661621 9.744866371154785 90.46774291992188
17.160505294799805 11.258447647094727 91.27344512939453
17.1011905670166 11.369647026062012 91.2278823852539
17.2123966217041 11.138650894165039 91.3050308227539
16.489892959594727 11.763434410095215 90.48217010498047
16.618501663208008 11.771564483642578 90.6724624633789
16.595314025878906 11.773887634277344 90.6395492553711
17.19565200805664 9.982412338256836 90.85608673095703
17.07468605041504 9.863879203796387 90.63638305664062
17.01367950439453 9.834439277648926 90.53672790527344
15.161781311035156 9.522398948669434 91.08345031738281
15.172327041625977 9.636523246765137 90.88636779785156
15.355319023132324 9.562942504882812 90.96757507324219
17.184728622436523 9.967193603515625 90.83458709716797
17.121692657470703 9.898625373840332 90.71760559082031
17.16473388671875 9.94217300415039 90.7962875366211
-0.2026953101158142 9.080999374389648 91.32511138916016
-0.19578325748443604 9.147613525390625 91.31710052490234
-0.19321274757385254 9.177916526794434 91.31485748291016
17.135051727294922 9.910799026489258 90.74153137207031
17.22138786315918 10.023431777954102 90.90863037109375
13.482949256896973 9.327519416809082 91.89896392822266
13.555978775024414 9.494954109191895 91.70818328857422
13.70398998260498 9.358648300170898 91.7750015258789
17.238014221191406 11.068070411682129 91.3164291381836
17.126361846923828 11.325178146362305 91.24822235107422
15.443458557128906 9.438674926757812 91.48493957519531
15.126843452453613 9.38392162322998 91.4931411743164
15.17081069946289 9.446590423583984 91.26688385009766
16.678382873535156 11.758488655090332 90.75487518310547
16.762903213500977 11.723318099975586 90.86505889892578
16.861167907714844 11.658019065856934 90.98419952392578
16.79568862915039 11.704483032226562 90.90589141845703
16.893524169921875 11.630558013916016 91.021240234375
17.232343673706055 10.043508529663086 90.93196105957031
17.236616134643555 10.051837921142578 90.94123840332031
17.281089782714844 10.1618070602417 91.04639434814453
17.28800392150879 10.184488296508789 91.06478881835938
17.180173873901367 9.961186408996582 90.82575225830078
17.17642593383789 9.95638370513916 90.81852722167969
17.181507110595703 9.962925910949707 90.82833099365234
17.182252883911133 9.963906288146973 90.82978057861328
17.16779327392578 9.945781707763672 90.80206298828125
17.17646026611328 9.956426620483398 90.81859588623047
14.293292999267578 9.2157564163208 91.89900970458984
14.13898754119873 9.157781600952148 92.07105255126953
14.046462059020996 9.245218276977539 91.8411636352539
15.572639465332031 11.449843406677246 91.61096954345703
15.863649368286133 11.379983901977539 91.71385192871094
15.717729568481445 11.499955177307129 91.47025299072266
17.172761917114258 9.95180606842041 90.81150817871094
17.17955780029297 9.960389137268066 90.8245620727539
-0.19250276684761047 9.187111854553223 91.31434631347656
-0.1964094638824463 9.14080810546875 91.3177261352539
-0.20040661096572876 9.101268768310547 91.32221984863281
15.945301055908203 9.69963264465332 91.78094482421875
15.806428909301758 9.629731178283691 91.8044662475586
15.671751976013184 9.494693756103516 91.40338134765625
17.291189193725586 10.19571590423584 91.07355499267578
17.28631591796875 10.178747177124023 91.06022644042969
17.27150535583496 10.133537292480469 91.02205657958984
17.12417984008789 9.900806427001953 90.72203063964844
17.072359085083008 9.922595977783203 90.86998748779297
16.963150024414062 9.830747604370117 90.67720794677734
-0.2093214988708496 9.029026985168457 91.33435821533203
-0.2051367163658142 9.060826301574707 91.32838439941406
-0.2077813446521759 9.040369033813477 91.33210754394531
12.802923202514648 9.13253402709961 92.3924560546875
12.609108924865723 9.208845138549805 92.39838409423828
12.761749267578125 9.294445991516113 92.25373077392578
11.761641502380371 9.49826431274414 92.71794128417969
11.683154106140137 9.436336517333984 92.78169250488281
11.65975570678711 9.616275787353516 92.7693862915039
15.813987731933594 11.347034454345703 91.7801284790039
15.659148216247559 11.389399528503418 91.74559783935547
17.192367553710938 9.977710723876953 90.84957885742188
17.1320743560791 9.907987594604492 90.73616027832031
17.16707992553711 9.94493293762207 90.80071258544922
16.771394729614258 10.291942596435547 91.59828186035156
16.602996826171875 9.997867584228516 91.51992797851562
16.725990295410156 9.945989608764648 91.32801055908203
15.65402889251709 11.322540283203125 91.86518096923828
17.199726104736328 9.988396644592285 90.86421966552734
17.1943416595459 9.980525016784668 90.85348510742188
16.206634521484375 10.125343322753906 91.97338104248047
16.0748348236084 10.471177101135254 92.16291046142578
16.012571334838867 10.126733779907227 92.1318359375
12.657975196838379 9.044493675231934 92.5552749633789
15.992816925048828 11.371010780334473 91.68876647949219
15.83001708984375 11.331803321838379 91.79788208007812
16.019834518432617 11.351045608520508 91.70769500732422
-0.18516412377357483 9.406771659851074 91.3255386352539
-0.18517059087753296 9.407485961914062 91.32565307617188
-0.18651553988456726 9.469765663146973 91.33716583251953
16.814016342163086 11.58945083618164 91.108154296875
16.51739501953125 11.54262924194336 91.26850128173828
16.57890510559082 11.505785942077637 91.30484008789062
15.248126029968262 11.15553092956543 92.23885345458984
15.4757719039917 11.209258079528809 92.08747863769531
15.457317352294922 11.254707336425781 92.0286865234375
11.337811470031738 9.690691947937012 92.99726104736328
11.23280143737793 9.729109764099121 93.0809555053711
11.323321342468262 9.802505493164062 93.03166198730469
16.87103843688965 11.649965286254883 90.99562072753906
16.897493362426758 11.62697696685791 91.02570343017578
16.905925750732422 11.61921215057373 91.0351333618164
-0.1894279420375824 9.233291625976562 91.31297302246094
-0.19409415125846863 9.167043685913086 91.31555938720703
-0.2002350389957428 9.102849006652832 91.32201385498047
11.261382102966309 9.623541831970215 93.04457092285156
11.105378150939941 9.630058288574219 93.15657806396484
-0.2050386369228363 9.061612129211426 91.3282470703125
-0.19598615169525146 9.145386695861816 91.31729888916016
-0.21038374304771423 9.02142333984375 91.3359375
17.326557159423828 10.639792442321777 91.28812408447266
17.31088638305664 10.772397994995117 91.3139877319336
17.321786880493164 10.690710067749023 91.29987335205078
11.033941268920898 9.515008926391602 93.19824981689453
11.069076538085938 9.349069595336914 93.18849182128906
10.973167419433594 9.402623176574707 93.24365234375
11.329672813415527 9.924976348876953 93.07298278808594
11.26947021484375 10.00694465637207 93.16862487792969
11.383676528930664 10.108940124511719 93.14376831054688
15.992547988891602 11.180533409118652 91.91143035888672
16.22720718383789 11.233935356140137 91.75570678710938
16.146007537841797 11.287641525268555 91.7366943359375
12.10542106628418 10.630075454711914 93.23389434814453
11.900261878967285 10.490705490112305 93.11442565917969
11.88607406616211 10.580825805664062 93.41498565673828
14.823759078979492 10.743927001953125 92.82972717285156
14.780981063842773 10.8480806350708 92.76805114746094
14.607651710510254 10.72299575805664 92.95376586914062
-0.2177550494670868 8.972792625427246 91.34744262695312
-0.21534568071365356 8.9879732131958 91.34358215332031
11.011631965637207 9.255757331848145 93.2457504272461
10.897937774658203 9.352270126342773 93.2988052368164
14.303543090820312 10.648417472839355 93.16099548339844
14.267424583435059 10.50390338897705 93.27435302734375
-0.19952547550201416 9.10948371887207 91.32115936279297
-0.21819469332695007 8.970088958740234 91.34815216064453
11.636788368225098 8.622417449951172 93.52714538574219
11.445069313049316 8.699440956115723 93.44178009033203
11.639546394348145 8.747578620910645 93.30953216552734
14.204216003417969 9.688899040222168 93.3814926147461
13.948891639709473 9.571062088012695 93.5315170288086
14.046348571777344 9.449821472167969 93.36814880371094
16.16384506225586 11.1519193649292 91.85668182373047
15.96635913848877 11.166972160339355 91.93592834472656
16.01201820373535 11.094799041748047 91.9759292602539
15.372325897216797 10.908101081848145 92.43446350097656
15.161028861999512 10.886076927185059 92.55564880371094
15.333059310913086 10.827131271362305 92.51016235351562
-0.20669808983802795 9.048588752746582 91.33055877685547
0.947044849395752 9.191337585449219 91.77960205078125
-0.19046634435653687 9.21627140045166 91.31324768066406
0.796144962310791 9.31564712524414 91.72367095947266
1.326948642730713 9.283462524414062 91.9414291381836
1.1363705396652222 9.303627967834473 91.86426544189453
1.2957628965377808 9.371211051940918 91.94239044189453
13.830137252807617 9.382533073425293 93.50586700439453
11.00959300994873 9.6768217086792 93.23509979248047
10.934097290039062 9.790750503540039 93.32926940917969
11.012601852416992 9.81645393371582 93.2778549194336
11.9232177734375 8.682771682739258 93.35623931884766
12.309812545776367 8.668708801269531 93.45462799072266
11.843770980834961 8.573805809020996 93.66767883300781
11.315581321716309 10.189271926879883 93.28374481201172
11.167325019836426 10.087071418762207 93.32044219970703
11.159613609313965 10.220741271972656 93.48008728027344
13.842236518859863 9.676142692565918 93.65899658203125
13.749014854431152 9.501728057861328 93.65861511230469
14.022953033447266 9.76391887664795 93.54679870605469
13.87954044342041 9.83723258972168 93.66510772705078
1.903466820716858 9.546526908874512 92.26221466064453
2.2573776245117188 9.559650421142578 92.42375183105469
2.1475045680999756 9.441563606262207 92.32487487792969
1.9048912525177002 9.691471099853516 92.34793090820312
13.581371307373047 10.477212905883789 93.64855194091797
13.327432632446289 10.421013832092285 93.81681060791016
13.527067184448242 10.32502269744873 93.77831268310547
13.664953231811523 10.013423919677734 93.80706024169922
13.867820739746094 9.985586166381836 93.67650604248047
13.828938484191895 10.133957862854004 93.6786117553711
11.218785285949707 10.387958526611328 93.76680755615234
11.361897468566895 10.380144119262695 93.5406494140625
1.8952336311340332 8.91614055633545 92.19886779785156
1.6195465326309204 8.86610221862793 92.1047592163086
1.7470532655715942 9.027029037475586 92.11753845214844
13.763784408569336 10.287368774414062 93.66502380371094
13.615041732788086 10.160430908203125 93.80208587646484
1.9146493673324585 9.11429500579834 92.1778335571289
2.335186004638672 8.964421272277832 92.36408996582031
10.91544246673584 8.604981422424316 93.75196838378906
10.724541664123535 8.566726684570312 93.87030792236328
10.747151374816895 8.688374519348145 93.72463989257812
13.352614402770996 9.49409294128418 93.97443389892578
13.621729850769043 9.597650527954102 93.80289459228516
13.53506088256836 9.715332984924316 93.89694213867188
11.058232307434082 10.224652290344238 93.59439086914062
11.113734245300293 10.348496437072754 93.79569244384766
-0.42173463106155396 8.392877578735352 91.76707458496094
-0.3299681544303894 8.561532020568848 91.56608581542969
-0.38430848717689514 8.451056480407715 91.68370056152344
1.86324942111969 8.735506057739258 92.25279998779297
10.353442192077637 9.452364921569824 93.674560546875
10.378809928894043 9.243908882141113 93.65262603759766
10.189931869506836 9.333500862121582 93.77890014648438
11.248120307922363 10.440156936645508 94.02507019042969
11.4432954788208 10.48802375793457 94.05677032470703
13.445910453796387 9.860644340515137 93.96721649169922
13.186683654785156 9.920286178588867 94.1307601928711
13.098592758178711 9.74986457824707 94.20641326904297
-0.6454626321792603 10.209175109863281 92.55171966552734
-0.826363205909729 9.912835121154785 92.95270538330078
-0.7418286204338074 10.091172218322754 92.77059936523438
9.992938995361328 9.22044563293457 93.91303253173828
9.901382446289062 9.342442512512207 93.98556518554688
0.99552321434021 8.473246574401855 92.12813568115234
1.47014582157135 8.396465301513672 92.38301086425781
1.0749279260635376 8.30622673034668 92.39204406738281
3.450937509536743 8.693525314331055 92.88509368896484
3.5886192321777344 8.813591003417969 92.89755249023438
3.5929980278015137 8.62932300567627 92.96967315673828
10.23830795288086 8.470571517944336 94.17149353027344
10.178394317626953 8.61904525756836 94.0473861694336
10.405346870422363 8.569664001464844 93.99260711669922
1.8030942678451538 8.521513938903809 92.37086486816406
1.8338606357574463 8.307844161987305 92.6297836303711
10.587738037109375 8.416620254516602 94.13536071777344
10.611859321594238 8.322006225585938 94.3286361694336
10.38327407836914 8.353350639343262 94.29638671875
9.75571346282959 9.175506591796875 94.07575225830078
11.80500602722168 8.749093055725098 94.76751708984375
11.868143081665039 8.997421264648438 94.93257141113281
11.666440963745117 8.838281631469727 94.99256134033203
-0.41248100996017456 10.217923164367676 91.98596954345703
-0.4549315869808197 10.245732307434082 92.09294128417969
-0.5179029703140259 10.261493682861328 92.24825286865234
-0.8327184319496155 8.462690353393555 92.77635192871094
-0.8764004111289978 8.57752513885498 92.89783477783203
-0.8832850456237793 8.600360870361328 92.9176025390625
10.264636039733887 9.836661338806152 93.92030334472656
10.129353523254395 9.870636940002441 94.0771255493164
10.381147384643555 9.982917785644531 93.95951843261719
12.231133460998535 10.153481483459473 94.5625228881836
12.308512687683105 10.029206275939941 94.60840606689453
12.424392700195312 10.136631965637207 94.47882843017578
10.813531875610352 8.303656578063965 94.41967010498047
10.80119514465332 8.269901275634766 94.64402770996094
10.652749061584473 8.26163101196289 94.5369873046875
5.383352279663086 8.729255676269531 93.63166809082031
5.403223037719727 8.9392671585083 93.61109924316406
5.77288293838501 8.870613098144531 93.76531219482422
11.87454891204834 9.246905326843262 95.0277328491211
11.753501892089844 9.09712028503418 95.07484436035156
11.52513313293457 10.395638465881348 94.47889709472656
11.368712425231934 10.35127067565918 94.59801483154297
11.589217185974121 10.321229934692383 94.61724853515625
11.7473726272583 10.360564231872559 94.50958251953125
11.679909706115723 10.261994361877441 94.68058013916016
-0.856621265411377 8.519926071166992 92.84208679199219
-0.8755226135253906 8.574728012084961 92.89532470703125
-0.8158829212188721 8.428727149963379 92.73089599609375
-0.6191566586494446 10.229104042053223 92.49034881591797
-0.7447209358215332 10.086402893066406 92.77700805664062
-0.6458650827407837 10.156801223754883 92.68236541748047
12.406906127929688 9.556556701660156 94.68146514892578
12.385300636291504 9.692190170288086 94.68547058105469
11.830855369567871 9.646112442016602 95.04649353027344
11.700440406799316 9.592672348022461 95.14119720458984
11.612146377563477 9.471566200256348 95.21998596191406
11.828234672546387 9.475356101989746 95.0766372680664
10.410046577453613 10.134980201721191 94.18180847167969
10.251492500305176 10.14380168914795 94.429931640625
10.536150932312012 10.253400802612305 94.42745971679688
12.257357597351074 9.776155471801758 94.74742889404297
12.490234375 9.823103904724121 94.59085845947266
-0.91018146276474 8.709441184997559 92.99748229980469
-0.9146294593811035 8.731728553771973 93.0112533569336
-0.9032458066940308 8.677569389343262 92.97638702392578
-0.9180939197540283 8.750283241271973 93.02213287353516
-0.9010316729545593 8.668031692504883 92.96974182128906
10.655837059020996 8.234185218811035 94.73078918457031
10.817285537719727 8.276853561401367 94.8569564819336
10.631621360778809 8.226560592651367 94.93990325927734
9.03187370300293 9.24417781829834 94.61087036132812
9.310652732849121 9.268540382385254 94.40640258789062
9.09235954284668 9.114577293395996 94.53770446777344
9.879802703857422 9.725404739379883 94.17279052734375
9.682827949523926 9.723454475402832 94.3495101928711
9.845792770385742 9.847355842590332 94.32637786865234
11.042708396911621 10.340400695800781 94.6141586303711
10.84770679473877 10.2701997756958 94.82023620605469
11.155674934387207 10.298051834106445 94.7431411743164
11.640326499938965 9.976264953613281 94.9901351928711
12.07819652557373 10.052508354187012 94.71432495117188
11.636893272399902 10.09414291381836 94.89088439941406
0.359579861164093 8.230268478393555 92.85270690917969
0.9599971175193787 8.180109024047852 92.95391845703125
0.8580161929130554 8.242709159851074 93.2103500366211
3.1486709117889404 8.074319839477539 93.60086059570312
2.8091883659362793 8.123689651489258 93.32360076904297
3.3211658000946045 8.145163536071777 93.39646911621094
5.866972923278809 8.191075325012207 94.14952850341797
5.452424049377441 8.306135177612305 93.885498046875
5.883695602416992 8.358530044555664 94.00103759765625
6.1672186851501465 9.151930809020996 93.95511627197266
-0.007492721080780029 8.464027404785156 93.17888641357422
-0.40754735469818115 8.373015403747559 92.8375244140625
0.140567347407341 8.323195457458496 93.02104187011719
6.8744072914123535 8.375916481018066 94.36007690429688
6.712630271911621 8.259722709655762 94.38418579101562
-0.9125946760177612 8.721333503723145 93.00492858886719
-0.91484534740448 8.7328519821167 93.01192474365234
5.9064836502075195 9.1973295211792 93.85673522949219
6.081674098968506 9.390955924987793 94.01703643798828
6.926423072814941 8.135307312011719 94.58284759521484
5.166131019592285 9.728882789611816 93.8963623046875
5.261820316314697 9.829564094543457 94.10562133789062
5.586703300476074 9.698803901672363 94.05988311767578
11.527411460876465 9.30052375793457 95.28450775146484
11.48138427734375 9.497416496276855 95.30029296875
11.285093307495117 9.420403480529785 95.43998718261719
7.165161609649658 8.232674598693848 94.57223510742188
7.356775760650635 8.093852043151855 94.78081512451172
2.4649667739868164 8.134087562561035 93.7995376586914
2.958763360977173 8.073851585388184 93.80906677246094
2.959097146987915 8.116350173950195 94.03529357910156
1.7224558591842651 8.281277656555176 93.75772094726562
1.3633763790130615 8.405734062194824 93.7623291015625
1.2111741304397583 8.276506423950195 93.4855728149414
8.922087669372559 8.38278579711914 94.84730529785156
9.109015464782715 8.215909957885742 94.91202545166016
8.91352367401123 8.23962688446045 94.97045135498047
9.048556327819824 8.092731475830078 95.09087371826172
8.865252494812012 8.123222351074219 95.11566925048828
0.5057291984558105 8.46980094909668 93.43033599853516
0.87073814868927 8.588203430175781 93.71099090576172
10.963918685913086 9.209012985229492 95.67214965820312
11.107254028320312 9.09843921661377 95.56314086914062
11.11854076385498 9.333425521850586 95.560546875
11.088945388793945 9.627710342407227 95.49492645263672
11.100199699401855 9.50903034210205 95.53449249267578
11.25858211517334 9.578715324401855 95.41578674316406
2.0952539443969727 8.227351188659668 93.84662628173828
1.9668933153152466 8.367681503295898 94.00398254394531
2.207515001296997 8.366493225097656 94.11717224121094
5.8231706619262695 7.921696662902832 94.75211334228516
5.8692426681518555 7.975286960601807 94.5245361328125
6.753624439239502 7.901612281799316 94.97240447998047
10.60191535949707 8.296830177307129 95.32745361328125
10.688336372375488 8.481985092163086 95.55221557617188
10.466958999633789 8.302779197692871 95.51184844970703
10.976190567016602 9.57186222076416 95.5845718383789
8.867851257324219 8.006058692932129 95.27774047851562
8.986930847167969 7.921932220458984 95.42028045654297
8.80669116973877 7.994027614593506 95.31428527832031
1.9805502891540527 8.525404930114746 94.16515350341797
10.820770263671875 9.495508193969727 95.70639038085938
10.95560073852539 9.412589073181152 95.6507339477539
9.815892219543457 10.08083438873291 95.06666564941406
9.575016975402832 10.018474578857422 95.31407165527344
9.930258750915527 10.082010269165039 95.28225708007812
9.493664741516113 7.950482368469238 95.44129180908203
9.701354026794434 7.995297431945801 95.36510467529297
9.679688453674316 7.991060256958008 95.64828491210938
10.744621276855469 8.894204139709473 95.7855453491211
10.703496932983398 8.693032264709473 95.7255630493164
10.789164543151855 8.714587211608887 95.66671752929688
9.952479362487793 8.14380931854248 95.80029296875
9.675385475158691 8.030876159667969 95.8661880493164
10.450628280639648 8.695636749267578 95.93682098388672
10.528487205505371 8.49875259399414 95.72509002685547
10.650850296020508 9.431159973144531 95.8310546875
10.673158645629883 9.572534561157227 95.7558822631836
10.61287784576416 9.511131286621094 95.82020568847656
10.647297859191895 9.715996742248535 95.67935180664062
10.558663368225098 9.629244804382324 95.78461456298828
6.028234004974365 7.9499664306640625 95.29814910888672
5.412411689758301 8.021051406860352 95.15160369873047
5.620675563812256 7.9397149085998535 94.98860168457031
-0.9268617033958435 9.495357513427734 93.14202880859375
-0.931193470954895 9.462246894836426 93.14818572998047
-0.9177004098892212 9.556248664855957 93.12779235839844
9.509336471557617 9.974937438964844 95.57606506347656
9.393348693847656 9.973877906799316 95.40675354003906
9.332786560058594 9.939277648925781 95.64893341064453
2.802262544631958 8.509557723999023 94.52457427978516
3.1521730422973633 8.34790325164795 94.542236328125
3.3918280601501465 8.522361755371094 94.79749298095703
10.460333824157715 8.931187629699707 96.00663757324219
10.32674789428711 8.752412796020508 96.06012725830078
0.13537457585334778 9.54110336303711 93.54559326171875
-0.5004584789276123 9.681241035461426 93.23664855957031
-0.5232178568840027 9.57045841217041 93.27737426757812
0.7229538559913635 9.596903800964355 93.74854278564453
-0.5052711963653564 9.660090446472168 93.24555969238281
9.349007606506348 7.916867256164551 95.94575500488281
9.445752143859863 7.933731555938721 95.82408905029297
9.539460182189941 8.026347160339355 96.0500259399414
3.5812418460845947 8.714905738830566 94.9738540649414
4.199888229370117 8.49064826965332 95.1373062133789
4.140745162963867 8.871819496154785 95.24726867675781
4.253859519958496 8.69194221496582 95.25484466552734
3.240084171295166 8.914839744567871 94.8763656616211
3.1919972896575928 9.119762420654297 94.86082458496094
2.663189172744751 9.028608322143555 94.6463623046875
3.312150239944458 9.618131637573242 94.71161651611328
3.3283376693725586 9.495497703552246 94.79805755615234
3.3563365936279297 9.574148178100586 94.7598648071289
8.939502716064453 7.749102592468262 96.03570556640625
8.80150318145752 7.731389045715332 96.02645111083984
8.841474533081055 7.7644734382629395 95.92684173583984
8.972189903259277 7.791514873504639 95.92864227294922
10.303648948669434 9.381291389465332 96.05509185791016
10.295442581176758 9.247751235961914 96.1036148071289
10.512147903442383 9.318527221679688 95.95063018798828
-0.950941264629364 9.13403606414795 93.15282440185547
-0.9500406384468079 9.073575019836426 93.14263916015625
-0.9508947134017944 9.158920288085938 93.156005859375
4.213864326477051 9.026729583740234 95.28334045410156
4.779247283935547 9.006606101989746 95.51512145996094
4.439540863037109 9.141402244567871 95.36123657226562
5.125640869140625 9.698999404907227 95.28287506103516
4.817591667175293 9.6354341506958 95.24439239501953
5.797023773193359 9.635156631469727 95.59102630615234
6.15006685256958 8.330464363098145 95.90250396728516
6.147937774658203 8.498126983642578 95.99815368652344
5.691259860992432 8.47097110748291 95.7852783203125
9.288618087768555 7.84266996383667 96.18323516845703
9.20721435546875 7.85203218460083 96.03482055664062
9.337850570678711 7.925919055938721 96.07002258300781
9.021650314331055 7.742924690246582 96.12071990966797
9.161466598510742 7.791771411895752 96.13200378417969
9.122393608093262 7.699537754058838 96.34754943847656
5.729621410369873 8.663625717163086 95.87667846679688
5.6727142333984375 8.87183666229248 95.88343048095703
5.671323776245117 8.812045097351074 95.87889862060547
9.01692008972168 7.664573669433594 96.36095428466797
8.93242073059082 7.632906913757324 96.41647338867188
8.868950843811035 7.706384658813477 96.13735961914062
5.788055419921875 9.531744956970215 95.69005584716797
5.7629265785217285 9.454647064208984 95.74100494384766
5.794471740722656 9.54945182800293 95.67678833007812
9.036754608154297 9.643281936645508 96.37938690185547
9.153965950012207 9.578984260559082 96.47113037109375
9.628647804260254 9.68288516998291 96.16798400878906
6.227552890777588 8.929028511047363 96.1102523803711
6.13730525970459 9.062481880187988 96.05636596679688
5.683828830718994 9.038726806640625 95.87845611572266
9.795384407043457 9.615845680236816 96.16864013671875
9.256345748901367 9.507628440856934 96.59123992919922
9.882058143615723 9.536968231201172 96.19436645507812
6.7985711097717285 8.671159744262695 96.3307876586914
6.685792446136475 8.8403959274292 96.30026245117188
6.319145679473877 8.768028259277344 96.14422607421875
9.346595764160156 9.452844619750977 96.5665512084961
7.8635711669921875 8.209135055541992 96.49601745605469
7.819840431213379 8.36732292175293 96.64990234375
7.301725387573242 8.34286117553711 96.42462921142578
9.941597938537598 9.405466079711914 96.24885559082031
8.787077903747559 7.569355487823486 96.63665771484375
8.91169548034668 7.557063579559326 96.67819213867188
8.805968284606934 7.543674945831299 96.73439025878906
8.87016773223877 7.530858039855957 96.77374267578125
8.986115455627441 7.542097091674805 96.75148010253906
7.941323757171631 9.06193733215332 96.869873046875
7.979412078857422 9.12741756439209 96.87101745605469
6.600740909576416 9.1657075881958 96.21141815185547
8.289627075195312 9.461786270141602 96.79891204833984
8.26108169555664 9.415323257446289 96.87097930908203
8.40389347076416 9.496193885803223 96.86128997802734
8.4373140335083 7.600045680999756 96.98795318603516
8.548462867736816 7.545848369598389 97.00231170654297
8.44351577758789 7.5825514793396 97.08474731445312
8.836030006408691 9.528949737548828 97.04045104980469
8.69604778289795 9.528326034545898 97.0106201171875
8.698896408081055 9.493107795715332 97.13107299804688
8.911670684814453 7.483485698699951 96.95271301269531
9.030281066894531 7.471508502960205 97.01358795166016
8.890689849853516 7.46185827255249 97.03947448730469
8.239123344421387 9.260018348693848 97.1956558227539
8.334393501281738 9.283235549926758 97.31214904785156
8.33875846862793 9.343637466430664 97.17188262939453
7.982530117034912 8.708146095275879 97.42662811279297
8.018747329711914 8.679909706115723 97.5783462524414
8.057294845581055 8.8443021774292 97.510986328125
9.420276641845703 9.317827224731445 97.2762222290039
9.364013671875 9.319967269897461 97.45928955078125
9.501206398010254 9.250139236450195 97.4072494506836
9.267735481262207 9.399020195007324 97.24018859863281
9.20053482055664 9.387616157531738 97.42277526855469
9.092721939086914 9.387880325317383 97.53001403808594
8.985295295715332 9.474236488342285 97.22374725341797
8.935149192810059 9.424410820007324 97.43524932861328
9.332352638244629 9.3055419921875 97.62081909179688
9.23299503326416 9.350103378295898 97.56233978271484
9.164649963378906 9.34264850616455 97.67476654052734
9.259692192077637 9.307965278625488 97.73279571533203
9.439786911010742 9.248570442199707 97.67790222167969
9.541788101196289 9.195938110351562 97.63435363769531
9.399462699890137 9.26546859741211 97.6911392211914
8.177988052368164 7.803046703338623 97.75572204589844
8.261425971984863 7.685478687286377 97.87664794921875
8.114655494689941 7.972046852111816 97.91998291015625
9.577933311462402 7.506109237670898 97.47583770751953
9.60954475402832 7.4384284019470215 97.69314575195312
9.489288330078125 7.4473724365234375 97.49295806884766
8.324300765991211 7.606581687927246 98.02379608154297
8.166011810302734 7.87044620513916 98.02713012695312
9.2139892578125 7.24191951751709 97.88005828857422
9.169034957885742 7.215206146240234 97.96776580810547
9.088894844055176 7.232546329498291 97.90473937988281
8.577242851257324 9.121683120727539 98.09642791748047
8.552061080932617 9.080588340759277 98.16156768798828
8.68864631652832 9.15860652923584 98.14614868164062
9.401815414428711 7.260835647583008 97.92918395996094
9.50421142578125 7.290201187133789 97.94419860839844
9.467572212219238 7.259908676147461 97.99300384521484
8.140149116516113 8.312826156616211 98.28549194335938
8.196247100830078 8.48212718963623 98.37667846679688
8.182692527770996 8.545435905456543 98.2658462524414
8.99531364440918 9.22551441192627 98.17437744140625
8.948683738708496 9.237297058105469 98.11670684814453
8.848450660705566 9.194358825683594 98.19808959960938
9.608570098876953 9.092555046081543 98.11499786376953
9.554319381713867 9.13571834564209 98.02899169921875
9.46796989440918 9.16019344329834 98.13452911376953
8.788323402404785 7.240257740020752 98.18496704101562
8.813654899597168 7.202958106994629 98.33930969238281
8.731218338012695 7.240260124206543 98.3560791015625
8.712836265563965 9.07630443572998 98.40345764160156
8.903550148010254 9.03991985321045 98.72030639648438
8.848820686340332 9.124007225036621 98.41573333740234
9.821125030517578 7.396707057952881 98.16029357910156
9.852463722229004 7.494606018066406 98.0152816772461
9.927447319030762 7.502047538757324 98.1650161743164
8.707202911376953 7.244654178619385 98.42137908935547
8.792806625366211 7.203611373901367 98.39189147949219
9.523136138916016 9.056731224060059 98.58993530273438
9.279062271118164 9.179862976074219 98.30595397949219
9.372873306274414 9.089649200439453 98.63133239746094
8.932716369628906 8.982559204101562 98.91986846923828
9.079832077026367 9.026093482971191 98.89517211914062
9.210723876953125 9.04447078704834 98.87155151367188
9.217598915100098 9.098214149475098 98.66738891601562
9.066366195678711 9.082978248596191 98.6962661743164
9.311392784118652 9.011738777160645 98.99066162109375
9.472333908081055 9.00248908996582 98.9343490600586
9.367952346801758 9.043548583984375 98.83709716796875
8.695412635803223 8.8132905960083 99.0453872680664
8.760771751403809 8.8291597366333 99.11516571044922
8.845402717590332 8.898021697998047 99.05927276611328
9.314772605895996 7.019819259643555 98.7056884765625
9.241442680358887 7.047308921813965 98.60511779785156
9.367157936096191 7.051120281219482 98.600341796875
9.844393730163574 7.189681053161621 98.68226623535156
9.754384994506836 7.177850723266602 98.57303619384766
9.856426239013672 7.242493629455566 98.57628631591797
9.479031562805176 8.94891357421875 99.1715087890625
9.650151252746582 8.916879653930664 99.09458923339844
9.545811653137207 8.970541954040527 98.99676513671875
8.537839889526367 8.549715042114258 99.26469421386719
8.509550094604492 8.470939636230469 99.32711791992188
8.577875137329102 8.535901069641113 99.38587188720703
10.15696907043457 8.524110794067383 99.14282989501953
9.93661117553711 8.754352569580078 99.09358978271484
10.094465255737305 8.597628593444824 99.29705047607422
9.96828842163086 7.194815158843994 98.88783264160156
9.894962310791016 7.1885576248168945 98.77009582519531
10.021599769592285 7.281805992126465 98.8073501586914
10.137430191040039 7.396355152130127 98.85880279541016
10.216216087341309 7.486908912658691 98.92694854736328
10.188697814941406 7.405018329620361 98.97642517089844
10.33849048614502 7.833080768585205 99.01564025878906
10.340921401977539 8.050102233886719 99.05802917480469
10.377004623413086 7.814976692199707 99.18443298339844
9.941121101379395 8.701515197753906 99.54251098632812
9.795337677001953 8.77038288116455 99.59245300292969
9.980447769165039 8.661515235900879 99.66069793701172
9.992756843566895 7.168687343597412 98.99220275878906
9.87966537475586 7.097846984863281 98.9650650024414
10.386717796325684 8.005941390991211 99.27787780761719
10.416625022888184 7.857266902923584 99.36186981201172
10.327726364135742 8.251794815063477 99.36299896240234
10.289142608642578 8.350458145141602 99.52726745605469
10.389930725097656 8.110143661499023 99.44794464111328
10.330303192138672 7.502939224243164 99.2489013671875
10.385367393493652 7.659928321838379 99.2911376953125
10.387017250061035 7.563711166381836 99.37400817871094
10.351255416870117 8.2516450881958 99.61772155761719
9.756156921386719 7.061399459838867 98.88571166992188
9.762126922607422 7.014542579650879 99.02275848388672
10.124480247497559 7.186122417449951 99.22053527832031
10.149466514587402 7.308316707611084 99.04351806640625
10.203437805175781 7.277483940124512 99.22935485839844
10.433691024780273 7.971090316772461 99.51504516601562
9.077821731567383 6.9817938804626465 99.01419830322266
9.000807762145996 6.989701271057129 99.11722564697266
8.956172943115234 7.026213645935059 99.0150146484375
9.845272064208984 6.984894752502441 99.20875549316406
9.737483024597168 6.934847831726074 99.22456359863281
8.921985626220703 7.013420581817627 99.19882202148438
9.034192085266113 6.960094928741455 99.20865631103516
8.886680603027344 7.024934768676758 99.25790405273438
8.444366455078125 7.819634914398193 99.70037078857422
8.443209648132324 7.9597039222717285 99.67227172851562
8.422414779663086 7.810709476470947 99.59178924560547
8.513143539428711 8.199962615966797 99.72059631347656
8.553824424743652 8.244956016540527 99.78724670410156
8.55147933959961 8.279151916503906 99.73319244384766
9.376961708068848 6.91018009185791 99.12086486816406
9.43505859375 6.86720085144043 99.28264617919922
9.27641487121582 6.873202800750732 99.30858612060547
10.193394660949707 8.439565658569336 100.30218505859375
10.022340774536133 8.53887939453125 100.36566925048828
10.107131958007812 8.483887672424316 100.42633056640625
8.45221996307373 7.604179382324219 99.56646728515625
8.468557357788086 7.641555309295654 99.7260513305664
9.32394790649414 6.837765693664551 99.43075561523438
9.114415168762207 6.904211044311523 99.35203552246094
9.045575141906738 6.9157280921936035 99.43666076660156
8.945862770080566 6.970675468444824 99.40254974365234
8.758942604064941 8.438363075256348 99.9843978881836
8.68517017364502 8.34220027923584 99.9918212890625
8.75936222076416 8.405054092407227 100.05077362060547
9.17545223236084 6.877274513244629 99.39260864257812
9.504063606262207 6.834771633148193 99.40896606445312
9.4168119430542 6.796045303344727 99.56253051757812
8.477106094360352 7.810464382171631 99.85249328613281
8.50677490234375 7.80001974105835 99.98706817626953
8.522096633911133 7.956007957458496 99.983642578125
9.279153823852539 6.809106349945068 99.59343719482422
9.170116424560547 6.849906921386719 99.53844451904297
8.579145431518555 8.034296989440918 100.11866760253906
8.571081161499023 8.107215881347656 100.01296997070312
9.851461410522461 6.855985641479492 99.57477569580078
9.77031135559082 6.783135414123535 99.7152099609375
9.68732738494873 6.801911354064941 99.59619140625
8.862348556518555 6.988309860229492 99.7340316772461
8.855937957763672 6.986055850982666 99.8258056640625
8.714273452758789 7.132979869842529 99.86001586914062
10.582280158996582 7.900295257568359 100.39042663574219
10.483476638793945 8.119124412536621 100.48235321044922
10.595927238464355 7.892985820770264 100.47949981689453
8.572854995727539 7.6554436683654785 100.28968811035156
8.602690696716309 7.727803707122803 100.41867065429688
8.590131759643555 7.826984405517578 100.32508850097656
8.602399826049805 7.547933578491211 100.39950561523438
8.766663551330566 8.132560729980469 100.55017852783203
8.845640182495117 8.190635681152344 100.65235137939453
8.825618743896484 8.216654777526855 100.55730438232422
8.590200424194336 7.465479373931885 100.24845886230469
8.639871597290039 7.3484930992126465 100.37096405029297
8.649882316589355 7.421115398406982 100.55928802490234
8.700026512145996 7.231886386871338 100.52106475830078
8.68222427368164 7.36653995513916 100.68920135498047
10.73777961730957 7.313253402709961 100.86421203613281
10.676334381103516 7.145233631134033 100.76920318603516
10.698407173156738 7.313773155212402 100.70790100097656
10.700552940368652 7.561469554901123 100.68051147460938
10.732664108276367 7.513747692108154 100.82466125488281
8.660778999328613 7.581753253936768 100.69659423828125
8.692992210388184 7.564527988433838 100.84380340576172
8.705282211303711 7.759332180023193 100.8068618774414
8.763010025024414 7.848713397979736 100.92337799072266
8.745267868041992 7.906628131866455 100.80058288574219
8.761197090148926 7.1565046310424805 100.79845428466797
8.70851993560791 7.352877616882324 100.83219909667969
8.734601974487305 7.189470291137695 100.67855072021484
9.697185516357422 6.485180854797363 100.73182678222656
9.699216842651367 6.509801864624023 100.6353988647461
9.815326690673828 6.494640350341797 100.70175170898438
10.118184089660645 6.442707538604736 101.06168365478516
10.237506866455078 6.484776973724365 101.07479858398438
10.207663536071777 6.4298481941223145 101.19231414794922
10.353599548339844 8.222996711730957 101.24790954589844
10.229379653930664 8.305888175964355 101.19501495361328
10.293590545654297 8.251174926757812 101.32772064208984
10.536849021911621 6.64119291305542 101.20482635498047
10.524870872497559 6.666510581970215 101.12760925292969
10.629262924194336 6.758217811584473 101.1893081665039
10.766559600830078 7.697484970092773 101.30111694335938
10.684076309204102 7.859531402587891 101.23681640625
10.667498588562012 7.898843765258789 101.38155364990234
10.557748794555664 6.6010541915893555 101.33147430419922
10.648628234863281 6.730214595794678 101.28621673583984
9.112828254699707 8.242781639099121 101.11024475097656
9.115470886230469 8.1996488571167 101.21244049072266
9.199563980102539 8.266924858093262 101.20287322998047
9.171563148498535 8.20284366607666 101.30782318115234
9.86724853515625 8.359492301940918 101.45203399658203
9.865029335021973 8.348736763000488 101.49568939208984
9.986191749572754 8.34037971496582 101.46711730957031
10.572551727294922 6.5009074211120605 101.57508850097656
10.450371742248535 6.43800687789917 101.50416564941406
10.557472229003906 6.547019004821777 101.44546508789062
10.454864501953125 8.114949226379395 101.57304382324219
10.386700630187988 8.163202285766602 101.56443786621094
10.365474700927734 8.167080879211426 101.6342544555664
10.677398681640625 6.57334041595459 101.6446304321289
10.660364151000977 6.621572017669678 101.5135498046875
10.760963439941406 6.710291862487793 101.60504150390625
10.78902530670166 7.71118688583374 101.5797348022461
10.695301055908203 7.866591930389404 101.5383071899414
10.719825744628906 7.836914539337158 101.65364074707031
9.122980117797852 8.119074821472168 101.40315246582031
9.156776428222656 8.100597381591797 101.5097427368164
9.238133430480957 8.190804481506348 101.45101928710938
9.91565990447998 8.328349113464355 101.5618667602539
9.96151351928711 8.300801277160645 101.65540313720703
10.06804084777832 8.301087379455566 101.56554412841797
10.623729705810547 7.9572577476501465 101.63941955566406
10.221352577209473 6.212516784667969 101.85855102539062
10.366844177246094 6.265259265899658 101.84194946289062
10.3176908493042 6.144837379455566 102.14694213867188
10.536145210266113 8.039762496948242 101.68418884277344
10.600905418395996 7.9744086265563965 101.78479766845703
10.442288398742676 6.19353723526001 102.1327133178711
10.319944381713867 6.145557403564453 102.14664459228516
9.01667594909668 7.805818557739258 101.73495483398438
9.052383422851562 7.919863224029541 101.63729095458984
8.980645179748535 7.8132452964782715 101.62470245361328
9.908836364746094 6.102324962615967 102.22466278076172
9.75421142578125 6.131620407104492 102.26605987548828
9.78550910949707 6.139225006103516 102.17938232421875
10.44830322265625 6.193639278411865 102.13972473144531
10.286521911621094 6.039132118225098 102.46369171142578
10.123745918273926 6.010647773742676 102.52169799804688
10.192842483520508 6.11358118057251 102.16584014892578
10.717437744140625 6.291802406311035 102.31385803222656
10.847879409790039 6.434680938720703 102.2984848022461
10.822141647338867 6.33987283706665 102.42332458496094
10.938699722290039 6.494833469390869 102.42094421386719
10.538145065307617 6.018171310424805 102.73973846435547
10.359622955322266 5.97258996963501 102.72582244873047
10.50719928741455 6.045449256896973 102.62725830078125
10.089049339294434 8.182981491088867 102.08257293701172
10.241186141967773 8.149789810180664 102.06938171386719
10.168278694152832 8.18739128112793 101.9872817993164
10.997692108154297 7.433776378631592 102.42650604248047
10.915266990661621 7.594645977020264 102.47136688232422
10.991250991821289 7.465741157531738 102.510986328125
10.42082691192627 5.962698936462402 102.79864501953125
9.93224811553955 8.163949012756348 102.20067596435547
9.8833646774292 8.136198043823242 102.2906723022461
10.054115295410156 8.146449089050293 102.25385284423828
10.218957901000977 8.12936782836914 102.20296478271484
10.18688678741455 8.10552978515625 102.3486328125
10.327960014343262 8.077554702758789 102.29389953613281
9.20238208770752 6.5606231689453125 102.4896469116211
9.140292167663574 6.668203353881836 102.42291259765625
9.216978073120117 6.528524398803711 102.37289428710938
9.359910011291504 7.926823616027832 102.28128051757812
9.402562141418457 7.910313606262207 102.3966293334961
9.483829498291016 7.990012168884277 102.3387222290039
10.684932708740234 6.07722282409668 102.7714614868164
10.810564994812012 6.166982173919678 102.76786041259766
10.766851425170898 6.0984110832214355 102.8493423461914
9.187297821044922 7.71312952041626 102.33184814453125
9.28324031829834 7.815160751342773 102.36587524414062
9.233367919921875 7.814844608306885 102.25640106201172
10.631656646728516 6.012005805969238 102.8690414428711
9.0455961227417 7.166385173797607 102.4598159790039
9.05580997467041 6.981493949890137 102.47348022460938
9.062033653259277 7.119951248168945 102.53941345214844
10.918998718261719 6.23457670211792 102.84357452392578
9.731745719909668 8.051331520080566 102.47198486328125
9.586629867553711 7.981180191040039 102.50862121582031
9.70960521697998 8.021025657653809 102.5413589477539
10.655150413513184 7.8870530128479 102.32889556884766
10.55248737335205 7.954185485839844 102.38544464111328
10.627861022949219 7.867135047912598 102.69622039794922
10.456184387207031 8.001768112182617 102.42142486572266
10.507550239562988 7.926245212554932 102.73802947998047
10.166912078857422 5.856749534606934 103.12222290039062
10.342267990112305 5.8540143966674805 103.12400817871094
10.250794410705566 5.821755409240723 103.23893737792969
10.729113578796387 6.000063896179199 103.03466796875
10.802423477172852 6.034241199493408 103.06326293945312
10.660727500915527 5.939399242401123 103.10501098632812
10.221026420593262 8.003338813781738 102.77194213867188
10.254039764404297 8.055078506469727 102.51428985595703
10.092814445495605 8.066137313842773 102.56535339355469
10.456300735473633 5.813013553619385 103.31010437011719
10.433396339416504 5.827184677124023 103.25102996826172
10.581171035766602 5.847586154937744 103.28733825683594
9.901684761047363 5.8652801513671875 103.4303970336914
9.850142478942871 5.908926486968994 103.31084442138672
10.000938415527344 5.846292495727539 103.32495880126953
9.274312019348145 7.707549095153809 102.55316925048828
9.263238906860352 7.647246360778809 102.63508605957031
9.374978065490723 7.795705318450928 102.59765625
11.04212474822998 6.18381404876709 103.21858978271484
10.920907974243164 6.0934672355651855 103.14124298095703
11.012431144714355 6.225390911102295 103.07190704345703
10.635872840881348 7.852720260620117 102.76956176757812
10.606600761413574 7.862736225128174 102.8232650756836
10.67591381072998 7.819033145904541 102.83380889892578
9.588168144226074 6.077489376068115 103.49561309814453
9.502882957458496 6.175060272216797 103.52022552490234
9.554994583129883 6.115921974182129 103.38925170898438
9.279646873474121 6.704902172088623 103.49894714355469
9.250664710998535 6.644784927368164 103.25543975830078
9.305710792541504 6.56268310546875 103.4809341430664
11.026792526245117 7.458237648010254 102.97171020507812
10.984067916870117 7.5203094482421875 102.99742126464844
11.063976287841797 7.404168128967285 103.03992462158203
10.85689926147461 7.66358757019043 102.95569610595703
10.809405326843262 7.706948280334473 102.94881439208984
10.863499641418457 7.657395362854004 102.95262908935547
11.118030548095703 6.149855613708496 103.4609375
10.934545516967773 6.0517473220825195 103.25884246826172
9.387055397033691 7.6992902755737305 102.8222427368164
9.314532279968262 7.614742279052734 102.81797790527344
9.39316463470459 7.661715507507324 102.91056060791016
10.877429008483887 5.894089698791504 103.52816009521484
10.997901916503906 5.999671459197998 103.49554443359375
11.013961791992188 5.958434104919434 103.61675262451172
9.284574508666992 7.466343402862549 102.9874496459961
9.383423805236816 7.607627868652344 102.99341583251953
9.294731140136719 7.538674831390381 102.8994369506836
11.243313789367676 6.41547966003418 103.41918182373047
11.241276741027832 6.554597854614258 103.27429962158203
11.308717727661133 6.5581583976745605 103.52108764648438
11.133593559265137 6.059467792510986 103.66363525390625
11.105538368225098 5.961639881134033 103.7943344116211
9.484841346740723 7.731202602386475 102.95320892333984
9.494998931884766 7.693936824798584 103.05448913574219
10.936144828796387 5.876455307006836 103.66632843017578
11.02423095703125 5.851785659790039 103.87628173828125
9.349617958068848 6.694629192352295 103.85591888427734
9.340606689453125 6.613349437713623 103.76530456542969
9.368249893188477 6.530875205993652 103.83946990966797
11.092472076416016 7.388164520263672 103.4791030883789
11.046684265136719 7.444385528564453 103.29364013671875
11.009448051452637 7.489987850189209 103.33917999267578
9.920811653137207 7.747185230255127 103.5622787475586
9.777485847473145 7.765057563781738 103.34306335449219
9.781089782714844 7.676692962646484 103.58194732666016
10.762779235839844 5.7107062339782715 103.87179565429688
10.882101058959961 5.745169162750244 103.91875457763672
10.736052513122559 5.674314022064209 103.95366668701172
9.642148971557617 7.6772141456604 103.36165618896484
9.72846508026123 7.595851898193359 103.70199584960938
11.317578315734863 6.21619987487793 103.89457702636719
11.38088321685791 6.359157562255859 103.9383773803711
11.37528133392334 6.279140949249268 103.99900817871094
9.800168991088867 7.612635135650635 103.77449035644531
11.13482666015625 7.335622310638428 103.6369857788086
11.093594551086426 7.388428211212158 103.65991973876953
11.144743919372559 7.324701309204102 103.7220687866211
11.300825119018555 7.114543914794922 104.11158752441406
11.236261367797852 7.187031269073486 103.76335144042969
11.238119125366211 7.201389789581299 103.9428939819336
11.095834732055664 7.384843349456787 103.7452163696289
11.43973445892334 6.269132137298584 104.22589874267578
11.393449783325195 6.195884704589844 104.15239715576172
11.449116706848145 6.371531009674072 104.17669677734375
9.466739654541016 6.290251731872559 104.00770568847656
9.44410514831543 6.424484729766846 104.16802978515625
9.422569274902344 6.4262566566467285 104.02851104736328
11.485451698303223 6.48952579498291 104.27423858642578
10.148738861083984 5.580789566040039 104.47188568115234
10.09115219116211 5.652078628540039 104.19966125488281
10.260027885437012 5.595541477203369 104.20106506347656
10.174347877502441 7.69134521484375 103.9400634765625
10.019274711608887 7.645590782165527 103.96170806884766
10.040634155273438 7.634119987487793 104.01698303222656
11.365208625793457 6.047434329986572 104.27049255371094
11.409967422485352 6.150030612945557 104.25983428955078
11.429948806762695 6.159541130065918 104.31057739257812
11.468317031860352 6.340266227722168 104.27032470703125
11.467080116271973 6.286406517028809 104.3067855834961
11.287178039550781 7.15271520614624 104.43575286865234
11.294411659240723 7.136898517608643 104.26284790039062
11.246753692626953 7.201973915100098 104.2599105834961
10.125165939331055 7.552854537963867 104.34131622314453
10.260103225708008 7.617431163787842 104.23219299316406
10.08447265625 7.605870246887207 104.14360809326172
11.510961532592773 6.274587631225586 104.47612762451172
11.493380546569824 6.280145645141602 104.40715026855469
11.521185874938965 6.376376152038574 104.45796203613281
10.770746231079102 7.523261070251465 104.41438293457031
10.7877779006958 7.558813095092773 104.18424224853516
10.665846824645996 7.590700626373291 104.23499298095703
10.970429420471191 7.436877250671387 104.37701416015625
11.028034210205078 7.378643035888672 104.55189514160156
11.037900924682617 7.385739803314209 104.44112396240234
10.715926170349121 7.512127876281738 104.55018615722656
10.8540678024292 7.470366477966309 104.5338363647461
11.187908172607422 5.61055850982666 104.7274398803711
11.087298393249512 5.527685165405273 104.77720642089844
11.093685150146484 5.590002059936523 104.62556457519531
11.535576820373535 6.413101673126221 104.50740051269531
11.521584510803223 6.321435928344727 104.4862060546875
10.950800895690918 7.4241485595703125 104.54319763183594
10.99411392211914 7.389599800109863 104.61919403076172
11.090836524963379 7.33280086517334 104.58312225341797
11.290059089660645 5.6805033683776855 104.7610855102539
11.236724853515625 5.688507080078125 104.63868713378906
11.185855865478516 7.259176254272461 104.54297637939453
11.164755821228027 7.277167320251465 104.55451965332031
11.256426811218262 7.1891655921936035 104.50910186767578
9.66489028930664 7.213332176208496 104.38394927978516
9.743025779724121 7.300127029418945 104.38990020751953
9.749480247497559 7.327197074890137 104.34688568115234
10.293657302856445 5.432945728302002 104.97650146484375
10.08374309539795 5.539777755737305 104.9990463256836
10.181894302368164 5.499980449676514 104.87186431884766
10.267319679260254 7.528326034545898 104.53187561035156
10.167919158935547 7.5335845947265625 104.43878936767578
10.136481285095215 7.478372573852539 104.57292175292969
10.641929626464844 5.3223748207092285 105.1312026977539
10.482662200927734 5.365783214569092 105.03549194335938
10.689618110656738 5.364655494689941 104.96479034423828
10.74719524383545 5.40949821472168 104.81754302978516
10.520846366882324 5.388211250305176 104.90924072265625
10.169878959655762 5.470507621765137 105.11681365966797
9.517485618591309 6.7868194580078125 104.5281982421875
9.577802658081055 6.880671501159668 104.64288330078125
9.528045654296875 6.925806045532227 104.43152618408203
11.064929962158203 5.425261974334717 105.02631378173828
10.878593444824219 5.354741096496582 105.06849670410156
10.865995407104492 5.38818883895874 104.95166778564453
10.996912956237793 5.4516401290893555 104.873779296875
11.120512962341309 5.503383159637451 104.88778686523438
11.139349937438965 5.484980583190918 104.96265411376953
11.214804649353027 5.585870742797852 104.8321533203125
11.235230445861816 5.553130149841309 104.94470977783203
9.853689193725586 5.749166011810303 105.15511322021484
9.764045715332031 5.8908772468566895 105.17555236816406
9.79646110534668 5.825900077819824 105.06526947021484
9.665032386779785 6.082315444946289 105.03005981445312
9.699921607971191 6.035674095153809 105.17815399169922
9.659200668334961 6.190389633178711 105.19308471679688
9.603758811950684 6.922830104827881 104.67292785644531
9.64777660369873 7.01374626159668 104.67354583740234
10.07595443725586 7.396770000457764 104.72962188720703
10.255744934082031 7.480149269104004 104.67733764648438
10.084232330322266 7.417055130004883 104.68524169921875
11.526800155639648 6.675250053405762 104.57864379882812
11.496589660644531 6.7979960441589355 104.61767578125
11.544624328613281 6.649078369140625 104.65435028076172
11.44736099243164 5.779515743255615 104.9215316772461
11.482341766357422 5.877370357513428 104.85102844238281
11.530091285705566 5.917600631713867 104.9260025024414
9.650744438171387 6.605457305908203 105.15538787841797
9.660990715026855 6.704770088195801 105.10520935058594
9.575407981872559 6.602679252624512 104.86690521240234
11.432554244995117 6.949221134185791 104.6716079711914
11.382758140563965 7.0313720703125 104.70417022705078
11.46003532409668 6.903791427612305 104.71179962158203
9.68984317779541 7.042576313018799 104.74127197265625
9.951346397399902 7.295977592468262 104.79551696777344
9.94133472442627 7.331532001495361 104.69371795654297
9.835082054138184 7.227693557739258 104.73072814941406
9.799118995666504 5.872190475463867 105.47388458251953
9.754054069519043 6.006832599639893 105.51930236816406
9.73228931427002 6.060408115386963 105.47048950195312
9.714919090270996 6.3762898445129395 105.52996826171875
9.667506217956543 6.302416801452637 105.31525421142578
9.709773063659668 6.229092597961426 105.50192260742188
11.620238304138184 6.244312286376953 104.9180679321289
11.618748664855957 6.1624932289123535 104.95819091796875
11.588077545166016 6.097194194793701 104.89981842041016
10.3367280960083 7.389072418212891 105.02638244628906
10.196420669555664 7.372833728790283 104.94280242919922
10.14592170715332 7.312985420227051 105.04778289794922
10.028964042663574 7.231568813323975 105.08069610595703
10.121549606323242 7.262136459350586 105.14854431152344
9.74540901184082 6.436903476715088 105.62620544433594
9.76813793182373 6.53322696685791 105.63687896728516
9.737241744995117 6.526389122009277 105.53282165527344
9.936043739318848 7.005417346954346 105.39845275878906
9.895614624023438 7.034505844116211 105.25214385986328
9.825043678283691 6.913675308227539 105.3039779663086
10.220881462097168 7.244273662567139 105.33152770996094
10.223958015441895 7.2920074462890625 105.20345306396484
10.0936918258667 7.199370384216309 105.2648696899414
10.356030464172363 7.3180742263793945 105.26306915283203
10.427127838134766 7.300753116607666 105.37351989746094
10.631181716918945 7.277588844299316 105.54788970947266
10.667668342590332 7.322905540466309 105.3810806274414
10.50394058227539 7.283687591552734 105.478271484375
-0.2880776822566986 8.674859046936035 91.4791488647461
-0.2863779067993164 8.68014144897461 91.4757080078125
-0.29478564858436584 8.654601097106934 91.49279022216797
-0.3068239688873291 8.62042236328125 91.51756286621094
-0.2976924180984497 8.646100997924805 91.49873352050781
-0.2883971631526947 8.673872947692871 91.47978973388672
-0.28173983097076416 8.694879531860352 91.46636962890625
-0.2746120095252991 8.718505859375 91.45215606689453
-0.28005510568618774 8.700353622436523 91.46299743652344
-0.332383394241333 8.55584716796875 91.57121276855469
-0.3251951038837433 8.573009490966797 91.55599212646484
-0.32242685556411743 8.579817771911621 91.55015563964844
-0.31323686242103577 8.60325813293457 91.53089141845703
-0.2778244614601135 8.7077054977417 91.45854187011719
-0.2786635458469391 8.704925537109375 91.46021270751953
-0.27398601174354553 8.720641136169434 91.45091247558594
-0.2677333950996399 8.742535591125488 91.43859100341797
-0.2737797498703003 8.721346855163574 91.45050048828125
-0.276001900434494 8.713801383972168 91.45491027832031
-0.2598579227924347 8.77170181274414 91.42328643798828
-0.33579838275909424 8.547945976257324 91.57847595214844
-0.2837487757205963 8.688436508178711 91.47040557861328
-0.2852845788002014 8.683571815490723 91.47350311279297
-0.29598477482795715 8.651074409484863 91.4952392578125
-0.2806708514690399 8.698345184326172 91.46422576904297
-0.27310293912887573 8.72367000579834 91.44916534423828
-0.26500874757766724 8.752415657043457 91.43327331542969
-0.2690308094024658 8.73790454864502 91.4411392211914
-0.263065904378891 8.759593963623047 91.42949676513672
-0.2561652958393097 8.786051750183105 91.41619873046875
-0.2571185529232025 8.782303810119629 91.41802215576172
-0.2543153464794159 8.793416023254395 91.41267395019531
-0.3136237561702728 8.60224437713623 91.53170013427734
-0.31726258993148804 8.592827796936035 91.53931427001953
-0.3039950728416443 8.628216743469238 91.51171112060547
-0.3102089762687683 8.611276626586914 91.52458953857422
-0.28965720534324646 8.670005798339844 91.48234558105469
-0.20599833130836487 9.054014205932617 91.32957458496094
-0.20786041021347046 9.039776802062988 91.33222198486328
-0.21316084265708923 9.002311706542969 91.34016418457031
-0.2816072106361389 8.695307731628418 91.46610260009766
-0.29092082381248474 8.666160583496094 91.48491668701172
-0.284696102142334 8.685430526733398 91.4723129272461
-0.25575050711631775 8.787692070007324 91.41541290283203
-0.25988325476646423 8.771605491638184 91.42333984375
-0.2506711781024933 8.8082857131958 91.40577697753906
-0.2960852384567261 8.65078067779541 91.49544525146484
-0.3290460705757141 8.563724517822266 91.56413269042969
-0.3226470947265625 8.579272270202637 91.55062103271484
-0.31224897503852844 8.605857849121094 91.5288314819336
-0.2797855734825134 8.701234817504883 91.46245574951172
-0.2736130654811859 8.721918106079102 91.4501724243164
-0.24360626935958862 8.838610649108887 91.39259338378906
-0.2386094033718109 8.861397743225098 91.38345336914062
-0.24223408102989197 8.84475040435791 91.39006805419922
-0.2997538447380066 8.64017105102539 91.50296783447266
-0.2517014741897583 8.804031372070312 91.40771484375
-0.24917078018188477 8.814555168151855 91.4029541015625
-0.2586726248264313 8.77625846862793 91.42100524902344
-0.20140725374221802 9.092227935791016 91.32345581054688
-0.20011597871780396 9.103950500488281 91.32186889648438
-0.19694790244102478 9.135107040405273 91.31828308105469
-0.33694708347320557 8.545324325561523 91.58092498779297
-0.33380043506622314 8.552549362182617 91.57422637939453
-0.32542353868484497 8.572452545166016 91.55647277832031
-0.3046204149723053 8.626481056213379 91.51300048828125
-0.3153432309627533 8.597768783569336 91.53529357910156
-0.30501827597618103 8.625381469726562 91.51382446289062
-0.29638659954071045 8.64989948272705 91.49606323242188
-0.2862512767314911 8.680537223815918 91.47545623779297
-0.28871026635169983 8.672908782958984 91.48043060302734
-0.2922694981098175 8.662092208862305 91.48765563964844
-0.27638500928878784 8.71251392364502 91.45567321777344
-0.2693049907684326 8.736932754516602 91.44168090820312
-0.27997836470603943 8.700604438781738 91.46284484863281
-0.26655957102775574 8.746766090393066 91.43629455566406
-0.2602171003818512 8.770330429077148 91.42398071289062
-0.2577487826347351 8.779842376708984 91.41923522949219
-0.31562885642051697 8.597029685974121 91.535888671875
-0.3039998710155487 8.628203392028809 91.51171875
-0.27338871359825134 8.722687721252441 91.4497299194336
-0.24783483147621155 8.820211410522461 91.40045166015625
-0.22839805483818054 8.91213607788086 91.36531066894531
-0.21931076049804688 8.963310241699219 91.34996795654297
-0.22549030184745789 8.927802085876465 91.36031341552734
-0.2132556438446045 9.001677513122559 91.3403091430664
-0.20782887935638428 9.04001235961914 91.3321762084961
-0.20261213183403015 9.081711769104004 91.32499694824219
-0.20358893275260925 9.073456764221191 91.32628631591797
-0.3282051682472229 8.565733909606934 91.5623550415039
-0.32022932171821594 8.585304260253906 91.5455322265625
-0.29569682478904724 8.651918411254883 91.4946517944336
-0.2932692766189575 8.659100532531738 91.48969268798828
-0.299955278635025 8.639595031738281 91.50337982177734
-0.28154927492141724 8.695494651794434 91.46598815917969
-0.27433133125305176 8.719462394714355 91.45159912109375
-0.2656198740005493 8.7501802444458 91.43446350097656
-0.25613704323768616 8.786163330078125 91.41614532470703
-0.2561502754688263 8.786110877990723 91.41617584228516
-0.20175966620445251 9.089111328125 91.32390594482422
-0.19942525029182434 9.110433578491211 91.321044921875
-0.19676250219345093 9.137055397033691 91.31808471679688
-0.1918778419494629 9.195579528808594 91.3139419555664
-0.19031506776809692 9.21864128112793 91.31318664550781
-0.1940012276172638 9.168164253234863 91.31548309326172
-0.1906682848930359 9.213157653808594 91.31332397460938
-0.1906968653202057 9.21272087097168 91.31333923339844
-0.19271311163902283 9.184343338012695 91.31449127197266
-0.2884902358055115 8.673585891723633 91.47998046875
-0.2896381914615631 8.670063972473145 91.48230743408203
-0.2466430962085724 8.82532024383545 91.39822387695312
-0.2372228503227234 8.867940902709961 91.38094329833984
-0.23290449380874634 8.888984680175781 91.37321472167969
-0.21994084119796753 8.959537506103516 91.35100555419922
-0.22578594088554382 8.926180839538574 91.3608169555664
-0.2118527591228485 9.011181831359863 91.3381576538086
-0.20359483361244202 9.073408126831055 91.3262939453125
-0.18880990147590637 9.244400024414062 91.31293487548828
-0.188164621591568 9.257023811340332 91.31303405761719
-0.18941432237625122 9.233528137207031 91.3129653930664
-0.28502771258354187 8.684382438659668 91.47298431396484
-0.2852194607257843 8.683777809143066 91.47337341308594
-0.23032796382904053 8.90206241607666 91.3686752319336
-0.22815048694610596 8.913446426391602 91.36488342285156
-0.22497141361236572 8.930663108825684 91.35942840576172
-0.22649669647216797 8.922310829162598 91.36203002929688
-0.2324763536453247 8.891129493713379 91.3724594116211
-0.19309481978416443 9.179414749145508 91.31476593017578
-0.1903725266456604 9.217737197875977 91.3132095336914
-0.1887606680393219 9.245322227478027 91.31293487548828
-0.26295775175094604 8.759997367858887 91.42928314208984
-0.2434864044189453 8.839143753051758 91.39237213134766
-0.23137035965919495 8.896721839904785 91.3705062866211
-0.27769678831100464 8.7081298828125 91.45829010009766
-0.2694917917251587 8.736270904541016 91.44204711914062
-0.23684555292129517 8.86973762512207 91.38026428222656
-0.2024640440940857 9.08298397064209 91.3248062133789
-0.20580393075942993 9.055538177490234 91.32930755615234
-0.19071003794670105 9.212520599365234 91.31333923339844
-0.19172149896621704 9.197758674621582 91.31385040283203
-0.19545915722846985 9.151213645935059 91.31678771972656
-0.24063172936439514 8.852030754089355 91.38713073730469
-0.24303048849105835 8.84117603302002 91.39153289794922
-0.24937152862548828 8.813711166381836 91.40332794189453
-0.20003512501716614 9.10470199584961 91.32176971435547
-0.19255709648132324 9.186393737792969 91.31437683105469
-0.19425243139266968 9.165148735046387 91.3156967163086
-0.1906205415725708 9.213889122009277 91.31330108642578
-0.18800047039985657 9.260438919067383 91.3130874633789
-0.18809664249420166 9.258428573608398 91.31305694580078
-0.1873493492603302 9.275031089782715 91.31343078613281
-0.1868152916431427 9.288637161254883 91.31393432617188
-0.23192796111106873 8.893893241882324 91.37149047851562
-0.1886354386806488 9.247697830200195 91.31295013427734
-0.1885605752468109 9.249137878417969 91.31295776367188
-0.1868211328983307 9.288476943969727 91.31392669677734
-0.23472630977630615 8.87997817993164 91.37645721435547
-0.22881397604942322 8.909944534301758 91.36603546142578
-0.22788983583450317 8.914831161499023 91.36443328857422
-0.22693511843681335 8.919941902160645 91.36278533935547
-0.23852741718292236 8.86178207397461 91.38330078125
-0.20269614458084106 9.080992698669434 91.32511138916016
-0.20563730597496033 9.05685043334961 91.32907104492188
-0.2251732051372528 8.929548263549805 91.35977172851562
-0.22602272033691406 8.924887657165527 91.36122131347656
-0.2176198661327362 8.973628044128418 91.34722137451172
-0.22140708565711975 8.950898170471191 91.35343170166016
-0.22352871298789978 8.938728332519531 91.35697937011719
-0.19338181614875793 9.175785064697266 91.31498718261719
-0.1907932460308075 9.211257934570312 91.3133773803711
-0.2330675721168518 8.888171195983887 91.37350463867188
-0.23229968547821045 8.892017364501953 91.37214660644531
-0.23568466305732727 8.875316619873047 91.378173828125
-0.18616896867752075 9.308277130126953 91.31495666503906
-0.1869121491909027 9.286029815673828 91.31382751464844
-0.18759334087371826 9.269347190856934 91.31327819824219
-0.23911398649215698 8.859041213989258 91.38436889648438
-0.19344159960746765 9.17503833770752 91.31503295898438
-0.18969416618347168 9.228751182556152 91.31301879882812
-0.19134336709976196 9.20313549041748 91.31364440917969
-0.2097828984260559 9.025702476501465 91.33503723144531
-0.21078461408615112 9.018598556518555 91.33654022216797
-0.21599361300468445 8.9838285446167 91.34461212158203
-0.20032119750976562 9.10205364227295 91.32211303710938
-0.20495933294296265 9.062248229980469 91.32814025878906
-0.18816033005714417 9.257112503051758 91.31303405761719
-0.18810954689979553 9.258161544799805 91.31304931640625
-0.18770936131477356 9.266739845275879 91.3132095336914
-0.18980225920677185 9.226943969726562 91.31304168701172
-0.23671334981918335 8.870369911193848 91.38002014160156
-0.20484399795532227 9.063175201416016 91.3279800415039
-0.1938256025314331 9.170297622680664 91.31533813476562
-0.19877123832702637 9.116722106933594 91.32028198242188
-0.1958124041557312 9.14729118347168 91.31713104248047
-0.18685179948806763 9.28764533996582 91.31388854980469
-0.18686705827713013 9.287235260009766 91.31387329101562
-0.18584734201431274 9.320243835449219 91.31575775146484
-0.22218561172485352 8.94638729095459 91.35472869873047
-0.2126944363117218 9.005449295043945 91.33944702148438
-0.22671431303024292 8.921133995056152 91.3624038696289
-0.18972226977348328 9.228278160095215 91.31301879882812
-0.18545758724212646 9.338780403137207 91.3172607421875
-0.18524262309074402 9.353462219238281 91.31867980957031
14.542558670043945 10.22753620147705 90.80306243896484
14.635401725769043 10.103095054626465 90.77810668945312
14.382628440856934 10.051042556762695 90.94768524169922
14.718677520751953 10.216365814208984 90.69379425048828
14.693290710449219 10.1370267868042 90.73185729980469
-0.23043805360794067 8.901494979858398 91.3688735961914
-0.23314684629440308 8.887775421142578 91.37364959716797
-0.22995883226394653 8.903969764709473 91.36803436279297
-0.21308815479278564 9.002799034118652 91.34004974365234
-0.2205694615840912 8.955808639526367 91.35204315185547
-0.21859723329544067 8.967630386352539 91.34880828857422
-0.21082112193107605 9.018342018127441 91.33659362792969
-0.19029918313026428 9.218892097473145 91.31318664550781
-0.18829244375228882 9.254426956176758 91.31300354003906
-0.1862708330154419 9.304855346679688 91.31475067138672
-0.18558400869369507 9.332046508789062 91.31668090820312
15.546260833740234 10.24493408203125 90.18780517578125
15.381574630737305 10.284480094909668 90.26814270019531
14.524602890014648 10.346883773803711 90.80199432373047
14.601860046386719 10.210381507873535 90.7686538696289
-0.23135769367218018 8.896785736083984 91.3704833984375
-0.2320166826248169 8.893445014953613 91.37164306640625
-0.22405794262886047 8.935750961303711 91.35787963867188
-0.2259349822998047 8.925366401672363 91.36106872558594
-0.21705970168113708 8.977110862731934 91.34632110595703
-0.20588639378547668 9.054891586303711 91.32942199707031
-0.20985674858093262 9.025174140930176 91.33515167236328
-0.19265598058700562 9.185091972351074 91.31444549560547
-0.18812832236289978 9.257771492004395 91.31304168701172
-0.18607598543167114 9.311532974243164 91.3151626586914
-0.18521609902381897 9.355793952941895 91.31892395019531
-0.18508997559547424 9.372011184692383 91.32076263427734
15.002004623413086 10.325834274291992 90.49089813232422
-0.22723734378814697 8.918317794799805 91.3633041381836
-0.22454285621643066 8.933042526245117 91.35869598388672
15.652739524841309 10.157445907592773 90.17485046386719
15.633858680725098 10.31552505493164 90.10712432861328
15.812459945678711 10.175273895263672 90.07903289794922
14.80972957611084 9.884516716003418 90.79259490966797
14.804912567138672 9.932365417480469 90.76387786865234
-0.1851036250591278 9.369361877441406 91.32044219970703
-0.21644511818885803 8.980968475341797 91.3453369140625
-0.22216343879699707 8.946515083312988 91.35469055175781
-0.221306711435318 8.951482772827148 91.35326385498047
-0.18853342533111572 9.249665260314941 91.31295776367188
15.541236877441406 10.0689058303833 90.29035186767578
15.727560997009277 10.067253112792969 90.19770050048828
16.144920349121094 10.112283706665039 89.96012878417969
15.978565216064453 10.092802047729492 90.05534362792969
15.976035118103027 10.242513656616211 89.95072937011719
-0.18695878982543945 9.284797668457031 91.31377410888672
-0.1868319809436798 9.288180351257324 91.31391143798828
15.393024444580078 10.000139236450195 90.41448211669922
15.159294128417969 9.937788963317871 90.5774917602539
15.85758113861084 10.388463973999023 89.94715881347656
16.049320220947266 10.381370544433594 89.83810424804688
-0.18549227714538574 9.336837768554688 91.31709289550781
14.074527740478516 9.880188941955566 91.19548797607422
15.462688446044922 10.4048433303833 90.18272399902344
14.01667594909668 10.049514770507812 91.17340850830078
13.977592468261719 10.215307235717773 91.17736053466797
14.537287712097168 10.507843017578125 90.80197143554688
-0.2182846963405609 8.969537734985352 91.34829711914062
-0.19686275720596313 9.13599967956543 91.31819152832031
-0.1974077820777893 9.130341529846191 91.31877136230469
-0.2015317678451538 9.0911226272583 91.32361602783203
-0.20233088731765747 9.084132194519043 91.32463836669922
15.895398139953613 10.034308433532715 90.14470672607422
15.611084938049316 9.974023818969727 90.32984924316406
15.929473876953125 10.520063400268555 89.8628158569336
14.252988815307617 10.540762901306152 91.02001190185547
16.268478393554688 10.026285171508789 89.99026489257812
16.3209171295166 9.940084457397461 90.07786560058594
-0.1918245255947113 9.196319580078125 91.31391143798828
-0.18766775727272034 9.267669677734375 91.313232421875
-0.18515658378601074 9.361905097961426 91.31958770751953
-0.18577679991722107 9.323182106018066 91.31597900390625
14.532027244567871 9.664576530456543 91.10469055175781
14.310486793518066 9.726544380187988 91.15825653076172
14.440427780151367 9.799736022949219 91.04048156738281
16.18179702758789 10.758340835571289 89.66439819335938
16.282508850097656 10.420354843139648 89.68697357177734
15.017120361328125 10.351131439208984 90.47652435302734
14.9508056640625 10.59708023071289 90.51593017578125
14.656821250915527 10.575837135314941 90.72650909423828
13.43691349029541 10.105366706848145 91.54820251464844
13.509575843811035 10.010050773620605 91.50570678710938
13.38505744934082 9.981101036071777 91.59088134765625
13.487162590026855 10.1207275390625 91.51370239257812
13.594457626342773 10.05009937286377 91.44519805908203
14.537569046020508 10.64963150024414 90.8363037109375
16.30105209350586 11.628769874572754 90.1576919555664
16.2283878326416 11.502655029296875 90.00555419921875
16.22589683532715 11.496822357177734 89.99978637695312
-0.2157287895679474 8.985517501831055 91.34419250488281
-0.207504004240036 9.042452812194824 91.33171081542969
15.819120407104492 9.972264289855957 90.23709106445312
15.153029441833496 9.748034477233887 90.75285339355469
15.178549766540527 9.869341850280762 90.62303924560547
15.319560050964355 9.755043983459473 90.67855834960938
-0.185227632522583 9.354757308959961 91.31881713867188
16.17934226989746 10.771296501159668 89.66558074951172
16.174264907836914 11.325321197509766 89.86161804199219
14.488250732421875 10.851250648498535 90.9810791015625
14.405314445495605 10.590246200561523 90.91870880126953
14.282894134521484 10.76373291015625 91.09765625
16.227890014648438 11.501498222351074 90.00440216064453
16.350448608398438 11.683500289916992 90.2497329711914
16.3726806640625 11.7027006149292 90.2891616821289
16.443510055541992 11.746538162231445 90.40841674804688
16.280975341796875 11.600604057312012 90.11811065673828
16.50333595275879 9.902277946472168 90.08367919921875
16.073230743408203 9.824897766113281 90.32681274414062
15.774286270141602 9.867226600646973 90.3692855834961
15.601510047912598 9.848795890808105 90.45866394042969
16.503782272338867 10.047780990600586 89.8724365234375
16.409093856811523 10.175704002380371 89.78150177001953
16.591943740844727 9.957521438598633 89.96768951416016
16.48290252685547 10.072969436645508 89.85127258300781
-0.18531355261802673 9.34795093536377 91.31812286376953
-0.18523943424224854 9.353734016418457 91.31871032714844
13.99512004852295 9.612886428833008 91.4009017944336
14.087279319763184 9.849209785461426 91.20268249511719
14.173501968383789 9.675699234008789 91.2645492553711
13.801264762878418 9.700931549072266 91.43998718261719
13.255054473876953 9.882372856140137 91.69097900390625
13.376673698425293 9.802384376525879 91.63674926757812
13.211359977722168 9.759909629821777 91.7505111694336
15.00660228729248 10.780467987060547 90.51866912841797
15.700377464294434 11.238935470581055 90.21625518798828
15.607746124267578 10.984587669372559 90.12694549560547
17.137338638305664 11.30458927154541 91.25664520263672
17.252029418945312 11.02490234375 91.32099151611328
17.0128231048584 11.500804901123047 91.14734649658203
14.608039855957031 10.893303871154785 90.90753936767578
14.775979995727539 10.80391788482666 90.7115478515625
16.4544677734375 11.751294136047363 90.4261245727539
-0.21708932518959045 8.976924896240234 91.34636688232422
-0.2129850685596466 9.003491401672363 91.33989715576172
16.749311447143555 9.853022575378418 90.15851593017578
16.707883834838867 9.87393569946289 90.1058578491211
16.31071662902832 10.35568618774414 89.70430755615234
13.765595436096191 9.589313507080078 91.53227996826172
17.128707885742188 9.904878616333008 90.73011779785156
17.305809020996094 10.802858352661133 91.31777954101562
13.059741973876953 9.732759475708008 91.85104370117188
12.768768310546875 9.937297821044922 92.00695037841797
15.935601234436035 11.492677688598633 90.31290435791016
14.604732513427734 11.125258445739746 91.16989135742188
14.375850677490234 11.011600494384766 91.24423217773438
13.949278831481934 10.557345390319824 91.26171875
13.73366641998291 10.442489624023438 91.38676452636719
13.798084259033203 10.665103912353516 91.44635009765625
14.228642463684082 10.919171333312988 91.2785873413086
14.11679458618164 10.687631607055664 91.1907730102539
14.023286819458008 10.933719635009766 91.50120544433594
-0.19679972529411316 9.136662483215332 91.31812286376953
-0.20029327273368835 9.102311134338379 91.32208251953125
-0.19536179304122925 9.152307510375977 91.31669616699219
13.114276885986328 9.627113342285156 91.85977172851562
12.943593978881836 9.646425247192383 91.95073699951172
15.745417594909668 11.46767807006836 90.49037170410156
15.003988265991211 11.15725326538086 90.79645538330078
14.786749839782715 11.100455284118652 90.94305419921875
14.756753921508789 11.237005233764648 91.21205139160156
12.927213668823242 10.077923774719238 91.90421295166016
13.284971237182617 10.377415657043457 91.712646484375
13.40623664855957 10.221636772155762 91.57841491699219
16.49393081665039 11.764520645141602 90.48844909667969
16.546958923339844 11.773545265197754 90.56900024414062
16.79429054260254 9.835559844970703 90.21761322021484
16.864816665649414 9.819360733032227 90.31438446044922
16.735946655273438 9.819490432739258 90.26245880126953
-0.20279034972190857 9.080188751220703 91.32523345947266
-0.20574837923049927 9.055974960327148 91.3292236328125
-0.20861884951591492 9.03415298461914 91.33332824707031
-0.18961533904075623 9.230081558227539 91.31300354003906
15.981765747070312 9.792969703674316 90.4040298461914
15.774147987365723 9.763202667236328 90.51057434082031
-0.18859609961509705 9.248454093933105 91.31295013427734
-0.18648234009742737 9.298194885253906 91.31438446044922
13.242083549499512 9.56118106842041 91.82320404052734
13.318441390991211 9.68571949005127 91.71635437011719
12.677633285522461 9.783914566040039 92.0792007446289
12.545011520385742 9.861605644226074 92.16079711914062
15.016376495361328 11.371515274047852 91.27386474609375
17.050262451171875 11.449485778808594 91.18302917480469
12.73617172241211 10.069103240966797 92.04110717773438
16.3082332611084 11.637921333312988 90.1715087890625
16.300100326538086 11.627524375915527 90.15585327148438
14.31021499633789 11.111332893371582 91.48795318603516
14.520182609558105 11.214810371398926 91.48101043701172
-0.18586954474449158 9.31934642791748 91.3156967163086
16.78019905090332 9.840441703796387 90.19888305664062
17.048444747924805 9.84925651550293 90.5927963256836
13.914224624633789 9.350550651550293 91.70679473876953
13.724203109741211 9.49431037902832 91.62892150878906
13.89508056640625 9.480253219604492 91.56497955322266
17.331403732299805 10.511534690856934 91.24808502197266
12.401956558227539 9.823017120361328 92.25907897949219
12.509174346923828 9.708111763000488 92.200439453125
14.974664688110352 11.381389617919922 91.55536651611328
14.830117225646973 11.340583801269531 91.52568817138672
13.126469612121582 10.394603729248047 91.84737396240234
13.261695861816406 10.598325729370117 91.86763000488281
13.865958213806152 11.013275146484375 91.82577514648438
13.720438003540039 10.825523376464844 91.6676025390625
13.701624870300293 10.984634399414062 91.9715805053711
16.82523536682129 11.6849946975708 90.9417724609375
16.8266544342041 11.683998107910156 90.94347381591797
16.7321834564209 11.738332748413086 90.82583618164062
16.59290313720703 11.774038314819336 90.63609313964844
16.857906341552734 9.801407814025879 90.43245697021484
17.03246307373047 9.841832160949707 90.5667953491211
16.95532989501953 9.819863319396973 90.4463882446289
17.048934936523438 9.84950065612793 90.59359741210938
-0.20936182141304016 9.02873420715332 91.33441925048828
-0.19192659854888916 9.194905281066895 91.31397247314453
-0.1871732771396637 9.279321670532227 91.31356811523438
15.580755233764648 9.7471342086792 90.59500122070312
14.102590560913086 9.450950622558594 91.51091766357422
14.18722915649414 9.312169075012207 91.6849365234375
17.143400192260742 9.91899299621582 90.75669860839844
13.180511474609375 9.420368194580078 91.9501724243164
13.096799850463867 9.510601997375488 91.93126678466797
12.750197410583496 9.41951847076416 92.17149353027344
12.737796783447266 9.52844524383545 92.1199951171875
12.96087646484375 9.52992057800293 91.99411010742188
12.550036430358887 9.557034492492676 92.21724700927734
12.71218204498291 9.641249656677246 92.0909194946289
15.380341529846191 11.481595993041992 91.33748626708984
16.46310043334961 11.754697799682617 90.43994140625
16.09467124938965 11.64311408996582 90.53206634521484
16.9381046295166 11.587562561035156 91.07038116455078
16.686010360717773 11.756110191345215 90.7651138305664
17.09322166442871 9.876179695129395 90.66790008544922
16.69736671447754 9.798259735107422 90.33200073242188
17.085647583007812 9.870945930480957 90.65494537353516
16.662128448486328 9.772501945495605 90.43126678466797
16.5136775970459 9.804044723510742 90.29177856445312
17.03177261352539 9.841535568237305 90.56568145751953
16.90460777282715 9.81649398803711 90.37127685546875
16.960865020751953 9.820734977722168 90.45477294921875
15.946619987487793 9.684551239013672 90.6225357055664
-0.18570634722709656 9.326264381408691 91.31620788574219
-0.18793845176696777 9.26175594329834 91.3131103515625
-0.18546190857887268 9.338536262512207 91.3172378540039
-0.1854560375213623 9.338871002197266 91.31726837158203
-0.1854802966117859 9.337496757507324 91.31714630126953
17.268630981445312 10.125667572021484 91.01497650146484
15.921913146972656 11.618885040283203 90.82405853271484
16.25140380859375 11.694602012634277 90.81881713867188
17.018939971923828 11.492806434631348 91.1533203125
12.41874885559082 9.920866012573242 92.25035858154297
12.265360832214355 9.855267524719238 92.35380554199219
15.11793327331543 11.374411582946777 91.7903060913086
16.711063385009766 11.747179985046387 90.79832458496094
17.19744873046875 9.985032081604004 90.85966491699219
17.180978775024414 9.962233543395996 90.82730865478516
17.216739654541016 10.015424728393555 90.89892578125
16.84092903137207 9.793432235717773 90.48550415039062
-0.20648029446601868 9.050267219543457 91.33025360107422
-0.20923718810081482 9.029637336730957 91.33423614501953
-0.20727628469467163 9.044175148010254 91.33138275146484
16.403240203857422 9.707528114318848 90.60752868652344
16.163389205932617 9.692770957946777 90.59765625
17.2059268951416 9.997855186462402 90.87672424316406
16.14974021911621 9.638824462890625 90.8067626953125
15.948646545410156 9.6159086227417 90.82145690917969
15.83732795715332 9.570093154907227 90.97091674804688
15.767166137695312 9.652097702026367 90.71648406982422
17.18960952758789 9.973849296569824 90.8441390991211
13.901277542114258 9.225974082946777 91.90719604492188
12.348066329956055 9.480628967285156 92.36576843261719
12.376432418823242 9.603557586669922 92.30766296386719
17.28844451904297 10.889164924621582 91.32418060302734
12.428771018981934 10.050833702087402 92.26451110839844
12.573755264282227 9.976264953613281 92.14549255371094
17.037935256958008 9.844253540039062 90.57565307617188
17.065444946289062 9.858369827270508 90.62090301513672
16.980762481689453 9.824728012084961 90.48522186279297
17.032817840576172 9.841984748840332 90.56736755371094
16.975494384765625 9.825942993164062 90.58401489257812
17.205703735351562 9.99750804901123 90.87627410888672
-0.18534532189369202 9.345743179321289 91.31790924072266
-0.1876087486743927 9.26899528503418 91.31326293945312
17.2830810546875 10.16811466217041 91.05160522460938
12.19686222076416 9.486746788024902 92.4529800415039
12.092947006225586 9.545977592468262 92.49871063232422
12.238966941833496 9.603767395019531 92.39344787597656
17.1666259765625 11.245589256286621 91.27763366699219
17.04355812072754 11.459101676940918 91.17679595947266
17.039230346679688 11.46520709991455 91.17273712158203
15.233482360839844 11.415946960449219 91.65628051757812
12.524962425231934 10.21291732788086 92.24609375
12.584441184997559 10.094379425048828 92.15869903564453
15.223660469055176 11.327917098999023 91.93986511230469
14.957025527954102 11.347258567810059 91.84119415283203
17.17391586303711 9.953235626220703 90.813720703125
17.193038940429688 9.978665351867676 90.85090637207031
17.19576644897461 9.982577323913574 90.85631561279297
17.210420608520508 10.004983901977539 90.8858871459961
17.214569091796875 10.011780738830566 90.89442443847656
-0.2042754888534546 9.067789077758789 91.32720947265625
-0.19633996486663818 9.141552925109863 91.3176498413086
-0.20648998022079468 9.050192832946777 91.33026885986328
17.26886558532715 10.126300811767578 91.01555633544922
14.513093948364258 9.314876556396484 91.62664794921875
14.515656471252441 9.223613739013672 91.94720458984375
15.244548797607422 9.392263412475586 91.8087387084961
12.218396186828613 9.390327453613281 92.47998046875
12.033475875854492 9.409098625183105 92.57868957519531
11.947431564331055 9.506214141845703 92.59940338134766
11.9951753616333 9.629735946655273 92.54531860351562
11.819502830505371 9.643701553344727 92.66040802001953
16.902902603149414 11.622020721435547 91.0317611694336
16.99287986755371 11.525897026062012 91.12751007080078
16.835403442382812 11.677729606628418 90.95391082763672
14.252490997314453 11.18758773803711 92.21685791015625
14.125580787658691 11.131880760192871 92.43904113769531
14.431108474731445 11.118789672851562 92.50592803955078
16.795013427734375 9.78897762298584 90.79750061035156
16.802494049072266 9.779853820800781 90.63578033447266
16.964078903198242 9.851109504699707 90.79290771484375
16.628711700439453 9.741301536560059 90.61422729492188
16.587141036987305 9.726051330566406 90.80702209472656
16.59437370300293 9.75629711151123 91.03941345214844
16.78628158569336 9.850564002990723 91.06666564941406
16.439565658569336 9.717429161071777 91.14645385742188
16.38196563720703 9.678380966186523 90.79214477539062
17.311174392700195 10.28317928314209 91.13477325439453
16.1279354095459 9.609763145446777 91.06581115722656
17.328161239624023 10.420442581176758 91.20991516113281
17.300426483154297 10.231805801391602 91.10025787353516
13.942980766296387 9.114720344543457 92.18233489990234
13.66796875 9.187371253967285 92.03059387207031
16.76019859313965 11.724742889404297 90.86164093017578
16.95062828063965 11.574356079101562 91.08377075195312
12.469917297363281 10.366673469543457 92.38508605957031
12.352232933044434 10.189803123474121 92.3742446899414
17.184921264648438 9.967452049255371 90.8349609375
17.16311264038086 9.940290451049805 90.79322814941406
17.24396514892578 10.066893577575684 90.95747375488281
17.262592315673828 10.109908103942871 91.00039672851562
17.264080047607422 10.113698959350586 91.00395202636719
17.24087142944336 10.06043815612793 90.95059967041016
17.24498176574707 10.06905460357666 90.95974731445312
17.276424407958984 10.147631645202637 91.03439331054688
17.264591217041016 10.115015983581543 91.00518798828125
17.287940979003906 10.184268951416016 91.06462097167969
17.267335891723633 10.122201919555664 91.0118179321289
16.37329864501953 9.814068794250488 91.4991226196289
16.082805633544922 9.608968734741211 91.28300476074219
15.87625503540039 9.550450325012207 91.36215209960938
16.158836364746094 9.759842872619629 91.6460952758789
14.714733123779297 9.269625663757324 91.83671569824219
14.933391571044922 9.329299926757812 91.65821838378906
15.007397651672363 9.3424072265625 92.05401611328125
17.329133987426758 10.435962677001953 91.21703338623047
17.28623390197754 10.898784637451172 91.32449340820312
17.16388702392578 11.25137710571289 91.27577209472656
17.211639404296875 11.140599250793457 91.30464172363281
11.848992347717285 9.395845413208008 92.69295501708984
17.103113174438477 11.366376876831055 91.22948455810547
16.311824798583984 11.499320030212402 91.395751953125
16.214536666870117 11.55127239227295 91.31944274902344
16.125139236450195 11.440824508666992 91.54249572753906
15.427389144897461 11.299652099609375 91.96317291259766
15.386838912963867 11.354203224182129 91.86231231689453
12.239765167236328 10.055006980895996 92.40894317626953
12.070104598999023 10.058887481689453 92.54192352294922
12.200748443603516 10.173702239990234 92.48936462402344
12.276036262512207 10.319375991821289 92.51943969726562
13.961302757263184 11.057043075561523 92.676513671875
14.24200439453125 11.06262493133545 92.65494537353516
17.17043685913086 9.948960304260254 90.80708312988281
17.165544509887695 9.943121910095215 90.79781341552734
17.156171798706055 9.932463645935059 90.7802505493164
17.11100959777832 9.889668464660645 90.69876098632812
17.215505599975586 10.013344764709473 90.8963623046875
-0.19451019167900085 9.162097930908203 91.31591796875
-0.19408532977104187 9.167149543762207 91.3155517578125
17.106170654296875 9.968332290649414 90.93602752685547
17.312313079833984 10.289478302001953 91.13874816894531
17.301462173461914 10.236244201660156 91.1033935546875
17.32166862487793 10.352069854736328 91.17535400390625
15.52070140838623 9.575522422790527 92.0390625
15.319610595703125 9.505216598510742 92.13465118408203
16.674131393432617 11.646053314208984 91.04719543457031
16.40900421142578 11.626866340637207 91.12574768066406
12.399491310119629 10.531476020812988 92.6261215209961
14.440301895141602 11.009664535522461 92.70942687988281
17.18598175048828 9.968881607055664 90.8370361328125
17.17379379272461 9.953083038330078 90.81348419189453
17.19570541381836 9.982488632202148 90.85619354248047
17.183069229125977 9.964983940124512 90.83135986328125
17.16037368774414 9.93715763092041 90.78809356689453
17.197221755981445 9.984697341918945 90.85921478271484
17.012527465820312 9.955798149108887 91.02318572998047
17.183589935302734 10.133975982666016 91.10960388183594
16.921939849853516 10.139527320861816 91.363037109375
17.32962417602539 10.591227531433105 91.2747573852539
17.331064224243164 10.549832344055176 91.26165771484375
11.741958618164062 9.326193809509277 92.7825927734375
11.490208625793457 9.330785751342773 92.93071746826172
16.239233016967773 11.422746658325195 91.53441619873047
11.885862350463867 9.967650413513184 92.65253448486328
11.922117233276367 10.122974395751953 92.69122314453125
13.914737701416016 10.955063819885254 92.93247985839844
14.164190292358398 10.956805229187012 92.87210083007812
17.19337272644043 9.97913932800293 90.85157012939453
17.221521377563477 10.023665428161621 90.9089126586914
-0.20625978708267212 9.051976203918457 91.32994079589844
17.251880645751953 10.084249496459961 90.97537231445312
17.325162887573242 10.384031295776367 91.19217681884766
17.319332122802734 10.334091186523438 91.16535186767578
17.312625885009766 10.29124927520752 91.13985443115234
17.231760025024414 10.395580291748047 91.27581787109375
17.329883575439453 10.450478553771973 91.22344970703125
16.568561553955078 10.255921363830566 91.74494934082031
17.121919631958008 10.303240776062012 91.3134994506836
16.928491592407227 10.613181114196777 91.57243347167969
15.124656677246094 9.51645278930664 92.38646697998047
14.8494873046875 9.460541725158691 92.59735107421875
14.837724685668945 9.339659690856934 92.34626007080078
11.648536682128906 9.224763870239258 92.88189697265625
11.46988296508789 9.490829467773438 92.90684509277344
16.975505828857422 11.546571731567383 91.10980224609375
17.088077545166016 11.391422271728516 91.21678161621094
16.849163055419922 11.667436599731445 90.97017669677734
11.527377128601074 9.64982795715332 92.85970306396484
11.640195846557617 9.740230560302734 92.78641510009766
-0.19016623497009277 9.221007347106934 91.31314086914062
-0.18510833382606506 9.368548393249512 91.32035064697266
-0.19030433893203735 9.21881103515625 91.31318664550781
17.331096649169922 10.48669719696045 91.23851776123047
17.309432983398438 10.273924827575684 91.12883758544922
-0.18766865134239197 9.498580932617188 91.34378051757812
-0.18773677945137024 9.500055313110352 91.3441390991211
17.1812686920166 10.73542594909668 91.40286254882812
16.658727645874023 10.626194953918457 91.76209259033203
17.29987907409668 10.587468147277832 91.29615020751953
14.629925727844238 9.27087116241455 92.4303207397461
14.656384468078613 9.424509048461914 92.74947357177734
14.450601577758789 9.218297958374023 92.52261352539062
15.803552627563477 9.956183433532715 92.20899963378906
16.216930389404297 10.525827407836914 92.06544494628906
16.43131446838379 10.587270736694336 91.91816711425781
16.36724090576172 10.185473442077637 91.87346649169922
16.703353881835938 10.933903694152832 91.6833267211914
15.845361709594727 10.382102966308594 92.31939697265625
15.556601524353027 10.083396911621094 92.47367858886719
11.319527626037598 9.550477027893066 93.00227355957031
17.075307846069336 11.411787033081055 91.2056655883789
17.014463424682617 11.498674392700195 91.14895629882812
11.520509719848633 9.769901275634766 92.87706756591797
11.629770278930664 9.86597728729248 92.81739807128906
11.753458023071289 9.850793838500977 92.7214126586914
11.75829029083252 9.993806838989258 92.76141357421875
16.275901794433594 11.379413604736328 91.57881927490234
14.602152824401855 10.94258975982666 92.74617767333984
14.391000747680664 10.901159286499023 92.87678527832031
17.228132247924805 10.0355806350708 90.92291259765625
17.24445915222168 10.067941665649414 90.95858001708984
17.275766372680664 10.145699501037598 91.03272247314453
17.329435348510742 10.441448211669922 91.219482421875
17.312761306762695 10.292023658752441 91.14033508300781
-0.185125470161438 9.3659086227417 91.3200454711914
17.206518173217773 10.882266998291016 91.37877655029297
13.403667449951172 8.978235244750977 92.55447387695312
13.639450073242188 8.982443809509277 92.81070709228516
13.353659629821777 8.917061805725098 92.84716033935547
16.937355041503906 10.949944496154785 91.53582763671875
17.314964294433594 10.74514389038086 91.30992126464844
14.854269981384277 9.684412002563477 92.83769226074219
11.785082817077637 9.139046669006348 92.8578109741211
11.442843437194824 9.023979187011719 93.11248779296875
15.388218879699707 10.255990028381348 92.63263702392578
15.56433391571045 10.3572416305542 92.51353454589844
11.352617263793945 9.232843399047852 93.04798889160156
15.758393287658691 10.707140922546387 92.32826232910156
15.949341773986816 10.64179515838623 92.22886657714844
16.07590675354004 10.888626098632812 92.06913757324219
11.330766677856445 9.381730079650879 93.0154800415039
16.23661231994629 10.812740325927734 92.00494384765625
16.09052848815918 10.944073677062988 92.03321075439453
17.147798538208008 11.284228324890137 91.264404296875
17.113033294677734 11.349181175231934 91.23761749267578
16.86952018737793 11.533275604248047 91.1659927368164
11.789595603942871 10.151774406433105 92.82061767578125
15.03009033203125 10.992369651794434 92.51785278320312
14.847394943237305 11.014782905578613 92.56519317626953
14.745102882385254 10.906271934509277 92.7283706665039
-0.1879752278327942 9.260974884033203 91.31309509277344
-0.1964835226535797 9.140015602111816 91.31780242919922
-0.18671542406082153 9.475428581237793 91.33839416503906
-0.18765601515769958 9.498307228088379 91.34371185302734
17.327316284179688 10.629691123962402 91.2855224609375
14.533896446228027 9.589213371276855 93.04661560058594
11.392281532287598 9.10133171081543 93.08950805664062
17.31707000732422 10.729765892028809 91.30734252929688
17.271434783935547 10.95786190032959 91.32463073730469
17.286237716674805 10.898773193359375 91.32449340820312
11.17587947845459 9.284786224365234 93.13641357421875
15.463761329650879 10.575531959533691 92.54843139648438
17.209510803222656 11.14604377746582 91.30354309082031
17.238929748535156 11.065360069274902 91.31676483154297
15.846413612365723 10.903437614440918 92.18939208984375
15.706624984741211 10.859247207641602 92.29032897949219
16.305376052856445 10.98864459991455 91.89075469970703
17.043230056762695 11.454522132873535 91.18136596679688
11.506033897399902 9.893858909606934 92.9207534790039
11.630572319030762 10.015325546264648 92.87340545654297
14.093597412109375 10.856661796569824 93.04199981689453
14.227232933044434 10.7440767288208 93.1153335571289
17.298473358154297 10.22368049621582 91.09442901611328
17.277057647705078 10.149505615234375 91.03600311279297
17.31194496154785 10.287423133850098 91.13745880126953
17.297792434692383 10.220908164978027 91.09242248535156
17.326208114624023 10.395400047302246 91.1978759765625
-0.18605324625968933 9.312350273132324 91.31521606445312
-0.1926535964012146 9.577954292297363 91.36640930175781
-0.19358927011489868 9.589282989501953 91.37018585205078
11.165059089660645 9.472450256347656 93.11016082763672
16.486446380615234 11.05030345916748 91.75791931152344
16.779996871948242 11.14323902130127 91.54588317871094
16.488548278808594 11.138543128967285 91.70376586914062
16.258773803710938 11.063553810119629 91.87261962890625
15.874629020690918 11.00250244140625 92.11261749267578
15.782301902770996 10.970565795898438 92.18193054199219
15.973089218139648 11.04359245300293 92.03358459472656
16.63204002380371 11.453322410583496 91.35367584228516
16.890642166137695 11.455846786499023 91.24625396728516
11.50577163696289 10.041159629821777 92.9905014038086
16.374149322509766 11.315046310424805 91.61182403564453
11.649978637695312 10.17557144165039 92.96051025390625
11.829400062561035 10.31808853149414 92.93013763427734
14.030385971069336 10.766006469726562 93.17634582519531
-0.22217223048210144 8.946464538574219 91.35470581054688
-0.20991548895835876 9.024754524230957 91.33523559570312
17.3188419342041 10.330556869506836 91.16333770751953
17.32968521118164 10.589967727661133 91.27438354492188
11.373221397399902 8.903962135314941 93.24105834960938
11.615438461303711 8.978301048278809 93.06327819824219
11.502723693847656 8.8339204788208 93.25244140625
17.306432723999023 10.79929256439209 91.3173828125
17.26607894897461 10.97736644744873 91.3239974975586
11.110651016235352 9.18205451965332 93.21012115478516
17.13030433654785 11.076221466064453 91.37797546386719
17.116413116455078 11.152128219604492 91.35415649414062
17.014644622802734 11.224693298339844 91.37179565429688
17.014732360839844 11.325172424316406 91.30453491210938
16.306171417236328 11.123581886291504 91.8077163696289
16.54947853088379 11.22653579711914 91.60982513427734
-0.18624567985534668 9.30568790435791 91.31480407714844
-0.18628737330436707 9.304314613342285 91.3147201538086
-0.18777871131896973 9.500950813293457 91.3443603515625
-0.18510586023330688 9.368976593017578 91.32040405273438
-0.18623286485671997 9.461023330688477 91.33531951904297
17.317201614379883 10.728772163391113 91.30716705322266
17.330810546875 10.56004810333252 91.2650375366211
-0.19009894132614136 9.542604446411133 91.35551452636719
-0.19255292415618896 9.576692581176758 91.36599731445312
-0.19632300734519958 9.619019508361816 91.38076782226562
17.297815322875977 10.845337867736816 91.32173919677734
17.262109756469727 10.99129581451416 91.32332611083984
16.76603889465332 11.24260425567627 91.48977661132812
15.28227424621582 11.009269714355469 92.39169311523438
15.058234214782715 10.929076194763184 92.56768798828125
13.888450622558594 10.640337944030762 93.36519622802734
14.143285751342773 10.63582706451416 93.24940490722656
-0.2262914478778839 8.92342472076416 91.36167907714844
-0.25072845816612244 8.808048248291016 91.4058837890625
-0.18868830800056458 9.24669075012207 91.31294250488281
-0.18524765968322754 9.353036880493164 91.31863403320312
-0.18787041306495667 9.50289249420166 91.34484100341797
-0.19598713517189026 9.615591049194336 91.37950134277344
12.0722017288208 8.81978988647461 93.06819915771484
12.341358184814453 8.753602027893066 93.1526870727539
11.082660675048828 9.743295669555664 93.19732666015625
15.724799156188965 10.981374740600586 92.20378875732422
15.808483123779297 11.02031421661377 92.1333236694336
15.643511772155762 10.996681213378906 92.23299407958984
15.427680015563965 10.76797866821289 92.49307250976562
16.03003692626953 11.06333065032959 91.99061584472656
11.563720703125 10.24703311920166 93.10806274414062
11.710826873779297 10.373446464538574 93.12178802490234
-0.1852702796459198 9.351205825805664 91.31845092773438
0.6789494752883911 9.43277359008789 91.69520568847656
1.0432751178741455 9.429891586303711 91.84918975830078
11.014978408813477 8.978068351745605 93.36536407470703
11.018707275390625 9.116636276245117 93.29061889648438
11.096803665161133 9.033915519714355 93.28833770751953
0.7050349712371826 9.664460182189941 91.79676055908203
-0.20005953311920166 9.653916358947754 91.39447784423828
-0.2183069884777069 9.777445793151855 91.45521545410156
14.398897171020508 9.746889114379883 93.25157928466797
14.496866226196289 9.95505428314209 93.23612213134766
14.24915599822998 9.884017944335938 93.40477752685547
14.743157386779785 10.383346557617188 93.04607391357422
14.912970542907715 10.313848495483398 92.9522476196289
14.971223831176758 10.445054054260254 92.88834381103516
11.190047264099121 9.846125602722168 93.1497802734375
11.076342582702637 9.950043678283691 93.29594421386719
15.199360847473145 10.675470352172852 92.66727447509766
15.68376350402832 11.057175636291504 92.16436767578125
11.452062606811523 10.34021282196045 93.35111236572266
15.781986236572266 11.105573654174805 92.07615661621094
15.574713706970215 11.11174201965332 92.16252136230469
11.669445991516113 10.462556838989258 93.34153747558594
11.313727378845215 8.790942192077637 93.37715148925781
11.228513717651367 8.684271812438965 93.53653717041016
-0.2006748616695404 9.659187316894531 91.39667510986328
-0.21321600675582886 9.748125076293945 91.43894958496094
1.2892413139343262 9.495331764221191 91.97467803955078
1.075363039970398 9.613632202148438 91.9327163696289
-0.2092360258102417 9.722940444946289 91.42593383789062
-0.20907366275787354 9.72186279296875 91.42539978027344
-0.2257707715034485 9.815860748291016 91.47846221923828
14.388778686523438 10.35291576385498 93.27169036865234
14.82260799407959 10.516225814819336 92.95407104492188
14.70492935180664 10.610658645629883 92.9759292602539
14.90577220916748 10.62292194366455 92.85832977294922
13.777995109558105 10.490581512451172 93.54047393798828
13.876049995422363 10.380576133728027 93.55645751953125
14.039833068847656 10.510368347167969 93.39215850830078
0.7838205099105835 9.076769828796387 91.72206115722656
1.2931545972824097 9.168305397033691 91.9218978881836
11.317205429077148 8.585375785827637 93.66133880615234
10.936692237854004 9.164545059204102 93.31981658935547
12.175549507141113 8.613234519958496 93.8017807006836
12.616697311401367 8.729498863220215 93.61028289794922
12.916025161743164 8.802535057067871 93.37205505371094
12.6415376663208 8.743226051330566 93.28649139404297
10.952042579650879 9.517959594726562 93.25524139404297
10.853723526000977 9.503024101257324 93.3232650756836
10.926986694335938 9.649598121643066 93.2904052734375
14.248305320739746 10.073873519897461 93.41573333740234
14.519973754882812 10.132030487060547 93.22972106933594
14.350045204162598 10.19603443145752 93.33507537841797
11.57614517211914 10.506311416625977 93.64824676513672
0.7603594064712524 8.900572776794434 91.75584411621094
1.890917420387268 9.254888534545898 92.1734390258789
1.6156489849090576 9.366450309753418 92.07658386230469
1.9172346591949463 9.371343612670898 92.2055435180664
-0.2407185137271881 9.881034851074219 91.52345275878906
11.108073234558105 8.816445350646973 93.44160461425781
10.855025291442871 8.939204216003418 93.47428894042969
-0.23704642057418823 9.8662109375 91.51255798339844
11.601053237915039 8.528594970703125 93.77530670166016
12.48595142364502 8.746469497680664 93.96013641357422
-0.22400477528572083 9.807193756103516 91.47301483154297
-0.24609604477882385 9.901580810546875 91.53926086425781
12.913102149963379 8.866621017456055 93.7051010131836
14.040512084960938 9.94092845916748 93.55924987792969
10.962837219238281 9.92456340789795 93.37588500976562
14.178297996520996 10.222429275512695 93.43864440917969
-0.23276853561401367 8.889664649963379 91.37297821044922
1.031371831893921 9.042901039123535 91.82696533203125
1.7513887882232666 9.159880638122559 92.11011505126953
1.982201099395752 9.241637229919434 92.21004486083984
2.2714250087738037 9.315187454223633 92.34273529052734
11.850976943969727 8.533697128295898 93.93729400634766
10.950177192687988 9.026155471801758 93.37300109863281
10.4992036819458 9.056009292602539 93.61957550048828
10.723942756652832 9.193413734436035 93.44058227539062
1.7472281455993652 9.512123107910156 92.17898559570312
1.843949317932129 9.639827728271484 92.28653717041016
10.895447731018066 9.298564910888672 93.3089599609375
13.181295394897461 9.018980026245117 93.70795440673828
13.431574821472168 9.193552017211914 93.69210815429688
13.104166984558105 9.125224113464355 93.93268585205078
13.99721908569336 10.092567443847656 93.57962799072266
14.13568115234375 10.375872611999512 93.41199493408203
13.939508438110352 10.235998153686523 93.58138275146484
13.71996784210205 10.400809288024902 93.6299057006836
-0.26242443919181824 8.76198959350586 91.4282455444336
-0.24526220560073853 8.831314086914062 91.39566040039062
-0.2870906591415405 8.677919387817383 91.4771499633789
10.802196502685547 8.812317848205566 93.5897216796875
10.671767234802246 8.956246376037598 93.56401062011719
11.409149169921875 8.454673767089844 94.0068130493164
11.24160099029541 8.482542991638184 93.89173126220703
-0.23739269375801086 9.867637634277344 91.51358795166016
-0.34671443700790405 10.141884803771973 91.81587982177734
-0.2900142967700958 10.032565116882324 91.6634521484375
3.163069009780884 9.503657341003418 92.79247283935547
2.971975326538086 9.374258041381836 92.65615844726562
10.691570281982422 9.3795166015625 93.433837890625
0.5267958045005798 8.719780921936035 91.75216674804688
1.2011114358901978 8.852348327636719 91.94580078125
1.2807048559188843 9.015097618103027 91.93193054199219
11.195242881774902 8.632306098937988 93.61930084228516
11.062333106994629 8.54869270324707 93.78841400146484
10.919756889343262 8.48630142211914 93.93218231201172
11.109506607055664 8.460831642150879 93.95377349853516
3.609546661376953 9.32880973815918 92.91477966308594
12.059711456298828 8.608333587646484 94.13007354736328
12.88010025024414 8.957459449768066 93.93900299072266
12.504631042480469 8.861169815063477 94.19414520263672
13.355238914489746 9.312661170959473 93.87152099609375
10.70907974243164 9.597588539123535 93.44065856933594
13.724583625793457 9.752463340759277 93.76507568359375
13.70061206817627 9.871228218078613 93.7930679321289
10.8761568069458 9.882518768310547 93.4228515625
10.869940757751465 10.028453826904297 93.53981018066406
10.970194816589355 10.066036224365234 93.48292541503906
11.741122245788574 10.558900833129883 93.90234375
11.811654090881348 10.583697319030762 93.67759704589844
12.833202362060547 10.346602439880371 94.1146011352539
12.916570663452148 10.24193000793457 94.1537094116211
13.063643455505371 10.355606079101562 93.9970703125
-0.28958895802497864 8.670214653015137 91.48220825195312
-0.1883377730846405 8.58505916595459 91.59303283691406
-0.3515382409095764 8.513498306274414 91.61222076416016
-0.5329435467720032 8.286693572998047 92.02362823486328
-0.8433041572570801 8.486599922180176 92.8052749633789
-0.8464533090591431 8.494136810302734 92.81393432617188
2.2240238189697266 9.112019538879395 92.30455780029297
2.4626729488372803 9.187804222106934 92.4050064086914
3.0167698860168457 9.022526741027832 92.63249206542969
11.19023323059082 8.40001106262207 94.15472412109375
10.361564636230469 9.05102252960205 93.70411682128906
-0.44856762886047363 10.2424955368042 92.0770263671875
3.593529224395752 9.491636276245117 92.97529602050781
12.236335754394531 8.764325141906738 94.3271484375
11.699668884277344 8.551785469055176 94.5113754272461
13.54904556274414 9.4495849609375 93.79496002197266
10.804109573364258 9.896306037902832 93.49254608154297
10.960952758789062 10.202950477600098 93.66575622558594
13.406954765319824 10.185834884643555 93.91508483886719
11.974043846130371 10.572941780090332 93.9831314086914
11.866292953491211 10.514571189880371 94.15823364257812
12.091636657714844 10.484270095825195 94.20620727539062
12.177515983581543 10.556407928466797 94.039794921875
12.216598510742188 10.44125747680664 94.24832916259766
-0.3266701400279999 8.42247200012207 91.74637603759766
0.616784930229187 8.5237398147583 91.94116973876953
0.9610590934753418 8.681648254394531 91.93977355957031
1.4241652488708496 8.646490097045898 92.1365737915039
3.580397844314575 8.959627151489258 92.86698913574219
3.3813817501068115 9.098246574401855 92.78044891357422
10.591577529907227 8.635534286499023 93.84510803222656
11.05410099029541 8.397675514221191 94.12767028808594
3.982304334640503 9.260918617248535 93.05467987060547
4.323489665985107 9.143183708190918 93.17572021484375
3.6141138076782227 9.185124397277832 92.88465881347656
-0.5033223032951355 10.260383605957031 92.2126235961914
10.837270736694336 9.77067756652832 93.39757537841797
10.636096954345703 9.75737190246582 93.55268096923828
13.241402626037598 9.63768482208252 94.0979995727539
10.72702407836914 10.03056812286377 93.67655944824219
-0.5036654472351074 8.30588436126709 91.95492553710938
-0.4644501805305481 8.341133117675781 91.86416625976562
-0.6411572694778442 8.266551971435547 92.2842788696289
-0.7262513041496277 8.309980392456055 92.49708557128906
-0.8018534779548645 8.403768539428711 92.69345092773438
2.312103033065796 8.790579795837402 92.40290832519531
3.11198091506958 8.849098205566406 92.69914245605469
3.7776310443878174 9.057260513305664 92.94288635253906
10.738114356994629 8.471352577209473 94.00373840332031
10.582191467285156 8.521312713623047 93.9803237915039
10.82557201385498 8.382041931152344 94.16633605957031
10.462872505187988 8.932312965393066 93.69277954101562
10.555469512939453 8.82323169708252 93.7059555053711
10.364892959594727 8.872278213500977 93.77823638916016
10.382247924804688 8.708320617675781 93.8765869140625
-0.4277777075767517 10.229666709899902 92.02474212646484
-0.31871816515922546 10.09420108795166 91.74144744873047
4.202448844909668 9.460041046142578 93.22633361816406
3.941084384918213 9.541210174560547 93.15802001953125
13.080808639526367 9.279548645019531 94.08500671386719
13.010042190551758 9.430842399597168 94.21843719482422
12.76772689819336 9.215494155883789 94.30952453613281
10.88739013671875 10.173661231994629 93.69915771484375
11.085790634155273 10.378840446472168 93.9632797241211
13.430644035339355 10.037171363830566 93.9511947631836
11.957498550415039 10.42116928100586 94.35209655761719
12.108270645141602 10.36414623260498 94.39441680908203
0.3256440758705139 8.386551856994629 92.01519775390625
0.04228474199771881 8.307873725891113 92.08677673339844
-0.5592793226242065 8.274456024169922 92.08609771728516
-0.467132568359375 8.338360786437988 91.87033081054688
-0.6031160354614258 8.264506340026855 92.19144439697266
2.0584325790405273 8.633846282958984 92.38327026367188
4.110868453979492 8.884779930114746 93.09103393554688
11.172351837158203 8.36650276184082 94.3513412475586
10.987836837768555 8.343567848205566 94.31912994384766
11.309799194335938 8.416725158691406 94.14046478271484
11.346100807189941 8.404640197753906 94.40339660644531
10.15611743927002 8.982290267944336 93.8507308959961
10.179267883300781 9.167581558227539 93.79271697998047
10.549084663391113 9.891260147094727 93.7109375
12.949996948242188 9.57552719116211 94.29981231689453
10.940030097961426 10.303031921386719 93.90979766845703
11.417872428894043 10.453730583190918 94.27729034423828
-0.628786563873291 8.264777183532715 92.25394439697266
4.423336505889893 8.979218482971191 93.20877838134766
4.517669677734375 8.81644058227539 93.26663970947266
4.57067346572876 9.062698364257812 93.27059173583984
4.563884735107422 8.927112579345703 93.26917266845703
10.152657508850098 8.785728454589844 93.94243621826172
9.904131889343262 9.06204605102539 93.98717498779297
11.60338306427002 8.59403133392334 94.74108123779297
12.684151649475098 9.366069793701172 94.44828796386719
10.680639266967773 10.1648530960083 93.91536712646484
11.055460929870605 10.392783164978027 94.18672943115234
11.241600036621094 10.434945106506348 94.22428131103516
13.226958274841309 10.112285614013672 94.0503158569336
11.668425559997559 10.46541690826416 94.29197692871094
0.3467741906642914 8.266054153442383 92.28352355957031
0.6708904504776001 8.345746040344238 92.19403839111328
0.8649511337280273 8.216571807861328 92.57276153564453
-0.672112226486206 8.27584171295166 92.36083221435547
4.22212028503418 8.711544036865234 93.17880249023438
10.42628288269043 8.46241569519043 94.11351776123047
4.855627059936523 9.04383373260498 93.38748931884766
9.913232803344727 8.867894172668457 94.037109375
4.8636393547058105 9.211404800415039 93.41647338867188
4.570314884185791 9.200742721557617 93.28972625732422
12.380115509033203 8.973832130432129 94.4619369506836
12.41574764251709 9.193304061889648 94.58866882324219
12.636673927307129 9.527684211730957 94.51889038085938
12.422348976135254 9.38435173034668 94.65145874023438
12.816638946533203 9.71524429321289 94.39859771728516
10.777722358703613 10.299345970153809 94.16522979736328
12.91883373260498 9.876015663146973 94.31002044677734
11.19915771484375 10.400246620178223 94.41939544677734
11.351000785827637 10.416744232177734 94.40766143798828
1.4555182456970215 8.22808837890625 92.67523193359375
2.4074246883392334 8.561030387878418 92.56259155273438
2.0591704845428467 8.460623741149902 92.51885223388672
3.0186562538146973 8.647420883178711 92.7403564453125
2.9596285820007324 8.42508602142334 92.87617492675781
-0.78911292552948 8.38343620300293 92.65975952148438
-0.853371262550354 8.511429786682129 92.83305358886719
3.4121687412261963 8.508180618286133 92.97425079345703
4.527222156524658 8.648966789245605 93.32159423828125
4.681430816650391 8.763176918029785 93.34428405761719
11.025997161865234 8.324345588684082 94.5328140258789
9.45520305633545 8.740594863891602 94.3564224243164
9.956685066223145 8.682382583618164 94.11036682128906
5.406644344329834 9.124435424804688 93.62726593017578
-0.9091528654098511 9.605267524719238 93.11347198486328
-0.9246231317520142 9.51124095916748 93.13867950439453
-0.946264386177063 9.297799110412598 93.1631088256836
9.41052532196045 8.902388572692871 94.3329086303711
9.516056060791016 9.031106948852539 94.2445297241211
10.165990829467773 10.003959655761719 94.21392822265625
12.588231086730957 9.68880558013916 94.55300903320312
12.498598098754883 9.97889518737793 94.52898406982422
12.586135864257812 10.099702835083008 94.41749572753906
0.4415450990200043 8.209214210510254 92.59489440917969
2.361332416534424 8.349597930908203 92.74726867675781
4.220627784729004 8.514716148376465 93.2728500366211
-0.9155417680740356 8.736505508422852 93.01410675048828
5.042402267456055 8.581632614135742 93.55036926269531
10.45329475402832 8.26107406616211 94.49468231201172
5.111162185668945 8.860336303710938 93.4979248046875
-0.9495011568069458 9.055890083312988 93.13898468017578
-0.929495096206665 8.82126235961914 93.05926513671875
10.00577449798584 8.512024879455566 94.22337341308594
-0.9503538012504578 9.086441040039062 93.14510345458984
-0.9415877461433411 9.362527847290039 93.16028594970703
-0.9330623745918274 9.446794509887695 93.15068817138672
9.302570343017578 8.970587730407715 94.39179229736328
11.459249496459961 8.48547077178955 94.65798950195312
11.29636287689209 8.451330184936523 94.7921142578125
11.257272720336914 8.390168190002441 94.5778579711914
9.34933090209961 9.1301908493042 94.3565902709961
-0.9017573595046997 9.643326759338379 93.10050964355469
-0.8647856116294861 9.795439720153809 93.03067016601562
11.521915435791016 8.62449836730957 94.88665771484375
4.730888366699219 9.350232124328613 93.4052963256836
5.066834926605225 9.475651741027832 93.61788940429688
5.329367160797119 9.302647590637207 93.64517211914062
4.535602569580078 9.532739639282227 93.41810607910156
4.730226516723633 9.614388465881348 93.5694580078125
11.968689918518066 10.300782203674316 94.52708435058594
11.951903343200684 10.172465324401855 94.67564392089844
12.138866424560547 10.251655578613281 94.51531982421875
3.5869979858398438 8.453869819641113 93.07978820800781
4.131984710693359 8.318791389465332 93.39999389648438
4.495491981506348 8.508771896362305 93.38025665283203
4.449421405792236 8.361169815063477 93.47283935546875
-0.9368199110031128 8.879297256469727 93.08477020263672
-0.9502871036529541 9.083453178405762 93.14453887939453
10.977490425109863 8.320355415344238 94.7762451171875
9.331534385681152 8.791145324707031 94.41141510009766
-0.721985936164856 10.121787071228027 92.72636413574219
-0.5983250141143799 10.241464614868164 92.44129180908203
11.513755798339844 8.823830604553223 95.11717224121094
5.433555603027344 9.448302268981934 93.76396942138672
5.156291484832764 9.600671768188477 93.7529067993164
10.899847030639648 10.351764678955078 94.41787719726562
12.640985488891602 9.857220649719238 94.48841094970703
-0.3237253427505493 8.277640342712402 92.62094116210938
-0.7183750867843628 8.303494453430176 92.47706604003906
-0.5132946968078613 8.25917911529541 92.32678985595703
-0.028440088033676147 8.232437133789062 92.5142593383789
1.4026153087615967 8.158235549926758 92.97321319580078
3.4443702697753906 8.30018138885498 93.1806411743164
5.046710968017578 8.406968116760254 93.6549072265625
5.568020820617676 8.502695083618164 93.79129028320312
10.496438980102539 8.205936431884766 94.73432922363281
6.025341987609863 8.934467315673828 93.8666000366211
5.8286848068237305 8.695006370544434 93.8172836303711
9.386292457580566 8.626712799072266 94.44953918457031
5.751804828643799 9.057150840759277 93.76160430908203
5.6263508796691895 9.24774169921875 93.7529296875
11.33281421661377 8.58641242980957 95.0312271118164
-0.8307801485061646 9.9008207321167 92.96186828613281
-0.8655871152877808 9.792633056640625 93.0322494506836
-0.8165653944015503 9.938335418701172 92.93223571777344
3.9978699684143066 9.768661499023438 93.38636016845703
3.588350534439087 9.80695915222168 93.2380142211914
3.8881278038024902 9.874746322631836 93.486083984375
11.647871017456055 9.08409309387207 95.15251159667969
11.697267532348633 9.298945426940918 95.16472625732422
10.686335563659668 10.290619850158691 94.64815521240234
12.366010665893555 9.910172462463379 94.6353988647461
1.8677347898483276 8.166589736938477 92.96685791015625
2.3351736068725586 8.202564239501953 92.98255920410156
2.3260843753814697 8.117825508117676 93.27045440673828
4.9548540115356445 8.228132247924805 93.7892837524414
4.374970436096191 8.197346687316895 93.63233184814453
10.31618595123291 8.200228691101074 94.67296600341797
9.022880554199219 8.52503490447998 94.70450592041016
8.944488525390625 8.69039535522461 94.67817687988281
6.772588729858398 8.91971492767334 94.17432403564453
11.302364349365234 8.757705688476562 95.25194549560547
5.405470848083496 9.609667778015137 93.87615203857422
9.709968566894531 9.584362030029297 94.22109985351562
9.350325584411621 9.542744636535645 94.4995346069336
9.915946006774902 9.995549201965332 94.48771667480469
11.420225143432617 10.255413055419922 94.77171325683594
12.185879707336426 9.929215431213379 94.72982788085938
-0.09952197968959808 8.271249771118164 92.7369384765625
1.3114795684814453 8.177812576293945 93.24004364013672
6.787718296051025 8.713022232055664 94.19561767578125
6.114803314208984 8.524802207946777 93.99041748046875
11.11491584777832 8.5116548538208 95.14974212646484
10.977580070495605 8.366419792175293 94.99657440185547
11.153849601745605 8.422283172607422 94.91069030761719
5.802643775939941 9.363862037658691 93.879150390625
5.773890495300293 9.524046897888184 93.97030639648438
-0.8450239896774292 9.85965633392334 92.99108123779297
-0.8001620173454285 9.977782249450684 92.89754486083984
-0.8654216527938843 9.793213844299316 93.03192138671875
11.417466163635254 9.040363311767578 95.31583404541016
10.609932899475098 10.241435050964355 94.87078857421875
11.676727294921875 9.832035064697266 95.06338500976562
1.8804590702056885 8.128662109375 93.29853820800781
1.7873691320419312 8.179849624633789 93.55308532714844
4.227675437927246 8.096253395080566 93.76815795898438
3.9604194164276123 8.166927337646484 93.54592895507812
-0.8989523649215698 8.659326553344727 92.96353149414062
-0.8936386108398438 8.638094902038574 92.94779205322266
-0.8574999570846558 8.522265434265137 92.84453582763672
-0.9297217726707458 8.822874069213867 93.0600357055664
-0.9151760339736938 8.73458194732666 93.0129623413086
7.119552135467529 8.521772384643555 94.38147735595703
-0.884770929813385 9.719688415527344 93.06928253173828
-0.8974158763885498 9.664156913757324 93.09270477294922
-0.9011971950531006 9.646072387695312 93.0995101928711
11.192509651184082 8.933680534362793 95.45110321044922
9.382676124572754 9.707514762878418 94.61714172363281
9.568888664245605 9.853036880493164 94.62328338623047
11.675154685974121 9.708306312561035 95.12075805664062
11.56336498260498 9.608208656311035 95.22187805175781
11.515021324157715 9.7402982711792 95.1999740600586
4.466933250427246 8.1005220413208 93.8284683227539
4.230449199676514 8.032112121582031 93.9621353149414
5.413771629333496 8.178823471069336 94.00785064697266
5.665765285491943 8.07919692993164 94.23812866210938
0.7859368324279785 8.347918510437012 93.399658203125
-0.46566468477249146 8.492188453674316 92.99470520019531
-0.4630183279514313 8.564892768859863 93.07780456542969
-0.9297725558280945 8.823236465454102 93.0602035522461
11.270479202270508 9.221040725708008 95.46013641357422
11.50614070892334 9.858053207397461 95.14044952392578
11.413397789001465 9.94091796875 95.12908172607422
11.064679145812988 10.222612380981445 94.9166030883789
11.033689498901367 10.145963668823242 95.05599975585938
11.28625774383545 10.169867515563965 94.94102478027344
3.8566410541534424 8.059755325317383 93.77933502197266
6.701349258422852 9.46488094329834 94.34455871582031
5.964139938354492 9.63297176361084 94.16100311279297
9.44597053527832 9.873882293701172 94.80364990234375
10.396071434020996 10.227048873901367 94.69945526123047
10.353706359863281 10.192915916442871 94.96955871582031
5.936951160430908 8.052828788757324 94.37004089355469
7.426144123077393 8.362195014953613 94.57701873779297
8.724089622497559 8.257477760314941 95.04165649414062
7.645136833190918 8.203460693359375 94.77215576171875
8.78587818145752 8.401381492614746 94.90509033203125
9.65180492401123 8.112188339233398 94.91122436523438
9.360138893127441 8.20785140991211 94.8264389038086
9.69708251953125 8.213308334350586 94.71131134033203
-0.9219965934753418 9.528987884521484 93.13463592529297
-0.9327635169029236 9.449319839477539 93.15029907226562
-0.9283461570739746 9.484391212463379 93.1441879272461
9.196231842041016 9.7214994430542 94.82215118408203
11.413646697998047 9.790365219116211 95.2304458618164
10.763514518737793 10.200348854064941 95.0096435546875
10.84283447265625 10.138009071350098 95.12117004394531
7.014916896820068 8.01578140258789 94.77588653564453
5.425992488861084 8.00306224822998 94.33187103271484
9.785257339477539 8.048186302185059 95.10880279541016
9.48460578918457 8.008930206298828 95.18344116210938
6.54266881942749 9.628292083740234 94.42973327636719
10.597848892211914 10.10926628112793 95.228759765625
10.907407760620117 10.086560249328613 95.18385314941406
11.184935569763184 10.083727836608887 95.08926391601562
11.130576133728027 9.982892036437988 95.22240447998047
11.403033256530762 10.044572830200195 95.04228973388672
7.498291969299316 7.97700309753418 94.99568939208984
7.603397846221924 8.056319236755371 94.91216278076172
9.059464454650879 8.006549835205078 95.229248046875
-0.9377390742301941 8.88767147064209 93.0881118774414
-0.9363794326782227 8.875389099121094 93.08317565917969
-0.9460158944129944 8.984556198120117 93.1210708618164
9.99869155883789 8.064804077148438 95.25605773925781
9.974637031555176 8.093034744262695 94.99166107177734
-0.9470973014831543 9.002565383911133 93.12608337402344
-0.9488195180892944 9.037848472595215 93.13494110107422
-0.9397414922714233 8.907086372375488 93.09555053710938
10.522994995117188 8.227799415588379 95.21807098388672
6.0621161460876465 9.769698143005371 94.40306854248047
6.625306606292725 9.742877006530762 94.64159393310547
5.674944877624512 9.792134284973145 94.24652862548828
5.767934799194336 9.858870506286621 94.44955444335938
11.189263343811035 9.721660614013672 95.39128875732422
10.137812614440918 10.160202026367188 94.93089294433594
9.91524887084961 10.099615097045898 95.14531707763672
10.212846755981445 10.130227088928223 95.18753051757812
7.163018703460693 7.937014579772949 94.97372436523438
7.46622371673584 7.893524169921875 95.16650390625
3.3434693813323975 8.05851936340332 94.0186767578125
4.173606872558594 8.020183563232422 94.40473175048828
3.6189725399017334 8.08910083770752 94.3343276977539
2.5541768074035645 8.222567558288574 94.07499694824219
8.759328842163086 8.119579315185547 95.16136932373047
9.28571891784668 8.08923625946045 95.02782440185547
9.249394416809082 7.973546028137207 95.27703857421875
-0.9368046522140503 8.879159927368164 93.08470916748047
-0.9304870367050171 8.828388214111328 93.0626220703125
1.6406327486038208 8.533049583435059 94.01686096191406
1.4293482303619385 8.71160888671875 94.03839874267578
0.11142051219940186 8.675127029418945 93.43235778808594
0.6684383153915405 8.791522979736328 93.7442398071289
-0.9124889373779297 9.100601196289062 93.16366577148438
-0.9509493708610535 9.137568473815918 93.15331268310547
10.806970596313477 8.423410415649414 95.34343719482422
6.808232307434082 9.58344841003418 94.50387573242188
3.0799014568328857 8.206624031066895 94.31407165527344
9.186164855957031 7.9199748039245605 95.43267822265625
8.989945411682129 7.9289350509643555 95.40316772460938
2.728623867034912 8.365639686584473 94.36246490478516
-0.9437536001205444 8.952619552612305 93.11133575439453
9.889366149902344 8.053301811218262 95.57601928710938
0.9756103754043579 8.937774658203125 93.92694091796875
10.216215133666992 8.157773971557617 95.45951843261719
0.21582606434822083 9.030494689941406 93.62577819824219
-0.562024712562561 9.17116928100586 93.31898498535156
-0.5612679719924927 9.201080322265625 93.32110595703125
-0.5614585876464844 9.047086715698242 93.30119323730469
8.926531791687012 9.651890754699707 95.00507354736328
6.218012809753418 9.85062026977539 94.68602752685547
5.960054874420166 9.902554512023926 94.77249908447266
5.493527889251709 9.885068893432617 94.37166595458984
10.28905200958252 9.997468948364258 95.50300598144531
10.481685638427734 10.020379066467285 95.41358184814453
10.364810943603516 10.081685066223145 95.32465362548828
7.029247760772705 7.880312919616699 95.11089324951172
6.809343338012695 7.94993257522583 94.84321594238281
7.744412422180176 7.9397969245910645 95.1403579711914
8.222206115722656 7.897436618804932 95.36954498291016
6.684421539306641 7.8717169761657715 95.1368408203125
8.93321704864502 7.84430456161499 95.6492919921875
9.11575984954834 7.874517917633057 95.59049987792969
4.015959739685059 8.093148231506348 94.56832122802734
3.6176609992980957 8.187888145446777 94.55322265625
9.352849006652832 7.92173433303833 95.49356842041016
1.9526478052139282 8.684391975402832 94.25408172607422
1.8196619749069214 8.872186660766602 94.26875305175781
10.283145904541016 8.309504508972168 95.73299407958984
-0.9491332769393921 9.0457181930542 93.1367416381836
-0.9507229328155518 9.107407569885254 93.14877319335938
-0.5576686859130859 9.279401779174805 93.32270050048828
-0.5625036954879761 9.130010604858398 93.31470489501953
-0.04639357328414917 9.226045608520508 93.53350830078125
-0.5560969114303589 9.303406715393066 93.32205200195312
10.868521690368652 8.582792282104492 95.48991394042969
2.942708969116211 9.906534194946289 94.2597427368164
2.337682008743286 9.885171890258789 94.09235382080078
2.7065508365631104 9.79443359375 94.33071899414062
3.383439302444458 9.818161010742188 94.5357666015625
5.263215065002441 9.941255569458008 94.4938735961914
5.457260608673096 9.932208061218262 94.79474639892578
10.995229721069336 9.701290130615234 95.50825500488281
10.833884239196777 9.643329620361328 95.62901306152344
10.130834579467773 10.04569149017334 95.43242645263672
10.203851699829102 9.960620880126953 95.58756256103516
8.8192777633667 7.90054178237915 95.48673248291016
9.30305290222168 7.894893646240234 95.63842010498047
9.483864784240723 7.934813022613525 95.66749572753906
-0.9442367553710938 8.958938598632812 93.11334991455078
2.152864456176758 8.682321548461914 94.34078216552734
2.3592281341552734 8.510072708129883 94.32486724853516
2.632351875305176 8.62549877166748 94.52191925048828
10.155890464782715 8.196197509765625 95.66329956054688
-0.9481836557388306 9.023537635803223 93.13150024414062
-0.9509519338607788 9.139781951904297 93.15361022949219
0.7457718849182129 9.093088150024414 93.85588836669922
-0.9229209423065186 9.522844314575195 93.13607025146484
-0.9280566573143005 9.486559867858887 93.14376831054688
-0.930902361869812 9.464584350585938 93.14778900146484
6.229065895080566 9.89462947845459 94.99016571044922
6.57397985458374 9.847174644470215 94.8938980102539
5.052870750427246 9.956486701965332 94.59799194335938
9.723294258117676 10.015886306762695 95.48799896240234
10.42293643951416 9.92568588256836 95.56962585449219
10.310128211975098 9.911338806152344 95.62832641601562
10.624079704284668 9.96533203125 95.44580078125
7.445464611053467 7.83990478515625 95.3719482421875
7.76430082321167 7.864664554595947 95.32613372802734
7.907720565795898 7.817501068115234 95.54535675048828
8.178254127502441 7.841536045074463 95.49819946289062
8.753314971923828 7.836085796356201 95.65156555175781
6.228888988494873 7.89426326751709 95.1287612915039
9.261568069458008 7.878583908081055 95.80435180664062
4.15565299987793 8.170475959777832 94.7938461303711
4.598898410797119 8.052809715270996 94.78560638427734
3.7286224365234375 8.339839935302734 94.8032455444336
-0.9483824968338013 9.027812957763672 93.1325454711914
1.936700463294983 8.866077423095703 94.3169174194336
-0.9507169723510742 9.106968879699707 93.14869689941406
1.6178348064422607 9.070124626159668 94.21600341796875
1.934239149093628 9.026583671569824 94.3441390991211
-0.950006365776062 9.2116117477417 93.16081237792969
0.8367739915847778 9.214115142822266 93.89527893066406
-0.9494147300720215 9.230908393859863 93.16192626953125
10.589224815368652 8.845663070678711 95.8892593383789
-0.39603859186172485 9.757424354553223 93.23160552978516
-0.48840802907943726 9.730168342590332 93.21379852294922
0.7517397403717041 9.7139892578125 93.69065856933594
1.5511174201965332 9.723973274230957 93.98009490966797
1.6545064449310303 9.62243366241455 94.08915710449219
6.043463230133057 9.90234088897705 95.00972747802734
10.573952674865723 9.843080520629883 95.60406494140625
8.306086540222168 7.810885429382324 95.63570404052734
9.091545104980469 7.839316368103027 95.81145477294922
6.653546333312988 7.871515274047852 95.30831909179688
5.022762298583984 7.9842329025268555 94.805908203125
4.69219446182251 8.137945175170898 95.00889587402344
10.079567909240723 8.307204246520996 95.94332885742188
10.316513061523438 8.505760192871094 95.926025390625
-0.9505371451377869 9.18796443939209 93.15897369384766
1.4861749410629272 9.323662757873535 94.1431884765625
1.8622705936431885 9.231707572937012 94.30998992919922
0.18176501989364624 9.343902587890625 93.61637878417969
10.54418659210205 9.15188217163086 95.95825958251953
10.692434310913086 9.069232940673828 95.85662841796875
10.579229354858398 9.242398262023926 95.92465209960938
10.691997528076172 9.270874977111816 95.84721374511719
10.620368957519531 9.378571510314941 95.86690521240234
8.745756149291992 7.80088472366333 95.76408386230469
8.946828842163086 7.821287155151367 95.76117706298828
7.345273971557617 7.831356048583984 95.53427124023438
7.618330001831055 7.816993713378906 95.58467864990234
8.995067596435547 7.819119930267334 95.83063507080078
4.470037937164307 8.298369407653809 95.10676574707031
9.834599494934082 8.170795440673828 95.9980697631836
3.0780560970306396 8.692703247070312 94.74839782714844
10.020261764526367 8.315126419067383 96.01282501220703
-0.9496563076972961 9.2235746383667 93.16154479980469
1.9396768808364868 9.158197402954102 94.34831237792969
0.7004280090332031 9.435014724731445 93.8031005859375
1.9961011409759521 9.546122550964355 94.2623291015625
2.2533788681030273 9.61660385131836 94.31832885742188
2.0365114212036133 9.692668914794922 94.18338775634766
10.497795104980469 9.73729419708252 95.73563385009766
8.857780456542969 7.790659427642822 95.8479232788086
8.726494789123535 7.77628755569458 95.8485107421875
8.533400535583496 7.784691333770752 95.79560852050781
8.155893325805664 7.7953081130981445 95.70719909667969
9.089694023132324 7.836562156677246 95.974853515625
6.979051113128662 7.859346389770508 95.50053405761719
6.554398059844971 7.911186218261719 95.4778823852539
9.698631286621094 8.125907897949219 96.0721435546875
5.319305896759033 8.169365882873535 95.36150360107422
10.091361045837402 8.495737075805664 96.11687469482422
9.93350887298584 8.459522247314453 96.22782135009766
2.193389415740967 9.127861022949219 94.453369140625
2.0789132118225098 9.289701461791992 94.38715362548828
1.9652504920959473 9.387600898742676 94.3164291381836
-0.9406008124351501 9.373884201049805 93.15939331054688
-0.944502592086792 9.324891090393066 93.16240692138672
-0.9367648959159851 9.41349983215332 93.1552963256836
-0.540884256362915 9.455906867980957 93.30521392822266
-0.9171878099441528 9.559370994567871 93.126953125
1.6618499755859375 9.472393989562988 94.16735076904297
-0.5455101132392883 9.511480331420898 93.2884750366211
-0.6785984039306641 9.621204376220703 93.19657135009766
-0.5181120038032532 9.59798526763916 93.26859283447266
2.2875564098358154 9.452105522155762 94.41888427734375
2.688962936401367 9.561538696289062 94.51712799072266
-0.5081477761268616 9.646942138671875 93.25082397460938
-0.5238674879074097 9.566816329956055 93.27847290039062
2.5175178050994873 9.693528175354004 94.35948181152344
6.020097255706787 9.8795166015625 95.17143249511719
6.369288921356201 9.86737060546875 95.28102111816406
9.326168060302734 9.886404991149902 95.86553955078125
9.559576034545898 9.926387786865234 95.7607650756836
8.591659545898438 7.763126373291016 95.91683959960938
7.923254013061523 7.799964427947998 95.72675323486328
7.9533891677856445 7.8062825202941895 95.90013885498047
7.573324680328369 7.822136878967285 95.69486999511719
8.987666130065918 7.8278632164001465 95.83303833007812
7.009943008422852 7.89563512802124 95.69833374023438
9.20431900024414 7.87374210357666 95.99735260009766
6.472239017486572 8.001813888549805 95.67035675048828
5.8067097663879395 8.067813873291016 95.4510269165039
5.193767547607422 8.326759338378906 95.46630096435547
4.5767035484313965 8.504816055297852 95.31269073486328
-0.950809121131897 9.114577293395996 93.14993286132812
-0.9484765529632568 9.029894828796387 93.13304901123047
-0.9503801465034485 9.08765697479248 93.14532470703125
-0.9508487582206726 9.164787292480469 93.15666961669922
2.6088032722473145 9.211986541748047 94.61380767822266
-0.8702540993690491 9.467742919921875 93.1712646484375
5.60466194152832 9.885326385498047 95.06824493408203
5.94625997543335 9.81995964050293 95.34322357177734
9.663573265075684 9.938514709472656 95.72682189941406
9.716490745544434 9.881999969482422 95.84364318847656
9.842474937438965 9.947976112365723 95.68769073486328
10.474857330322266 9.597469329833984 95.84891510009766
10.385754585266113 9.825743675231934 95.70216369628906
10.296116828918457 9.767120361328125 95.80071258544922
10.403637886047363 9.723851203918457 95.79159545898438
8.723215103149414 7.749411106109619 95.9474105834961
8.098843574523926 7.79099178314209 95.8654556274414
9.505775451660156 8.162590026855469 95.95849609375
9.324357032775879 7.947380542755127 96.12433624267578
5.735998630523682 8.250201225280762 95.64720916748047
3.1934614181518555 9.280011177062988 94.83307647705078
10.313813209533691 9.040852546691895 96.11856842041016
3.510150909423828 9.668027877807617 94.7430191040039
4.303104877471924 9.543187141418457 95.13450622558594
4.335397243499756 9.638250350952148 95.0685043334961
4.64990234375 9.721868515014648 95.09101104736328
4.352792739868164 9.736515998840332 94.97073364257812
10.363853454589844 9.66205883026123 95.86079406738281
9.110221862792969 7.838362693786621 95.93952178955078
9.272298812866211 7.926537990570068 95.9531478881836
7.395914077758789 7.941510200500488 96.02977752685547
7.491140842437744 7.871026039123535 95.90131378173828
4.858476638793945 8.691442489624023 95.5132827758789
5.32870626449585 8.487590789794922 95.63465881347656
3.470576286315918 9.0806303024292 94.97712707519531
4.225602626800537 9.158721923828125 95.27223205566406
3.3270952701568604 9.204620361328125 94.9035415649414
3.049609899520874 9.404350280761719 94.73468017578125
3.30466890335083 9.386297225952148 94.84120178222656
10.05583667755127 9.797727584838867 95.86613464355469
9.910261154174805 9.852354049682617 95.84320068359375
10.018942832946777 9.740652084350586 95.9460678100586
8.727877616882324 7.704672336578369 96.11648559570312
8.66464900970459 7.731784343719482 96.01969909667969
9.076582908630371 7.789762496948242 96.03675079345703
9.58922290802002 8.24830150604248 96.04647827148438
9.642051696777344 8.176614761352539 96.21614074707031
-0.9503859281539917 9.195754051208496 93.15963745117188
-0.9486313462257385 9.251387596130371 93.16272735595703
3.4277150630950928 9.307860374450684 94.91753387451172
9.691194534301758 9.791830062866211 96.00152587890625
10.28412914276123 9.513859748840332 96.00126647949219
10.154289245605469 9.614282608032227 96.00079345703125
9.421464920043945 8.02382755279541 96.02361297607422
5.232169151306152 8.854635238647461 95.70008087158203
5.674564361572266 8.65057373046875 95.84965515136719
4.449216365814209 8.873888969421387 95.3761978149414
10.10580825805664 8.683316230773926 96.20679473876953
10.093073844909668 8.941512107849121 96.26944732666016
9.941646575927734 8.882801055908203 96.37232208251953
-0.9462414979934692 9.29818058013916 93.16310119628906
-0.9476478099822998 9.272671699523926 93.16314697265625
10.054349899291992 9.10341739654541 96.28610229492188
4.412997722625732 9.445868492126465 95.2385482788086
4.555178165435791 9.553600311279297 95.22013092041016
7.857879161834717 9.723806381225586 96.10980987548828
7.742025852203369 9.78977108001709 95.86058044433594
7.160107135772705 9.77098274230957 95.79901123046875
5.056765079498291 9.571136474609375 95.38983154296875
9.819518089294434 9.718317985534668 96.0517578125
9.938197135925293 8.631535530090332 96.31813049316406
9.708072662353516 8.853224754333496 96.18059539794922
5.040427207946777 9.461418151855469 95.46611022949219
9.912272453308105 9.634039878845215 96.09883117675781
10.093093872070312 9.633713722229004 96.01480102539062
8.46435546875 7.734781265258789 96.15814208984375
8.330023765563965 7.780117988586426 96.1798095703125
8.380622863769531 7.778713703155518 96.07198333740234
7.656879901885986 7.896205902099609 96.06705474853516
8.00473403930664 7.833981990814209 96.08012390136719
8.215322494506836 7.838128089904785 96.19339752197266
8.114798545837402 7.898692607879639 96.27841186523438
7.531612873077393 8.001529693603516 96.2040786743164
6.473818778991699 8.410094261169434 96.09703063964844
4.9094719886779785 9.21765422821045 95.52947235107422
4.274235725402832 9.288838386535645 95.25647735595703
4.85817813873291 9.341094017028809 95.4627685546875
10.065653800964355 9.292665481567383 96.22956848144531
10.021690368652344 9.218390464782715 96.28075408935547
10.209827423095703 9.402826309204102 96.10003662109375
10.162149429321289 9.509008407592773 96.06958770751953
10.113408088684082 9.411271095275879 96.15055084228516
9.212977409362793 7.732369899749756 96.3599853515625
8.390114784240723 7.741307735443115 96.2577133178711
9.392871856689453 7.913445472717285 96.20052337646484
8.25291919708252 7.80362606048584 96.2837905883789
9.462616920471191 8.011327743530273 96.13735961914062
9.640846252441406 8.3140869140625 96.1125259399414
9.69767951965332 8.543904304504395 96.1010513305664
9.718864440917969 8.472675323486328 96.226318359375
9.735745429992676 8.671065330505371 96.23119354248047
6.415162086486816 8.585525512695312 96.14661407470703
5.678582191467285 8.97846508026123 95.88325500488281
5.165648937225342 9.096722602844238 95.66060638427734
5.696012020111084 9.14096736907959 95.86233520507812
5.72353458404541 9.298768997192383 95.81623840332031
5.749074459075928 9.405750274658203 95.76824188232422
5.824836730957031 9.624385833740234 95.6128158569336
9.299263000488281 7.782685279846191 96.34941101074219
8.018450736999512 7.982229709625244 96.3620834350586
9.750919342041016 8.673718452453613 96.30377197265625
9.732340812683105 8.849770545959473 96.3231201171875
9.674765586853027 9.01729679107666 96.26053619384766
9.668266296386719 9.06679916381836 96.39446258544922
8.626934051513672 9.661389350891113 96.5232162475586
8.463047981262207 9.666640281677246 96.41477966308594
8.436322212219238 9.614572525024414 96.55268096923828
7.869504928588867 9.648072242736816 96.26876068115234
7.453760147094727 9.69511890411377 96.0538330078125
7.475219249725342 9.62798023223877 96.1724624633789
9.980401992797852 9.498209953308105 96.17202758789062
9.403688430786133 7.860996246337891 96.3382568359375
8.35375690460205 7.715350151062012 96.5128173828125
9.51954460144043 7.985345840454102 96.31440734863281
6.662295818328857 9.624739646911621 95.9028549194336
6.166255950927734 9.58130168914795 95.7793197631836
6.694195747375488 9.523527145385742 96.02519226074219
9.29627799987793 7.721466541290283 96.50196838378906
9.174633026123047 7.670460224151611 96.48773956298828
7.178707122802734 8.47066879272461 96.4339828491211
7.771326065063477 8.553641319274902 96.57758331298828
5.700401306152344 9.170978546142578 95.85562896728516
9.483738899230957 9.338379859924316 96.5281753540039
9.534101486206055 9.283926963806152 96.47537994384766
6.053182601928711 9.482611656188965 95.82763671875
8.997600555419922 7.59327507019043 96.58179473876953
9.133493423461914 7.619645595550537 96.59626770019531
9.057709693908691 7.573627471923828 96.68160247802734
7.962477207183838 8.047113418579102 96.431640625
7.928565502166748 8.113869667053223 96.68045043945312
6.5724310874938965 8.988452911376953 96.24393463134766
5.6963958740234375 9.143698692321777 95.86176300048828
9.231392860412598 7.65873908996582 96.58612060546875
9.321763038635254 7.681955337524414 96.6413803100586
7.81649923324585 8.874602317810059 96.69456481933594
8.790487289428711 9.61091423034668 96.72936248779297
8.73453426361084 9.637656211853027 96.62928771972656
8.668006896972656 9.599724769592285 96.75305938720703
9.1995210647583 7.607613563537598 96.69668579101562
9.409768104553223 7.764305114746094 96.5733642578125
9.426843643188477 7.7382965087890625 96.66434478759766
9.39910888671875 7.807334899902344 96.45350646972656
9.504440307617188 7.854737758636475 96.5466079711914
7.78250789642334 8.723603248596191 96.64971923828125
7.798027038574219 8.609164237976074 96.7304916381836
7.828858852386475 8.780233383178711 96.80987548828125
5.922467231750488 9.15726375579834 95.94737243652344
6.425891876220703 9.087675094604492 96.16577911376953
8.682945251464844 7.563627243041992 96.71760559082031
9.7076997756958 8.233193397521973 96.41932678222656
9.769207000732422 8.452996253967285 96.43196868896484
9.761320114135742 8.282539367675781 96.53831481933594
7.879953384399414 8.926200866699219 96.86051940917969
7.87780237197876 8.981200218200684 96.78997039794922
8.373291969299316 9.519721031188965 96.75861358642578
9.382075309753418 7.682605743408203 96.72854614257812
9.27917766571045 7.625783920288086 96.73590850830078
8.753616333007812 7.533292770385742 96.79974365234375
8.623395919799805 7.552793979644775 96.83323669433594
6.648261547088623 9.271246910095215 96.1854019165039
5.976556301116943 9.2827730178833 95.92124938964844
8.923527717590332 7.526436805725098 96.79206085205078
9.487242698669434 7.757968425750732 96.7255859375
7.94188928604126 9.024585723876953 96.92536163330078
8.045183181762695 9.223918914794922 96.86264038085938
9.338458061218262 7.6306304931640625 96.79995727539062
9.247420310974121 7.586877822875977 96.80819702148438
8.703282356262207 7.52438497543335 96.87659454345703
9.509777069091797 7.813069820404053 96.6464614868164
9.589360237121582 7.852927207946777 96.72848510742188
8.0338773727417 9.159716606140137 96.95315551757812
8.100475311279297 9.238560676574707 96.95854187011719
8.144582748413086 9.324287414550781 96.87224578857422
8.250617980957031 9.37639045715332 96.94788360595703
9.441571235656738 7.69439697265625 96.79438781738281
8.182544708251953 9.308517456054688 96.98047637939453
8.583718299865723 7.546982765197754 96.92494201660156
9.391609191894531 7.644049167633057 96.84082794189453
9.549741744995117 7.781351089477539 96.7938461303711
7.881068706512451 8.281275749206543 96.90748596191406
7.879237174987793 8.40030288696289 97.05818939208984
7.850874900817871 8.53466510772705 96.97200775146484
7.935352802276611 8.893896102905273 97.07511901855469
8.00722599029541 9.007134437561035 97.13502502441406
7.944108963012695 8.968289375305176 97.00897216796875
9.275941848754883 9.451666831970215 96.89939880371094
9.251455307006836 9.480984687805176 96.78974914550781
9.152793884277344 9.501938819885254 96.91429901123047
9.08028507232666 9.543439865112305 96.822021484375
8.788534164428711 7.505613327026367 96.89772033691406
8.92392635345459 7.508658409118652 96.85790252685547
9.35827922821045 9.398542404174805 96.951416015625
9.387466430664062 9.396199226379395 96.81716918945312
8.032992362976074 9.100668907165527 97.05335235595703
8.084178924560547 9.151695251464844 97.0881118774414
8.170085906982422 9.243600845336914 97.09532165527344
8.253368377685547 9.323362350463867 97.0776138305664
8.349615097045898 9.39788818359375 97.05150604248047
8.563733100891113 7.52459716796875 97.08770751953125
8.656416893005371 7.513790130615234 96.97945404052734
9.485376358032227 7.698275566101074 96.85980987548828
9.807332992553711 8.046784400939941 96.96067810058594
9.819403648376465 8.169764518737793 96.84921264648438
9.867883682250977 8.242365837097168 96.94747924804688
8.00454330444336 9.050565719604492 97.0608139038086
8.078972816467285 9.096391677856445 97.17546081542969
9.20800495147705 9.462664604187012 97.0160903930664
9.317732810974121 9.401836395263672 97.08521270751953
8.676919937133789 7.483953475952148 97.09780883789062
8.47392749786377 7.550039291381836 97.19373321533203
8.357635498046875 7.619777679443359 97.22801208496094
8.310721397399902 7.665727138519287 97.1231689453125
9.426572799682617 9.339890480041504 97.07233428955078
9.876348495483398 8.697229385375977 97.01780700683594
9.825604438781738 8.83193588256836 96.94747924804688
9.822466850280762 8.880119323730469 97.10682678222656
8.152408599853516 9.170353889465332 97.20729064941406
9.090826988220215 9.477612495422363 97.12760925292969
8.758051872253418 7.444711208343506 97.18826293945312
8.665912628173828 7.461457252502441 97.22782897949219
8.800917625427246 7.4610443115234375 97.08039855957031
9.899702072143555 8.477887153625488 96.98526763916016
9.916424751281738 8.358339309692383 97.0721206665039
8.686929702758789 7.4099440574646 97.46076202392578
8.580728530883789 7.498419761657715 97.19727325439453
9.873469352722168 8.154948234558105 97.04508209228516
9.920882225036621 8.202864646911621 97.17188262939453
8.501832962036133 9.263093948364258 97.6204605102539
8.455565452575684 9.366246223449707 97.2828140258789
8.163982391357422 7.803396701812744 97.41122436523438
8.221235275268555 7.736937046051025 97.26113891601562
8.299947738647461 7.653871059417725 97.38172149658203
8.388872146606445 9.176448822021484 97.6587905883789
8.093527793884277 8.833958625793457 97.63113403320312
8.08311939239502 8.723861694335938 97.74288177490234
8.180144309997559 8.897318840026855 97.77064514160156
8.890673637390137 7.354475975036621 97.48200988769531
9.021087646484375 7.351227283477783 97.45277404785156
9.029410362243652 7.351606369018555 97.45105743408203
8.817617416381836 9.332694053649902 97.7304458618164
8.94295883178711 9.341279029846191 97.74649810791016
8.869449615478516 9.383404731750488 97.57855987548828
9.459636688232422 9.25741195678711 97.54771423339844
8.752448081970215 7.375971794128418 97.52535247802734
8.948725700378418 7.289731979370117 97.72383117675781
8.622296333312988 7.419154644012451 97.55751037597656
8.698311805725098 7.392238616943359 97.53385162353516
9.466635704040527 7.50827169418335 97.30089569091797
9.557494163513184 7.56624698638916 97.29645538330078
9.494916915893555 7.4908976554870605 97.38660430908203
9.73799991607666 7.685573577880859 97.38520050048828
9.614187240600586 7.571720600128174 97.38202667236328
9.679123878479004 7.667452335357666 97.2967529296875
8.854158401489258 9.311166763305664 97.82188415527344
8.950745582580566 9.325663566589355 97.80470275878906
9.934741973876953 8.690200805664062 97.42252349853516
9.84183120727539 8.896183013916016 97.49622344970703
9.851792335510254 8.885662078857422 97.56250762939453
9.706140518188477 9.067110061645508 97.57195281982422
9.7444486618042 9.026481628417969 97.5769271850586
9.010719299316406 7.253388404846191 97.84436798095703
9.081110000610352 7.275001525878906 97.74113464355469
9.351739883422852 7.316598892211914 97.71477508544922
9.28921890258789 7.271613597869873 97.8130874633789
9.22022819519043 7.2873711585998535 97.7245101928711
9.676239013671875 7.585929870605469 97.46553802490234
9.94914436340332 8.688371658325195 97.53597259521484
9.993449211120605 8.40483283996582 97.4249496459961
9.42307186126709 7.305397033691406 97.81396484375
9.489814758300781 7.371586322784424 97.69890594482422
10.008164405822754 8.229482650756836 97.49933624267578
10.012869834899902 8.07015323638916 97.610595703125
9.941119194030762 8.001396179199219 97.43114471435547
9.341752052307129 7.262977123260498 97.87542724609375
8.260181427001953 7.705511093139648 98.1570053100586
8.18659782409668 7.848531723022461 98.13402557373047
9.914895057678223 7.846510410308838 97.55175018310547
8.369548797607422 8.97252368927002 98.07160186767578
8.385414123535156 8.948613166809082 98.154052734375
8.46163558959961 9.041756629943848 98.1004409790039
9.592025756835938 9.156590461730957 97.67549896240234
9.531455993652344 9.18390941619873 97.7782211303711
8.864642143249512 9.313204765319824 97.82014465332031
8.755956649780273 9.286423683166504 97.83670806884766
8.884367942810059 9.251468658447266 98.03752136230469
9.01652717590332 9.271475791931152 98.01254272460938
9.471270561218262 7.298572063446045 97.88372802734375
9.571322441101074 7.364732265472412 97.82478332519531
8.936857223510742 7.243927478790283 97.93445587158203
8.872393608093262 7.247478485107422 97.99068450927734
8.840322494506836 7.273861885070801 97.90569305419922
8.775266647338867 7.281139373779297 97.98341369628906
8.724116325378418 7.319521903991699 97.88280487060547
8.664294242858887 7.328908920288086 97.99928283691406
9.152199745178223 9.273734092712402 97.98096466064453
9.234936714172363 9.287199974060059 97.86109924316406
9.133806228637695 9.327147483825684 97.7652587890625
8.571515083312988 9.195391654968262 97.89575958251953
9.048462867736816 7.213387966156006 97.99352264404297
9.287665367126465 7.231383323669434 97.94623565673828
8.999048233032227 7.231861591339111 97.94100952148438
8.828746795654297 7.248569488525391 98.0541763305664
8.122235298156738 8.092962265014648 98.16507720947266
8.153961181640625 8.018373489379883 98.27376556396484
8.301734924316406 8.845316886901855 98.16423034667969
8.33082389831543 8.819130897521973 98.28144073486328
8.393701553344727 8.922426223754883 98.22512817382812
9.439395904541016 9.212292671203613 97.9022216796875
9.533247947692871 9.15880298614502 97.94952392578125
9.131552696228027 7.194671630859375 98.04627990722656
9.01791763305664 7.198035717010498 98.07447814941406
8.94411563873291 7.223865985870361 98.01899719238281
9.580109596252441 7.336920738220215 97.91050720214844
8.231680870056152 8.709207534790039 98.20399475097656
8.266165733337402 8.70738410949707 98.30224609375
8.626439094543457 9.105803489685059 98.20846557617188
8.512232780456543 9.021706581115723 98.23699188232422
8.723065376281738 7.286395072937012 98.08363342285156
8.775717735290527 7.253047943115234 98.14173126220703
8.668418884277344 7.302577495574951 98.16494750976562
8.39992618560791 7.517078876495361 98.1648178100586
8.462164878845215 7.450255393981934 98.23487091064453
8.344234466552734 7.587226867675781 98.32067108154297
8.386906623840332 8.856457710266113 98.34159088134766
9.720556259155273 9.034148216247559 97.89501953125
9.726975440979004 9.033964157104492 97.81256866455078
9.644800186157227 9.098718643188477 97.8580551147461
9.111035346984863 9.251401901245117 98.08511352539062
9.107665061950684 7.187423229217529 98.07914733886719
8.890185356140137 7.2187066078186035 98.10774230957031
8.686659812927246 7.285831451416016 98.21052551269531
8.581233978271484 7.3617730140686035 98.13005065917969
8.558364868164062 7.368777751922607 98.21963500976562
9.635416030883789 9.094599723815918 97.95875549316406
8.648195266723633 9.085205078125 98.29308319091797
8.570765495300293 9.00092601776123 98.38645935058594
8.992137908935547 7.190317153930664 98.12741088867188
8.948284149169922 7.165554046630859 98.2890853881836
8.560401916503906 7.3610405921936035 98.28351593017578
9.755644798278809 7.432760238647461 97.95677185058594
9.758237838745117 7.48052978515625 97.85498809814453
9.85959243774414 7.548070907592773 97.92376708984375
8.902359008789062 9.180068969726562 98.28248596191406
8.450958251953125 7.457764625549316 98.31590270996094
8.172576904296875 8.038949966430664 98.40245056152344
8.232422828674316 7.825713157653809 98.45245361328125
8.196663856506348 8.12155532836914 98.56212615966797
8.169775009155273 8.280590057373047 98.42022705078125
9.014313697814941 7.153939723968506 98.27164459228516
8.346297264099121 8.710494041442871 98.50899505615234
8.440147399902344 8.713224411010742 98.7347412109375
8.404464721679688 8.800251007080078 98.48920440673828
9.307393074035645 9.2035551071167 98.17357635498047
9.412118911743164 9.19652271270752 98.05348205566406
9.617582321166992 7.31361722946167 98.02392578125
9.500704765319824 7.2574462890625 98.03450012207031
9.569225311279297 7.3046875 97.98272705078125
8.490240097045898 7.4117512702941895 98.45386505126953
8.350180625915527 7.583780288696289 98.41959381103516
8.358733177185059 8.602107048034668 98.71652221679688
8.259990692138672 8.55221176147461 98.50236511230469
8.258408546447754 8.405899047851562 98.66300964355469
9.552079200744629 9.106754302978516 98.22796630859375
8.764647483825684 9.137866973876953 98.29129028320312
9.600217819213867 7.242598533630371 98.19195556640625
8.596746444702148 7.318865776062012 98.42951965332031
8.295531272888184 8.478160858154297 98.70404052734375
8.221145629882812 8.225541114807129 98.6534194946289
8.269457817077637 8.248515129089355 98.832275390625
8.377157211303711 8.627476692199707 98.72576904296875
8.433277130126953 8.70471477508545 98.7339859008789
8.774502754211426 8.984126091003418 98.73362731933594
8.917434692382812 7.161610126495361 98.35366821289062
8.238431930541992 8.033245086669922 98.74592590332031
8.221487998962402 7.938734531402588 98.58699798583984
8.277290344238281 7.769418239593506 98.6537094116211
8.352423667907715 8.575861930847168 98.739013671875
9.40618896484375 9.159022331237793 98.26078033447266
8.593910217285156 7.316132545471191 98.48292541503906
8.263703346252441 7.897522926330566 98.79238891601562
8.259336471557617 8.104308128356934 98.84947967529297
8.322649955749512 8.393644332885742 98.88887023925781
9.639212608337402 9.014385223388672 98.54120635986328
9.74396800994873 8.955989837646484 98.5152359008789
8.767239570617676 8.980351448059082 98.73421478271484
8.902080535888672 7.159980773925781 98.3883285522461
8.740979194641113 7.211040496826172 98.5223617553711
8.354402542114258 8.453045845031738 98.91624450683594
8.425667762756348 8.585545539855957 98.92100524902344
8.507406234741211 8.691422462463379 98.93122100830078
9.602112770080566 7.232080459594727 98.22332000732422
9.508614540100098 7.192646503448486 98.23323822021484
9.6973237991333 7.28402853012085 98.21633911132812
8.854246139526367 7.1544342041015625 98.52110290527344
8.650343894958496 7.261871337890625 98.59388732910156
8.299454689025879 8.261906623840332 98.93472290039062
9.06087589263916 7.096815586090088 98.48802947998047
9.032578468322754 7.108864784240723 98.45995330810547
9.118288040161133 7.102830410003662 98.42155456542969
8.356571197509766 8.365304946899414 99.0301742553711
8.402801513671875 8.496051788330078 98.99799346923828
9.990907669067383 8.727716445922852 98.44808959960938
9.892135620117188 8.839844703674316 98.45227813720703
10.001758575439453 8.715418815612793 98.64839172363281
8.48316764831543 8.631860733032227 98.98535919189453
9.892199516296387 8.826852798461914 98.66571044921875
8.57177734375 8.75327205657959 98.94577026367188
8.571489334106445 8.692300796508789 99.07064819335938
8.771486282348633 8.90806770324707 98.9310531616211
8.952452659606934 7.122985363006592 98.49452209472656
8.408178329467773 8.458868026733398 99.06681823730469
8.762502670288086 7.189000129699707 98.59183502197266
8.680007934570312 7.231020927429199 98.68060302734375
9.953815460205078 8.761320114135742 98.8034439086914
10.048615455627441 8.658605575561523 98.82550811767578
8.656732559204102 8.751439094543457 99.1170883178711
9.422969818115234 8.990639686584473 99.02977752685547
9.592741966247559 8.973230361938477 98.90389251708984
8.891607284545898 7.125066757202148 98.600341796875
9.860033988952637 7.343479156494141 98.35224151611328
9.9491548538208 7.4349846839904785 98.34367370605469
9.96240234375 7.3790283203125 98.48391723632812
8.273435592651367 8.024532318115234 98.9144515991211
8.296521186828613 7.90064811706543 98.98147583007812
8.309334754943848 8.18468952178955 99.02513122558594
9.694305419921875 8.927690505981445 98.92057800292969
9.300435066223145 7.083399295806885 98.4690170288086
9.467216491699219 7.087464809417725 98.52603149414062
9.017693519592285 7.079922199249268 98.61424255371094
8.959951400756836 7.080524921417236 98.70258331298828
8.826883316040039 7.137691020965576 98.70420837402344
8.73742961883545 7.179471015930176 98.78341674804688
10.055071830749512 7.483523368835449 98.5025634765625
10.020475387573242 7.3829522132873535 98.60409545898438
9.801078796386719 8.856602668762207 99.0143814086914
8.71516227722168 8.76150131225586 99.20121765136719
9.076193809509277 7.0436859130859375 98.71691131591797
10.108146667480469 7.472157001495361 98.65650177001953
8.573914527893066 8.64876937866211 99.1626968383789
8.874207496643066 8.874497413635254 99.16051483154297
9.312944412231445 8.97757339477539 99.12397766113281
9.128169059753418 7.055756568908691 98.61697387695312
9.184674263000488 7.020143985748291 98.73507690429688
8.898731231689453 7.0888590812683105 98.79364776611328
9.953107833862305 7.279009819030762 98.67354583740234
9.914375305175781 7.30715799331665 98.53660583496094
8.421931266784668 8.437798500061035 99.13616180419922
8.378230094909668 8.33731460571289 99.1316146850586
8.451014518737793 8.417463302612305 99.24850463867188
8.481051445007324 8.486330032348633 99.2270736694336
8.472439765930176 8.521712303161621 99.14736938476562
8.661163330078125 8.664878845214844 99.31385040283203
8.817204475402832 8.79141902923584 99.29741668701172
8.979928970336914 8.880389213562012 99.26850891113281
9.029402732849121 7.037234783172607 98.80880737304688
8.818836212158203 7.115082263946533 98.88975524902344
8.65913200378418 7.227278232574463 98.8955307006836
10.085685729980469 7.397939205169678 98.72856903076172
10.189664840698242 7.52356481552124 98.79865264892578
10.044557571411133 8.66145133972168 98.96756744384766
9.62619686126709 8.902349472045898 99.21692657470703
9.767660140991211 8.852204322814941 99.17094421386719
10.304149627685547 7.719120025634766 98.94686126708984
10.267112731933594 7.596579074859619 98.93903350830078
10.256328582763672 7.7304277420043945 98.76631927490234
10.314210891723633 7.892230033874512 98.89563751220703
9.759971618652344 8.814640998840332 99.42251586914062
8.935582160949707 8.804356575012207 99.4304428100586
9.11638355255127 7.013335704803467 98.81597137451172
9.1773099899292 6.992133140563965 98.85977172851562
9.778404235839844 7.1274943351745605 98.7385025024414
9.673097610473633 7.062644004821777 98.78418731689453
9.675728797912598 7.1009721755981445 98.67788696289062
8.982538223266602 7.0333685874938965 98.91305541992188
8.862214088439941 7.081928253173828 98.95208740234375
8.688533782958984 7.19246768951416 99.01911163330078
10.26738452911377 8.32564926147461 99.08786010742188
10.225029945373535 8.429789543151855 99.2492446899414
10.312252044677734 8.239585876464844 99.18128204345703
9.84810733795166 7.127905368804932 98.84078979492188
10.087635040283203 7.300634384155273 98.9140625
10.330643653869629 7.690463542938232 99.06586456298828
8.663540840148926 8.595268249511719 99.46356201171875
8.785367012023926 8.71452808380127 99.43376922607422
9.653907775878906 8.810643196105957 99.63263702392578
9.370186805725098 6.989800930023193 98.82182312011719
9.2871675491333 6.965470314025879 98.91917419433594
9.245437622070312 6.9837799072265625 98.85847473144531
8.756120681762695 8.622852325439453 99.59111785888672
8.88441276550293 8.72567081451416 99.56597137451172
9.149975776672363 6.983774662017822 98.91897583007812
10.055779457092285 7.2318806648254395 98.98165130615234
10.074869155883789 8.606043815612793 99.4881591796875
10.15732192993164 8.520651817321777 99.6007308959961
10.098979949951172 8.565165519714355 99.74808502197266
9.222357749938965 6.948582649230957 99.0182113647461
10.04456615447998 7.126114845275879 99.18497467041016
8.85658073425293 7.062867164611816 99.10957336425781
8.695777893066406 7.179434776306152 99.10655212402344
8.831262588500977 7.090503692626953 99.01655578613281
8.744988441467285 7.12990665435791 99.20655822753906
10.209324836730957 7.311850547790527 99.18427276611328
10.430192947387695 7.73808479309082 99.4320068359375
10.228590965270996 8.439857482910156 99.6573486328125
9.429697036743164 6.970046043395996 98.90569305419922
9.35950756072998 6.942326545715332 98.99879455566406
9.949796676635742 7.0517754554748535 99.19056701660156
10.038568496704102 7.102537631988525 99.2261962890625
9.306976318359375 6.918044567108154 99.10430908203125
10.2647705078125 7.313075065612793 99.3251953125
10.192536354064941 7.215789794921875 99.31535339355469
8.635193824768066 7.232241630554199 99.2083740234375
8.626031875610352 7.2401204109191895 99.3186264038086
8.517242431640625 7.387009143829346 99.27384185791016
8.4876708984375 7.4644036293029785 99.4385986328125
10.319219589233398 7.310456275939941 99.47602081298828
10.328736305236816 7.425322532653809 99.34062194824219
10.37871265411377 7.424257755279541 99.49501037597656
10.437004089355469 7.589447021484375 99.53378295898438
8.501842498779297 8.222331047058105 99.65831756591797
8.456949234008789 8.192025184631348 99.54757690429688
8.458171844482422 8.103161811828613 99.63630676269531
10.466928482055664 7.810734272003174 99.59577941894531
9.436153411865234 6.921823024749756 99.08042907714844
9.149710655212402 6.940169334411621 99.1214828491211
8.809183120727539 7.0753397941589355 99.26195526123047
8.417529106140137 7.87655782699585 99.57870483398438
10.437138557434082 8.05942153930664 99.679931640625
9.827890396118164 6.956308364868164 99.2646713256836
9.214698791503906 6.918019771575928 99.15824890136719
10.255757331848145 7.216048240661621 99.46598815917969
10.316017150878906 7.26331901550293 99.54064178466797
8.53835391998291 7.367624759674072 99.43738555908203
10.374874114990234 7.341782093048096 99.58936309814453
10.490188598632812 7.865089416503906 99.74128723144531
9.534998893737793 6.928286552429199 99.09127044677734
10.108085632324219 7.048061370849609 99.47876739501953
10.117773056030273 7.130074501037598 99.32147979736328
10.190230369567871 7.132205963134766 99.47083282470703
10.200358390808105 7.097182273864746 99.56265258789062
10.475886344909668 7.660358905792236 99.6490478515625
10.426111221313477 7.470183372497559 99.59782409667969
10.467048645019531 7.490729331970215 99.72038269042969
8.496159553527832 8.138070106506348 99.73430633544922
10.446006774902344 8.088079452514648 99.83130645751953
10.349562644958496 8.274868965148926 99.78118896484375
8.702497482299805 8.491079330444336 99.75638580322266
8.685574531555176 8.447471618652344 99.80207824707031
8.800472259521484 8.570328712463379 99.79188537597656
9.104127883911133 8.684453010559082 99.96859741210938
8.964445114135742 8.610529899597168 99.97894287109375
9.05025577545166 8.631689071655273 100.04740905761719
9.583988189697266 6.879541873931885 99.28007507324219
9.900335311889648 6.922868728637695 99.4486083984375
9.936807632446289 7.021841049194336 99.24404907226562
10.423840522766113 7.380281448364258 99.68936157226562
10.52062702178955 7.857541561126709 99.9065170288086
8.598180770874023 8.287505149841309 99.85291290283203
8.611337661743164 8.37697982788086 99.74604034423828
10.128641128540039 8.49301528930664 100.2439193725586
10.292471885681152 8.35731029510498 100.19793701171875
10.243644714355469 8.410294532775879 100.11297607421875
9.374613761901855 8.736030578613281 100.017333984375
9.200288772583008 8.696512222290039 100.03190612792969
9.263303756713867 8.647695541381836 100.23666381835938
10.09870433807373 7.00401496887207 99.56012725830078
10.014763832092285 6.976492404937744 99.48014068603516
8.679875373840332 7.176052093505859 99.4826431274414
8.535210609436035 7.397289276123047 99.60847473144531
10.351950645446777 7.294393539428711 99.59090423583984
10.40720272064209 7.317355632781982 99.71791076660156
8.479913711547852 7.981540679931641 99.8064956665039
8.530218124389648 8.096392631530762 99.89112091064453
8.582950592041016 8.193724632263184 99.94234466552734
9.517946243286133 8.65350341796875 100.34837341308594
9.41122817993164 8.683368682861328 100.21390533447266
9.344552040100098 8.610885620117188 100.4163589477539
9.7130765914917 6.90896463394165 99.27876281738281
9.650264739990234 6.846568584442139 99.42713928222656
10.193351745605469 7.028988361358643 99.68817901611328
8.783178329467773 7.073352813720703 99.50630950927734
8.624507904052734 7.248808860778809 99.65362548828125
10.502918243408203 7.504376411437988 99.84021759033203
10.460062980651855 7.412579536437988 99.7706069946289
10.521422386169434 7.938211441040039 100.02696990966797
10.463139533996582 8.096062660217285 100.02478790283203
10.483683586120605 8.075593948364258 100.14111328125
8.986629486083984 8.510791778564453 100.26065826416016
9.110843658447266 8.5849609375 100.25324249267578
9.672164916992188 8.64392375946045 100.36151885986328
9.532307624816895 8.626084327697754 100.45088958740234
9.72806167602539 8.621935844421387 100.42271423339844
9.89215087890625 8.605090141296387 100.30262756347656
8.923002243041992 6.969573020935059 99.51008605957031
10.278321266174316 7.1237359046936035 99.68690490722656
10.300061225891113 7.147184371948242 99.69622039794922
8.633742332458496 8.264551162719727 99.98546600341797
10.517260551452637 8.016410827636719 100.21345520019531
10.547898292541504 7.873025894165039 100.09159851074219
10.400303840637207 8.224559783935547 100.17134094238281
10.315617561340332 8.330458641052246 100.26734161376953
8.932720184326172 8.559347152709961 100.0538558959961
8.89231014251709 8.437031745910645 100.26167297363281
9.043124198913574 8.466915130615234 100.45980834960938
9.173768997192383 8.549518585205078 100.42981719970703
9.253050804138184 8.55538272857666 100.5034408569336
9.596802711486816 8.613391876220703 100.50211334228516
9.841954231262207 6.881048679351807 99.49250793457031
9.772234916687012 6.870190620422363 99.45085144042969
9.012999534606934 6.903281211853027 99.61387634277344
8.869535446166992 6.99203634262085 99.63497161865234
8.738598823547363 7.105721473693848 99.71145629882812
10.529741287231445 7.495786190032959 99.94705963134766
10.48621654510498 7.375021457672119 99.89684295654297
10.543960571289062 7.692377090454102 99.9457778930664
8.840145111083984 8.485507011413574 100.05447387695312
8.810766220092773 8.35726261138916 100.2583236694336
10.005230903625488 8.521471977233887 100.52085876464844
10.15071964263916 8.45118236541748 100.47061157226562
9.776937484741211 8.595244407653809 100.5030746459961
9.678716659545898 8.591167449951172 100.5754165649414
10.525978088378906 7.401706218719482 100.00641632080078
10.569043159484863 7.60053825378418 100.06320190429688
8.7417573928833 8.273781776428223 100.25125885009766
9.482169151306152 8.583035469055176 100.58853912353516
9.401780128479004 8.594468116760254 100.50806427001953
9.3005952835083 8.552522659301758 100.5594711303711
10.011460304260254 6.940988063812256 99.56244659423828
9.926328659057617 6.843817710876465 99.69731140136719
9.158758163452148 6.834352493286133 99.64051055908203
10.337146759033203 7.118797302246094 99.83708953857422
10.374387741088867 7.248102188110352 99.72245025634766
10.396638870239258 7.165631294250488 99.91065979003906
8.494662284851074 7.65046501159668 99.88501739501953
8.525654792785645 7.4646196365356445 99.7867202758789
8.529180526733398 7.536583423614502 99.96350860595703
10.564075469970703 7.441094398498535 100.113525390625
10.576372146606445 7.806939601898193 100.18097686767578
8.86414623260498 8.331993103027344 100.42488861083984
8.946847915649414 8.400651931762695 100.44629669189453
9.147772789001465 8.499464988708496 100.53215789794922
9.35358715057373 8.544970512390137 100.62997436523438
9.52523136138916 6.7768683433532715 99.62483978271484
9.629645347595215 6.789898872375488 99.6055679321289
10.222825050354004 6.985525608062744 99.8397445678711
10.204964637756348 7.0402140617370605 99.6886215209961
10.27915096282959 7.070181846618652 99.78974151611328
10.292145729064941 7.010319709777832 99.9352798461914
10.591224670410156 7.618365287780762 100.16194915771484
8.929281234741211 8.347004890441895 100.52899932861328
9.47751522064209 8.558395385742188 100.67022705078125
10.067642211914062 8.488448143005371 100.5440902709961
9.907182693481445 8.543161392211914 100.59832000732422
9.44772720336914 6.74128532409668 99.77433776855469
9.153099060058594 6.822273254394531 99.71782684326172
9.28758430480957 6.788626670837402 99.6796646118164
8.738141059875488 7.103531837463379 99.89867401123047
10.503005027770996 7.272972583770752 100.06646728515625
10.546476364135742 7.96199893951416 100.27989196777344
10.602962493896484 7.729082107543945 100.2603530883789
10.477652549743652 8.11298656463623 100.31002807617188
10.395294189453125 8.237173080444336 100.38556671142578
10.482787132263184 8.113531112670898 100.39970397949219
10.302395820617676 8.333992958068848 100.46653747558594
10.400411605834961 8.230718612670898 100.50126647949219
8.842955589294434 8.263557434082031 100.51144409179688
10.16484260559082 8.422769546508789 100.62369537353516
10.029447555541992 8.485595703125 100.6697769165039
10.195462226867676 8.417057991027832 100.50459289550781
9.616572380065918 8.57773208618164 100.63715362548828
9.019206047058105 6.880570411682129 99.74635314941406
9.03421401977539 6.854837417602539 99.86853790283203
8.631376266479492 8.078264236450195 100.2373275756836
8.586708068847656 7.945896148681641 100.2279052734375
8.621109962463379 7.950148105621338 100.34434509277344
8.671089172363281 8.072582244873047 100.3658447265625
8.643988609313965 8.113941192626953 100.23026275634766
8.703263282775879 8.218328475952148 100.2449722290039
10.261590003967285 8.359477996826172 100.58590698242188
9.609088897705078 8.554656982421875 100.72320556640625
9.310240745544434 6.755889415740967 99.80811309814453
9.287642478942871 6.78861665725708 99.67964935302734
8.7302885055542 7.1155595779418945 100.02943420410156
8.67532730102539 7.195935249328613 100.01268768310547
10.332329750061035 8.30058479309082 100.55493927001953
10.3993501663208 8.230838775634766 100.57158660888672
8.898371696472168 8.275544166564941 100.6119384765625
8.980162620544434 8.34426212310791 100.63462829589844
9.088790893554688 8.427454948425293 100.63011932373047
9.042360305786133 8.370075225830078 100.69033813476562
10.12498950958252 8.439826965332031 100.6673583984375
8.88613510131836 6.950344085693359 99.95182800292969
9.008138656616211 6.8658905029296875 99.90294647216797
8.561738967895508 7.556270122528076 100.18266296386719
8.55790901184082 7.766798973083496 100.21690368652344
10.223519325256348 8.381399154663086 100.6474380493164
10.312161445617676 8.313862800598145 100.63047790527344
9.327071189880371 8.516738891601562 100.69194030761719
9.175188064575195 8.45612621307373 100.68474578857422
9.278912544250488 8.474035263061523 100.76609802246094
9.443216323852539 6.741452217102051 99.77536010742188
10.601198196411133 7.243014335632324 100.41716003417969
10.53145694732666 7.15108585357666 100.30947875976562
10.599832534790039 7.359314441680908 100.30604553222656
8.711384773254395 8.011853218078613 100.56624603271484
8.706060409545898 8.062191009521484 100.48379516601562
8.66421890258789 8.006606101989746 100.42638397216797
10.629691123962402 7.629305362701416 100.3481674194336
10.200536727905273 8.385599136352539 100.73956298828125
9.985846519470215 8.492705345153809 100.72520446777344
10.093985557556152 8.44151496887207 100.75985717773438
9.163056373596191 6.794689655303955 99.85040283203125
9.159513473510742 6.795945167541504 99.85150909423828
8.718401908874512 8.12879753112793 100.42427062988281
10.403915405273438 8.222212791442871 100.70040893554688
8.94262409210205 8.273130416870117 100.71117401123047
10.142337799072266 8.40004825592041 100.87189483642578
8.979156494140625 6.881872653961182 99.92646026611328
10.271767616271973 6.8211469650268555 100.29330444335938
10.3574800491333 6.917635917663574 100.26188659667969
10.371236801147461 6.8734846115112305 100.3802490234375
8.663424491882324 7.240340709686279 100.19142150878906
8.761418342590332 8.035140037536621 100.68222045898438
8.725606918334961 7.952044486999512 100.68462371826172
8.745884895324707 8.068167686462402 100.59053039550781
8.802155494689941 8.113005638122559 100.67554473876953
10.290613174438477 8.323076248168945 100.73133850097656
10.269057273864746 8.326786041259766 100.85017395019531
9.040492057800293 8.341619491577148 100.75283813476562
8.990979194641113 8.260835647583008 100.8363037109375
9.108438491821289 8.356318473815918 100.83599090576172
9.147027969360352 8.411768913269043 100.7594223022461
9.097715377807617 6.793585300445557 100.04875183105469
8.72655200958252 7.141544818878174 100.32671356201172
8.689916610717773 7.8363142013549805 100.68840789794922
8.675227165222168 7.9190144538879395 100.5586929321289
8.642378807067871 7.78999662399292 100.54944610595703
8.883844375610352 8.184685707092285 100.75399017333984
9.552603721618652 6.623095989227295 100.21855163574219
9.652509689331055 6.717963218688965 99.86357116699219
9.69595718383789 6.5853071212768555 100.35037231445312
10.155669212341309 6.60706901550293 100.63675689697266
10.073470115661621 6.678461074829102 100.33650207519531
10.204920768737793 6.672922134399414 100.53427124023438
8.943705558776855 6.889853477478027 100.10310363769531
10.273452758789062 6.660480499267578 100.67288970947266
10.31425952911377 6.731076240539551 100.57577514648438
10.424626350402832 6.804165840148926 100.63460540771484
10.454032897949219 6.885568141937256 100.54032897949219
8.797277450561523 7.0316596031188965 100.16273498535156
8.961344718933105 6.8526763916015625 100.38184356689453
10.513806343078613 6.908828258514404 100.64060974121094
10.532571792602539 6.9987993240356445 100.5379409790039
10.596808433532715 7.020574569702148 100.68142700195312
10.629715919494629 7.155306816101074 100.60606384277344
8.629843711853027 7.625279426574707 100.55441284179688
8.664276123046875 7.717928886413574 100.67584228515625
8.783714294433594 7.9996256828308105 100.79661560058594
9.077535629272461 8.314295768737793 100.88227081298828
9.42190933227539 6.595054626464844 100.44076538085938
9.250528335571289 6.735355854034424 99.99555969238281
9.403867721557617 6.683479309082031 100.04833984375
10.040313720703125 6.5629377365112305 100.62763214111328
10.365899085998535 6.7229814529418945 100.6895980834961
10.2005033493042 6.571343421936035 100.7923812866211
10.099462509155273 6.548659801483154 100.73143768310547
9.249848365783691 6.661369323730469 100.41168212890625
9.189189910888672 6.673364162445068 100.53179168701172
9.091692924499512 6.75642204284668 100.34963989257812
10.501333236694336 6.83709716796875 100.74078369140625
8.916569709777832 8.183427810668945 100.83202362060547
8.830894470214844 8.09376335144043 100.78206634521484
9.305482864379883 6.614938259124756 100.54293823242188
9.06204605102539 6.751045227050781 100.59200286865234
10.439068794250488 6.725472927093506 100.8276596069336
10.364408493041992 6.650813579559326 100.85075378417969
10.574051856994629 6.885387420654297 100.83187866210938
8.805789947509766 7.9614152908325195 100.91400909423828
8.85879135131836 8.07693862915039 100.8820571899414
10.28506088256836 6.590506553649902 100.86473083496094
8.944762229919434 6.854159832000732 100.69758605957031
8.918377876281738 6.886609077453613 100.56041717529297
10.65900707244873 7.005554676055908 100.8828125
10.762429237365723 7.489072799682617 100.966064453125
10.72034740447998 7.711935043334961 100.97396087646484
8.738554000854492 7.717188835144043 100.9610366821289
10.667860984802246 7.808435916900635 100.81876373291016
10.594222068786621 7.983818531036377 100.98141479492188
8.861746788024902 8.017056465148926 100.9870376586914
8.947375297546387 8.166275024414062 100.9346923828125
9.372182846069336 8.424758911132812 101.00943756103516
9.444239616394043 8.422125816345215 101.08555603027344
9.559405326843262 8.462189674377441 101.03533172607422
10.008234024047852 6.477089881896973 100.86161041259766
10.344541549682617 6.541463851928711 101.07996368408203
9.210539817810059 6.630650997161865 100.75116729736328
10.66895866394043 7.874049663543701 101.13693237304688
9.13525390625 8.309130668640137 100.99435424804688
9.101737976074219 8.233762741088867 101.11026763916016
9.204288482666016 8.308449745178223 101.10770416259766
10.205008506774902 8.360159873962402 100.91104888916016
10.313838005065918 8.272374153137207 101.05583190917969
9.81226634979248 8.470547676086426 101.01828002929688
9.85350513458252 8.463103294372559 101.02678680419922
9.960227012634277 8.450663566589355 100.98082733154297
8.805627822875977 7.87516975402832 101.02735900878906
8.782323837280273 7.78009033203125 101.0597915649414
10.779335021972656 7.382042407989502 101.02638244628906
10.761553764343262 7.636778354644775 101.11231994628906
10.139350891113281 6.379800796508789 101.27147674560547
10.322619438171387 6.480672836303711 101.2013931274414
10.391398429870605 8.186190605163574 101.33816528320312
10.185808181762695 8.30128002166748 101.35493469238281
9.713496208190918 8.471156120300293 101.03993225097656
9.758962631225586 8.425653457641602 101.2115478515625
9.994507789611816 6.381613731384277 101.16323852539062
9.335707664489746 6.563488960266113 100.76768493652344
9.45253849029541 6.511690139770508 100.81050109863281
9.333251953125 6.55141019821167 100.84696197509766
9.220383644104004 6.611018180847168 100.85442352294922
10.437824249267578 6.573424816131592 101.16079711914062
8.815522193908691 7.0631422996521 100.93145751953125
8.765813827514648 7.247632026672363 101.04895782470703
8.742478370666504 7.279913425445557 100.94755554199219
10.794490814208984 7.230236053466797 101.1314697265625
10.825209617614746 7.273289203643799 101.24351501464844
10.773982048034668 7.089576721191406 101.15584564208984
10.813693046569824 7.457432746887207 101.21802520751953
10.55902099609375 8.037546157836914 101.26238250732422
10.497708320617676 8.10528564453125 101.20404052734375
10.462668418884277 8.133338928222656 101.2895736694336
9.587007522583008 8.449075698852539 101.09273529052734
10.263870239257812 6.412103652954102 101.3079833984375
10.366520881652832 6.461603164672852 101.3148422241211
10.446540832519531 6.537282466888428 101.26008605957031
10.817748069763184 7.532345771789551 101.31364440917969
10.592782020568848 7.997180938720703 101.34535217285156
8.897601127624512 8.008695602416992 101.09516143798828
8.847719192504883 7.936812400817871 101.06945037841797
8.896787643432617 8.00196361541748 101.10400390625
8.956146240234375 8.078232765197754 101.12045288085938
8.957161903381348 8.08882999420166 101.10340118408203
10.49562931060791 8.096169471740723 101.3997802734375
10.283019065856934 8.249076843261719 101.384521484375
9.630595207214355 6.444822788238525 100.92716217041016
9.574108123779297 6.409222602844238 101.1443099975586
9.48699951171875 6.472893714904785 100.95311737060547
9.252409934997559 6.579044342041016 100.94893646240234
9.382026672363281 6.517798900604248 100.91842651367188
8.997648239135742 6.790141582489014 100.92963409423828
9.112017631530762 6.680726051330566 100.92930603027344
9.010344505310059 6.773434638977051 101.05229949951172
8.802703857421875 7.788222789764404 101.11912536621094
8.788333892822266 7.650385856628418 101.1944580078125
8.849746704101562 7.825678825378418 101.2249526977539
10.568512916564941 8.02306079864502 101.4303207397461
10.396583557128906 8.166730880737305 101.48069763183594
9.021280288696289 8.154622077941895 101.11949920654297
9.203727722167969 8.308090209960938 101.10773468017578
9.608291625976562 8.388588905334473 101.3077392578125
9.745462417602539 8.383077621459961 101.37149047851562
10.07323932647705 8.341095924377441 101.36266326904297
9.984487533569336 8.351455688476562 101.41880798339844
10.112987518310547 8.314811706542969 101.4327621459961
10.456087112426758 6.492684364318848 101.38166046142578
9.135883331298828 6.653149604797363 101.02213287353516
10.813276290893555 7.594788551330566 101.3917007446289
10.755316734313965 7.744207382202148 101.38326263427734
8.908634185791016 7.941530704498291 101.23160552978516
8.839973449707031 7.906981945037842 101.08891296386719
8.97620677947998 8.032428741455078 101.25151824951172
9.869526863098145 8.386603355407715 101.34086608886719
10.073955535888672 6.33856201171875 101.35159301757812
10.067496299743652 6.290154933929443 101.50789642333984
9.981853485107422 6.3210601806640625 101.36524963378906
10.195889472961426 6.347571849822998 101.4208755493164
10.339872360229492 6.40735387802124 101.41845703125
9.34769344329834 6.512543678283691 101.04674530029297
9.21027946472168 6.589975833892822 101.08562469482422
9.090039253234863 6.686046123504639 101.14088439941406
9.050074577331543 8.10804271697998 101.27526092529297
9.27275562286377 8.271434783935547 101.30535125732422
9.315864562988281 8.358898162841797 101.13227081298828
9.456684112548828 6.439730167388916 101.18891906738281
9.352676391601562 6.478954792022705 101.25313568115234
10.658177375793457 6.671395778656006 101.41535949707031
10.7437105178833 6.818942070007324 101.3902587890625
8.7932710647583 7.532764434814453 101.28163146972656
8.842863082885742 7.727919578552246 101.31591796875
10.487716674804688 8.095612525939941 101.49942016601562
10.302549362182617 8.215782165527344 101.5391616821289
9.741937637329102 8.349860191345215 101.4920654296875
9.265836715698242 6.535694599151611 101.22476959228516
10.743988990783691 6.759027481079102 101.48235321044922
8.970191955566406 6.826035976409912 101.18829345703125
8.870128631591797 7.0111403465271 101.2485580444336
8.899604797363281 6.933045864105225 101.13784790039062
10.458117485046387 6.398360729217529 101.61450958251953
9.152312278747559 6.619050025939941 101.28160858154297
9.036172866821289 6.741565227508545 101.3235092163086
8.935882568359375 6.8935465812683105 101.34130859375
8.86356258392334 7.080009937286377 101.40684509277344
10.810342788696289 6.90494441986084 101.47224426269531
10.832915306091309 7.030057430267334 101.41572570800781
10.86251163482666 7.056199550628662 101.50089263916016
10.863832473754883 7.254636287689209 101.41622924804688
10.877711296081543 7.394650459289551 101.52262115478516
10.887762069702148 7.216477394104004 101.52738952636719
10.601046562194824 7.984672546386719 101.5409927368164
8.965319633483887 7.965504169464111 101.34136962890625
8.91578483581543 7.837164878845215 101.40629577636719
8.997625350952148 7.954831600189209 101.44094848632812
10.527617454528809 8.058332443237305 101.53128051757812
10.527134895324707 8.05570125579834 101.57585906982422
9.221905708312988 8.203465461730957 101.3934097290039
10.19880199432373 8.257824897766113 101.5728530883789
10.105729103088379 8.272411346435547 101.65634155273438
10.17131519317627 6.281785488128662 101.6019058227539
10.26718521118164 6.273789882659912 101.71005249023438
10.112626075744629 6.229050159454346 101.73632049560547
10.323262214660645 6.344208717346191 101.5689926147461
9.246339797973633 6.516769886016846 101.55494689941406
9.352166175842285 6.420229911804199 101.71318817138672
8.812713623046875 7.220236301422119 101.30415344238281
8.850913047790527 7.683239936828613 101.388427734375
8.803095817565918 7.4443359375 101.3482666015625
8.850898742675781 7.577116966247559 101.47994995117188
10.764941215515137 7.736572742462158 101.4481201171875
10.678020477294922 7.888339042663574 101.474365234375
9.060412406921387 6.716766357421875 101.61174774169922
8.935842514038086 6.906782150268555 101.42910766601562
10.902332305908203 7.185135841369629 101.59675598144531
8.83219051361084 7.334193706512451 101.48040008544922
8.895442008972168 7.759602069854736 101.44805145263672
10.455846786499023 8.109733581542969 101.6165771484375
9.271958351135254 8.162524223327637 101.57549285888672
9.79383659362793 8.307820320129395 101.65424346923828
10.088067054748535 6.1818132400512695 101.88903045654297
9.997437477111816 6.197604656219482 101.81484985351562
10.585882186889648 6.445953845977783 101.72210693359375
8.87486743927002 7.56031608581543 101.58082580566406
8.912858009338379 7.713667869567871 101.55810546875
10.79560375213623 7.716119289398193 101.68998718261719
10.47866439819336 6.348061561584473 101.77244567871094
10.543912887573242 6.247988224029541 102.125
10.857267379760742 7.546743392944336 101.60597229003906
10.871999740600586 7.519692420959473 101.65357971191406
8.960152626037598 7.843267917633057 101.52285766601562
10.467004776000977 8.089737892150879 101.72792053222656
10.518848419189453 8.043614387512207 101.80193328857422
9.297941207885742 8.15140151977539 101.64509582519531
9.400471687316895 8.233484268188477 101.58280181884766
9.835369110107422 8.289194107055664 101.72757720947266
10.009854316711426 8.2804594039917 101.71330261230469
10.16075611114502 8.246325492858887 101.70600128173828
10.083746910095215 8.263022422790527 101.7271728515625
10.184966087341309 6.112162113189697 102.16718292236328
9.707650184631348 6.2375688552856445 101.80339813232422
9.791004180908203 6.197093486785889 101.89934539794922
9.673881530761719 6.2198381423950195 101.94624328613281
8.942626953125 7.712641716003418 101.65198516845703
10.688987731933594 7.880283355712891 101.75659942626953
9.194345474243164 8.086529731750488 101.61322021484375
9.88343620300293 8.271773338317871 101.79353332519531
10.002225875854492 8.263503074645996 101.79098510742188
10.700948715209961 6.504682540893555 101.83137512207031
10.6664400100708 6.336660861968994 102.11785888671875
10.7830171585083 6.642373561859131 101.77381134033203
10.862298011779785 6.559544563293457 102.11570739746094
10.82149887084961 6.848824501037598 101.576171875
10.888383865356445 6.927140235900879 101.70366668701172
10.844152450561523 6.782176494598389 101.7314682006836
8.867522239685059 7.348129749298096 101.64620208740234
8.940022468566895 7.530878067016602 101.83908081054688
10.571404457092285 7.999388694763184 101.81369018554688
9.746752738952637 8.262642860412598 101.80039978027344
10.309138298034668 8.171831130981445 101.79918670654297
10.42752742767334 8.104740142822266 101.82138061523438
10.392387390136719 8.142788887023926 101.69540405273438
10.276812553405762 8.207852363586426 101.67057037353516
10.11107349395752 8.232610702514648 101.83966827392578
10.192634582519531 8.224983215332031 101.7624282836914
10.055319786071777 6.09790563583374 102.19161987304688
10.036520957946777 6.097250938415527 102.19554138183594
10.770376205444336 6.433294296264648 102.12472534179688
10.923554420471191 7.114048004150391 101.70716094970703
10.913039207458496 7.359012126922607 101.69062805175781
10.955071449279785 7.240893363952637 101.8458480834961
10.645438194274902 7.929084300994873 101.79832458496094
9.097455024719238 8.010171890258789 101.57317352294922
9.139142990112305 8.010830879211426 101.66224670410156
9.686868667602539 8.279403686523438 101.71453857421875
9.603538513183594 8.238748550415039 101.78614807128906
10.631386756896973 6.307435989379883 102.12168884277344
9.349056243896484 6.405791282653809 101.87348175048828
9.354720115661621 6.38983154296875 101.99727630615234
9.230920791625977 6.506764888763428 101.99580383300781
9.011545181274414 7.682456016540527 101.89910888671875
10.701998710632324 7.864409446716309 101.85405731201172
10.611242294311523 7.9580078125 101.89545440673828
9.671789169311523 8.22652530670166 101.87757873535156
9.981925010681152 8.236615180969238 101.91221618652344
10.053577423095703 6.097829818725586 102.19197845458984
9.919174194335938 6.10128927230835 102.2221450805664
9.645325660705566 6.182496070861816 102.2184066772461
9.19020938873291 7.962903022766113 101.86809539794922
9.237805366516113 8.077916145324707 101.71405792236328
9.562621116638184 8.169039726257324 101.9554672241211
9.545026779174805 8.196236610412598 101.85771179199219
9.428317070007324 8.129281044006348 101.89862060546875
10.134407043457031 8.201976776123047 101.95751953125
10.228043556213379 8.190384864807129 101.88067626953125
10.251755714416504 8.171124458312988 101.93858337402344
10.567461967468262 6.1670660972595215 102.3683853149414
10.693052291870117 6.217097759246826 102.44124603271484
9.703218460083008 8.197772026062012 101.99170684814453
9.989673614501953 6.006603717803955 102.58513641357422
9.870990753173828 6.04146671295166 102.542236328125
9.803600311279297 6.11937141418457 102.2520751953125
9.586602210998535 6.195888519287109 102.31952667236328
10.441120147705078 6.069214344024658 102.48908996582031
9.297170639038086 8.04644775390625 101.89372253417969
9.357222557067871 8.047094345092773 101.9958267211914
9.458313941955566 8.093013763427734 102.03597259521484
10.442350387573242 8.089801788330078 101.86567687988281
10.357817649841309 8.125380516052246 101.94393157958984
10.458381652832031 8.070804595947266 101.935546875
10.332206726074219 8.143993377685547 101.90397644042969
10.064048767089844 5.96838903427124 102.70490264892578
10.198980331420898 5.9821882247924805 102.63169860839844
9.66663932800293 6.160555362701416 102.29277038574219
10.31742000579834 5.993844032287598 102.6314926147461
10.604586601257324 6.113853931427002 102.56021881103516
9.517829895019531 6.247419834136963 102.2374267578125
9.456725120544434 6.2785325050354 102.33175659179688
10.935580253601074 6.403485298156738 102.5661849975586
10.959818840026855 6.601648807525635 102.31793212890625
11.026651382446289 6.66836404800415 102.43538665771484
10.028302192687988 8.213397979736328 101.98846435546875
9.627335548400879 6.176774978637695 102.30561065673828
9.524624824523926 6.229888439178467 102.34200286865234
9.392707824707031 6.326212406158447 102.39618682861328
10.695120811462402 6.144866466522217 102.61833953857422
10.785703659057617 6.236438274383545 102.56649780273438
11.018957138061523 6.582474708557129 102.517822265625
9.908644676208496 5.989512920379639 102.74552154541016
10.20269775390625 5.952360153198242 102.74235534667969
10.089692115783691 5.934083461761475 102.83582305908203
9.739253044128418 6.091954708099365 102.51216888427734
10.867644309997559 6.300161361694336 102.60125732421875
9.387199401855469 6.344066143035889 102.22050476074219
9.32888126373291 6.390512466430664 102.35626220703125
9.253219604492188 6.477532863616943 102.24444580078125
11.082390785217285 6.786131381988525 102.51348876953125
9.484443664550781 6.255453109741211 102.35751342773438
10.832751274108887 6.221757888793945 102.6905288696289
11.005559921264648 6.488037586212158 102.6124496459961
11.054776191711426 7.291850566864014 102.48182678222656
11.085395812988281 7.100231170654297 102.45195770263672
11.057708740234375 7.212888240814209 102.383056640625
9.266668319702148 7.907889366149902 102.14091491699219
9.348123550415039 7.99446964263916 102.10478210449219
9.455052375793457 8.007903099060059 102.24951171875
9.497113227844238 8.069318771362305 102.1523666381836
9.670903205871582 6.062601089477539 102.93138885498047
9.785866737365723 6.0390095710754395 102.70527648925781
9.822356224060059 5.99013090133667 102.89876556396484
10.249478340148926 5.93074369430542 102.82747650146484
9.54897689819336 6.177865982055664 102.64630126953125
10.6468505859375 6.084247589111328 102.69754791259766
10.961610794067383 6.365505218505859 102.6968994140625
11.103280067443848 6.710707664489746 102.65007781982422
11.092493057250977 7.204452037811279 102.5846176147461
10.918183326721191 7.595630168914795 102.56124114990234
10.838541030883789 7.698134422302246 102.52212524414062
10.370140075683594 5.927379608154297 102.88176727294922
11.137724876403809 6.937435150146484 102.67366790771484
11.108919143676758 7.0092668533325195 102.54251098632812
11.118613243103027 7.11790657043457 102.64271545410156
9.037969589233398 6.996360778808594 102.3866195678711
10.978748321533203 7.505627155303955 102.62800598144531
10.726277351379395 7.8268256187438965 102.26876831054688
10.65414047241211 7.894947528839111 102.2442626953125
11.051103591918945 6.506925106048584 102.7148208618164
11.142633438110352 6.856834411621094 102.7108154296875
11.142974853515625 7.061837196350098 102.73430633544922
9.077921867370605 6.8144917488098145 102.38031768798828
9.092790603637695 6.821448802947998 102.50239562988281
9.98609733581543 8.116503715515137 102.38096618652344
10.107413291931152 8.09206771850586 102.4563217163086
10.313797950744629 8.05915641784668 102.41524505615234
9.891663551330566 5.94794225692749 102.98529052734375
10.049378395080566 5.8983306884765625 103.01751708984375
9.890363693237305 5.9297075271606445 103.08663177490234
10.512567520141602 5.944034576416016 102.932373046875
10.524115562438965 5.980583190917969 102.83427429199219
11.042097091674805 7.371497631072998 102.59858703613281
11.078652381896973 7.300938606262207 102.68248748779297
10.432700157165527 8.018960952758789 102.38346862792969
10.561349868774414 7.955843448638916 102.32733154296875
11.096088409423828 6.6433587074279785 102.68959045410156
11.128799438476562 6.6829423904418945 102.76453399658203
11.148111343383789 7.1039018630981445 102.79944610595703
11.111011505126953 7.245892524719238 102.7899398803711
10.979716300964355 6.3446736335754395 102.7780532836914
11.037581443786621 6.3856635093688965 102.85773468017578
9.347450256347656 6.3655524253845215 102.51541137695312
9.32431411743164 6.3975725173950195 102.8568344116211
9.270421028137207 6.474456787109375 102.76736450195312
9.085782051086426 7.3609137535095215 102.50251770019531
9.08381175994873 7.2769904136657715 102.5625228881836
10.099884033203125 8.088347434997559 102.47423553466797
10.231419563293457 8.075695037841797 102.44226837158203
10.712695121765137 7.810547828674316 102.66600036621094
10.740073204040527 7.789534091949463 102.65127563476562
9.318746566772461 7.7977070808410645 102.47712707519531
10.36867618560791 8.042262077331543 102.40389251708984
10.405355453491211 7.9728803634643555 102.70612335205078
9.833763122558594 5.9321608543396 103.21466064453125
9.710555076599121 6.002663612365723 103.20654296875
10.001340866088867 5.878389835357666 103.16397094726562
9.952061653137207 5.879138469696045 103.2383804321289
10.442370414733887 5.8889994621276855 103.0505142211914
10.49849796295166 5.883249759674072 103.1082763671875
9.781819343566895 5.982810020446777 103.05529022216797
10.603316307067871 5.939517498016357 103.03764343261719
10.699828147888184 6.018824100494385 102.9437026977539
10.98957347869873 6.281739234924316 102.91433715820312
11.044983863830566 7.41485071182251 102.84899139404297
11.100234985351562 7.298727989196777 102.85810089111328
11.013933181762695 7.4523515701293945 102.70458221435547
10.932628631591797 7.581788539886475 102.72093200683594
10.955609321594238 7.555179595947266 102.88011932373047
9.12325668334961 7.37039041519165 102.62185668945312
9.124490737915039 7.434123516082764 102.55677795410156
10.888799667358398 7.63668966293335 102.78056335449219
10.855694770812988 7.675432205200195 102.70130157470703
10.795027732849121 7.738026142120361 102.68462371826172
10.832555770874023 7.696752548217773 102.77607727050781
9.220738410949707 7.69981575012207 102.43817138671875
9.25573444366455 7.684352397918701 102.55107879638672
10.603180885314941 7.88107967376709 102.70527648925781
10.83541488647461 6.089546203613281 102.98945617675781
11.157352447509766 7.146267414093018 102.91466522216797
11.17076301574707 6.920958518981934 102.82557678222656
9.35124683380127 7.79122257232666 102.55855560302734
10.777958869934082 7.748865604400635 102.75586700439453
10.721318244934082 7.792884826660156 102.77983093261719
10.450865745544434 7.94703483581543 102.75586700439453
10.550907135009766 7.9037394523620605 102.74775695800781
9.681983947753906 6.0078043937683105 103.33686065673828
9.722721099853516 5.987864971160889 103.2625503540039
9.602181434631348 6.077108383178711 103.28105163574219
10.903693199157715 6.127624988555908 103.03353881835938
9.221905708312988 6.594814777374268 102.90934753417969
9.169034004211426 6.709141254425049 102.81159973144531
9.208362579345703 6.56578254699707 102.61847686767578
11.164297103881836 6.734439849853516 102.8569107055664
11.192669868469238 6.940905570983887 102.93415832519531
11.197352409362793 6.778619289398193 102.96640014648438
9.131172180175781 6.8845648765563965 102.81603240966797
9.113330841064453 7.037228584289551 102.77635192871094
9.095266342163086 6.941547393798828 102.66008758544922
9.12460994720459 7.309107303619385 102.68509674072266
9.17360782623291 7.457149028778076 102.68130493164062
10.901845932006836 7.61877965927124 102.93406677246094
10.951434135437012 7.561084270477295 102.91978454589844
10.814589500427246 7.711709022521973 102.8165512084961
10.863813400268555 7.661277770996094 102.86446380615234
10.329011917114258 7.993982315063477 102.71656799316406
10.147717475891113 5.811439514160156 103.3248519897461
10.311820983886719 5.7959818840026855 103.33305358886719
10.080787658691406 5.847451686859131 103.2193832397461
10.576745986938477 5.873528957366943 103.20466613769531
10.692541122436523 5.908675193786621 103.22924041748047
10.81908130645752 5.986721038818359 103.20635986328125
9.222298622131348 7.556760787963867 102.6785888671875
9.176251411437988 7.510242462158203 102.61778259277344
10.351853370666504 7.973873138427734 102.78450775146484
10.453872680664062 7.935676574707031 102.81207275390625
10.043708801269531 5.818243026733398 103.4012680053711
11.184099197387695 6.621625900268555 103.01363372802734
11.223509788513184 6.828563213348389 103.06816864013672
11.210399627685547 6.974888801574707 103.04090118408203
11.18504810333252 7.082411289215088 102.99695587158203
11.14201831817627 7.23930025100708 103.02046203613281
11.091129302978516 7.34000301361084 102.9465560913086
9.18087387084961 7.385797023773193 102.79232025146484
9.247602462768555 7.519437313079834 102.80502319335938
10.52905559539795 7.89802360534668 102.84947204589844
10.752928733825684 7.762351036071777 102.8433609008789
10.178543090820312 5.797163009643555 103.36634826660156
10.373976707458496 5.748030185699463 103.51518249511719
11.221704483032227 6.688057899475098 103.10686492919922
11.181656837463379 7.149386405944824 103.08977508544922
9.285778999328613 7.638955116271973 102.7049789428711
10.903120040893555 7.61614465713501 102.97514343261719
10.636281967163086 5.7989301681518555 103.48501586914062
9.787405014038086 5.918828964233398 103.483642578125
9.753130912780762 5.947461128234863 103.43053436279297
10.872653007507324 5.940709590911865 103.40585327148438
11.120291709899902 6.395654678344727 103.0709228515625
10.908848762512207 7.611198425292969 102.9305419921875
10.413795471191406 7.935712814331055 102.884521484375
10.487143516540527 7.900214672088623 102.93765258789062
10.72439956665039 7.778054714202881 102.90019226074219
10.255295753479004 5.734690189361572 103.58903503417969
10.536479949951172 5.760693550109863 103.52854919433594
10.103923797607422 5.765748977661133 103.57687377929688
11.160615921020508 6.37690544128418 103.21385955810547
11.126471519470215 6.279122352600098 103.26384735107422
11.243257522583008 6.890717506408691 103.17027282714844
11.006101608276367 7.4935526847839355 103.09968566894531
10.95026969909668 7.562524795532227 103.01593780517578
10.923312187194824 7.591402530670166 103.07389068603516
9.356820106506348 7.751196384429932 102.65258026123047
9.477917671203613 7.831227779388428 102.71401977539062
9.459148406982422 7.846529960632324 102.6451644897461
10.762070655822754 7.740365505218506 102.99664306640625
10.832590103149414 7.685355186462402 102.96674346923828
10.63012981414795 7.818846702575684 103.03648376464844
10.654256820678711 7.823731899261475 102.90473175048828
10.581751823425293 7.861815929412842 102.91822052001953
10.694782257080078 7.783390045166016 103.02265930175781
10.422426223754883 5.72188663482666 103.61737060546875
10.713258743286133 5.793601989746094 103.5782699584961
10.563848495483398 5.744120121002197 103.59976959228516
11.265241622924805 6.739230155944824 103.26557159423828
10.328995704650879 7.94166898727417 102.96153259277344
10.158193588256836 7.974208354949951 102.9150390625
10.138218879699707 7.950595378875732 103.00835418701172
10.468179702758789 5.711536884307861 103.66515350341797
11.214001655578613 6.2944512367248535 103.4836196899414
11.227869987487793 7.051253795623779 103.22364807128906
11.216842651367188 7.026398658752441 103.1219482421875
11.1799898147583 7.187389373779297 103.1766128540039
9.624715805053711 7.848796844482422 102.90965270996094
9.580121994018555 7.856841087341309 102.8218994140625
9.489585876464844 7.763954162597656 102.88909912109375
9.814458847045898 7.937655925750732 102.89186096191406
9.770901679992676 7.8862762451171875 102.99797821044922
10.853811264038086 7.659676551818848 103.0626220703125
10.758903503417969 7.73809289932251 103.04048156738281
10.690536499023438 7.780863285064697 103.06220245361328
10.634720802307129 5.741032600402832 103.66116333007812
9.843457221984863 5.858288764953613 103.68312072753906
9.95283317565918 5.82034969329834 103.56307220458984
10.017937660217285 5.775718688964844 103.66705322265625
11.127796173095703 6.090985298156738 103.59130859375
11.284296035766602 6.411439895629883 103.55780792236328
11.294644355773926 6.714831829071045 103.39844512939453
11.272568702697754 6.924201488494873 103.34465026855469
10.431733131408691 7.898689270019531 103.04370880126953
10.484845161437988 7.866336822509766 103.12356567382812
10.548519134521484 7.855010032653809 103.0534896850586
10.370049476623535 5.681454181671143 103.76883697509766
10.297508239746094 5.715673446655273 103.65019989013672
9.930717468261719 5.799873352050781 103.75228118896484
10.135261535644531 5.733835697174072 103.6911849975586
11.219625473022461 6.242607116699219 103.57428741455078
9.869168281555176 7.9002299308776855 103.05501556396484
9.736349105834961 7.832283973693848 103.10723876953125
9.847243309020996 7.859875679016113 103.15577697753906
10.008265495300293 7.919703960418701 103.0877685546875
10.045629501342773 7.890266418457031 103.20516204833984
10.16719913482666 7.925353527069092 103.10346984863281
10.21847915649414 7.892612934112549 103.22471618652344
10.531904220581055 5.687517166137695 103.77177429199219
9.353645324707031 7.50252628326416 103.11071014404297
10.528785705566406 7.828159809112549 103.24523162841797
10.386515617370605 7.868589401245117 103.24028778076172
10.741098403930664 7.739821910858154 103.13324737548828
10.821847915649414 7.680146217346191 103.14315795898438
10.865997314453125 5.781040191650391 103.80139923095703
11.225034713745117 6.076642990112305 103.85330200195312
11.221321105957031 6.178802490234375 103.67610168457031
9.45194149017334 7.6076459884643555 103.1461181640625
9.613740921020508 7.758747577667236 103.1179428100586
9.545289039611816 7.6830644607543945 103.17472076416016
9.66821575164795 7.771702289581299 103.1714096069336
9.949753761291504 7.830260276794434 103.33914947509766
10.122281074523926 7.858582973480225 103.3436050415039
10.299768447875977 7.848433494567871 103.38053131103516
10.266570091247559 5.672832012176514 103.8456039428711
10.121779441833496 5.704004764556885 103.85697937011719
10.225180625915527 5.699156761169434 103.76065063476562
10.703787803649902 5.731609344482422 103.75096130371094
9.976778030395508 5.7654500007629395 103.82774353027344
9.8389310836792 5.8446221351623535 103.81295013427734
11.175416946411133 5.96947717666626 103.93055725097656
9.403129577636719 7.538853645324707 103.16751098632812
9.542221069335938 7.5928497314453125 103.36536407470703
10.479196548461914 7.8120317459106445 103.40393829345703
10.593592643737793 5.657653331756592 103.9024429321289
10.15651798248291 5.68738317489624 103.8888931274414
11.005549430847168 5.79404878616333 103.98057556152344
11.113935470581055 5.8844499588012695 103.9732437133789
10.086688995361328 7.793497085571289 103.55183410644531
10.228975296020508 7.8147664070129395 103.52164459228516
10.370491027832031 7.801650524139404 103.54362487792969
10.412741661071777 5.654462814331055 103.86871337890625
10.269669532775879 5.6445817947387695 103.96733856201172
10.876468658447266 5.711038112640381 104.00341796875
9.722003936767578 5.931415557861328 103.83248901367188
9.7506103515625 5.89721155166626 103.9564208984375
11.054430961608887 7.435817241668701 103.5068588256836
10.958208084106445 7.543544769287109 103.36341094970703
10.054824829101562 7.731167316436768 103.73255157470703
9.33288288116455 7.4413909912109375 103.15702056884766
9.57847785949707 7.494368076324463 103.64552307128906
10.53914737701416 7.751947402954102 103.61737060546875
10.64477825164795 7.729867935180664 103.54281616210938
10.621500968933105 7.7702250480651855 103.36605072021484
10.725945472717285 7.706414222717285 103.44964599609375
10.705949783325195 7.736325740814209 103.3193130493164
10.089677810668945 5.689645290374756 103.9906005859375
11.29294490814209 6.107910633087158 103.98008728027344
11.258156776428223 7.127359390258789 103.66710662841797
11.182940483093262 7.262129306793213 103.61274719238281
11.189836502075195 7.261183738708496 103.73690032958984
9.645208358764648 7.510033130645752 103.74771118164062
10.663033485412598 7.704855918884277 103.642822265625
10.821511268615723 7.633228302001953 103.57462310791016
10.787495613098145 7.678378582000732 103.38780212402344
11.124707221984863 5.820694923400879 104.13259887695312
11.004799842834473 5.717807769775391 104.16716003417969
9.774177551269531 5.87317419052124 104.0057373046875
9.665889739990234 5.976807117462158 104.05670928955078
11.209996223449707 5.97019624710083 104.00800323486328
9.636434555053711 6.012884140014648 103.905517578125
11.343796730041504 6.060561180114746 104.19161224365234
9.557435035705566 6.123051643371582 104.05775451660156
9.527477264404297 6.160812854766846 103.93548583984375
9.436614036560059 7.095417022705078 103.94298553466797
9.471131324768066 7.165370941162109 103.9539794921875
9.504940032958984 7.227476596832275 103.95527648925781
9.576099395751953 7.344324111938477 103.93345642089844
9.480142593383789 7.292271614074707 103.78598022460938
10.435953140258789 7.753454208374023 103.71099090576172
10.248604774475098 7.7663984298706055 103.7027359008789
10.336579322814941 7.713088512420654 103.90631103515625
10.593892097473145 7.713338851928711 103.72986602783203
10.76683235168457 7.6543097496032715 103.65386199951172
10.873688697814941 7.608191967010498 103.47505187988281
10.179420471191406 5.64221715927124 104.08016204833984
9.58681583404541 6.080677509307861 104.10137939453125
10.504514694213867 7.705304145812988 103.87191009521484
10.73251724243164 7.647012710571289 103.806884765625
10.727972030639648 5.572065353393555 104.26545715332031
10.579952239990234 5.582275867462158 104.15553283691406
10.739022254943848 5.6243791580200195 104.10907745361328
10.881961822509766 5.637739181518555 104.21329498291016
11.117942810058594 5.764925956726074 104.24484252929688
9.685059547424316 5.955793380737305 104.0469741821289
11.346711158752441 7.04410982131958 104.2077865600586
11.34907341003418 7.013545036315918 104.07008361816406
9.54293155670166 7.279526233673096 103.96854400634766
9.6346435546875 7.3896050453186035 103.97769927978516
11.155922889709473 7.312321662902832 103.98624420166016
9.74913501739502 7.493072986602783 103.98014831542969
9.646590232849121 7.442572593688965 103.89434051513672
9.940834045410156 7.648071765899658 103.8687744140625
9.874417304992676 7.577011585235596 103.97509002685547
10.350814819335938 7.708713531494141 103.92224884033203
10.636034965515137 7.679120063781738 103.83636474609375
10.815064430236816 7.608137130737305 103.78992462158203
10.727986335754395 7.640699863433838 103.85601043701172
10.870404243469238 7.578841209411621 103.75885009765625
10.886734962463379 7.583305358886719 103.62252807617188
10.958959579467773 7.517941474914551 103.72347259521484
10.950392723083496 7.538732528686523 103.55577087402344
10.335238456726074 5.609076499938965 104.07637786865234
10.866869926452637 5.604641914367676 104.29074096679688
10.754121780395508 5.5425639152526855 104.3783187866211
11.434989929199219 6.769496440887451 104.13409423828125
11.440704345703125 6.84822940826416 104.31262969970703
11.474791526794434 6.702075004577637 104.2957534790039
11.394142150878906 6.927245140075684 104.16121673583984
11.40296745300293 6.956871032714844 104.3587646484375
9.383084297180176 6.8655595779418945 103.9678955078125
9.416088104248047 6.874562740325928 104.08855438232422
9.425657272338867 7.016083717346191 103.9979019165039
9.70545482635498 7.4565300941467285 103.9814682006836
11.315155029296875 5.97983980178833 104.24581909179688
11.323689460754395 5.93621826171875 104.34204864501953
11.208025932312012 5.838231563568115 104.26295471191406
11.44875717163086 6.574757099151611 104.10282897949219
11.348235130310059 7.063609600067139 104.3989028930664
9.607511520385742 7.327080726623535 104.0386962890625
10.74893569946289 7.607324600219727 103.99822998046875
10.836341857910156 7.577583312988281 103.92034912109375
10.89599609375 7.5499701499938965 103.85819244384766
10.927717208862305 7.537651062011719 103.7713394165039
11.007025718688965 7.469296455383301 103.82408905029297
10.978909492492676 7.469760894775391 104.06023406982422
11.25416374206543 5.814055442810059 104.41020965576172
11.49555492401123 6.489366054534912 104.31912231445312
11.486200332641602 6.652656078338623 104.31721496582031
11.452281951904297 6.837125778198242 104.37338256835938
10.572150230407715 7.678836345672607 103.92749786376953
10.612751960754395 7.623457431793213 104.14241790771484
10.934065818786621 7.497013092041016 104.08723449707031
10.80992603302002 5.487032890319824 104.59554290771484
10.938068389892578 5.5435357093811035 104.54490661621094
10.36288833618164 5.527674674987793 104.41178894042969
10.948282241821289 5.608207702636719 104.37599182128906
11.051355361938477 5.619631767272949 104.4866943359375
11.116804122924805 5.70721960067749 104.37651062011719
11.466843605041504 6.140432357788086 104.45024871826172
11.411243438720703 6.029572486877441 104.42589569091797
11.498281478881836 6.439825534820557 104.340576171875
10.208958625793457 7.669705390930176 104.03060913085938
10.891878128051758 7.498288631439209 104.25562286376953
11.016915321350098 7.411056995391846 104.34629821777344
11.070489883422852 7.375530242919922 104.31189727783203
9.446382522583008 6.724547863006592 104.2886962890625
9.477875709533691 6.855041980743408 104.32988739013672
9.433563232421875 6.8608832359313965 104.16352081298828
9.632871627807617 7.271115303039551 104.2021484375
9.546632766723633 7.198805332183838 104.11195373535156
9.931635856628418 7.565814971923828 104.08351135253906
10.887103080749512 7.478368282318115 104.39962768554688
9.821682929992676 7.507657051086426 104.06956481933594
9.716626167297363 7.4271674156188965 104.06735229492188
11.09809398651123 7.343912601470947 104.41793823242188
9.960098266601562 5.677862644195557 104.53860473632812
10.092870712280273 5.564509868621826 104.75995635986328
11.34554672241211 5.9231462478637695 104.41917419433594
11.357681274414062 5.895639419555664 104.49698638916016
10.610113143920898 7.559863090515137 104.4327392578125
10.278477668762207 7.575429916381836 104.38299560546875
9.697166442871094 7.368213176727295 104.15361785888672
9.822232246398926 7.442633628845215 104.2264404296875
10.95175838470459 5.501965045928955 104.6794204711914
11.18121337890625 5.6953606605529785 104.5189208984375
11.415923118591309 6.020866394042969 104.45177459716797
11.479873657226562 6.159258842468262 104.47188568115234
9.560419082641602 6.142099380493164 104.26492309570312
9.549199104309082 6.191348075866699 104.39189147949219
9.50182056427002 6.2773919105529785 104.2705307006836
11.527464866638184 6.506245136260986 104.46674346923828
11.54051399230957 6.536261558532715 104.53890228271484
9.493480682373047 6.340748310089111 104.35563659667969
9.464337348937988 6.397436141967773 104.25728607177734
11.525883674621582 6.652620315551758 104.54426574707031
9.573266983032227 7.161747932434082 104.24185180664062
11.263882637023926 7.1807942390441895 104.5052719116211
11.195883750915527 7.252899169921875 104.48974609375
10.463700294494629 7.613677501678467 104.27647399902344
10.003314971923828 7.497249603271484 104.36283111572266
10.012030601501465 7.544837951660156 104.24278259277344
10.481963157653809 5.446578502655029 104.68356323242188
10.383635520935059 5.433244705200195 104.82646942138672
10.270331382751465 5.489631652832031 104.71524810791016
11.295852661132812 5.784282684326172 104.56006622314453
9.943799018859863 5.665846824645996 104.7998046875
9.82254695892334 5.791531562805176 104.59860229492188
11.443309783935547 6.013767719268799 104.54021453857422
11.387858390808105 5.871536731719971 104.61394500732422
9.668208122253418 6.001006126403809 104.68758392333984
9.63134479522705 6.0333709716796875 104.39917755126953
9.729248046875 5.902350425720215 104.64820861816406
11.486837387084961 6.742318630218506 104.42306518554688
11.487468719482422 6.8119964599609375 104.58451843261719
11.103050231933594 7.32732629776001 104.54999542236328
10.836173057556152 5.456470012664795 104.71190643310547
10.938728332519531 5.4573187828063965 104.79701232910156
11.337791442871094 5.771427154541016 104.6781234741211
9.83893871307373 5.765822410583496 104.90550231933594
11.539920806884766 6.472170829772949 104.52207946777344
9.452341079711914 6.742736339569092 104.30574035644531
9.474076271057129 6.774590492248535 104.37445831298828
9.486164093017578 6.882246494293213 104.33527374267578
11.447487831115723 6.880556583404541 104.46818542480469
11.42391300201416 6.945505142211914 104.53215789794922
9.932254791259766 7.434568405151367 104.42581939697266
10.062241554260254 7.49954891204834 104.42942810058594
10.00355339050293 5.607992649078369 104.90541076660156
9.914437294006348 5.679652214050293 105.0257339477539
11.420716285705566 5.857402801513672 104.7210464477539
11.461294174194336 5.965755939483643 104.66022491455078
11.496162414550781 6.09047794342041 104.6014633178711
11.533012390136719 6.24265718460083 104.58123016357422
11.552140235900879 6.182816505432129 104.69786071777344
11.255350112915039 7.18812370300293 104.59133911132812
11.320178985595703 7.111184120178223 104.51703643798828
9.653385162353516 7.188466548919678 104.40092468261719
10.857735633850098 5.409460544586182 104.87749481201172
11.528238296508789 6.076442241668701 104.72042083740234
9.583507537841797 6.128262042999268 104.4533462524414
9.625490188598633 6.216228008270264 105.01897430419922
9.476594924926758 6.687907695770264 104.4275131225586
9.483884811401367 6.566529750823975 104.47865295410156
9.515679359436035 6.646002769470215 104.60503387451172
9.590388298034668 7.072559356689453 104.4262466430664
9.537778854370117 7.0118818283081055 104.35832977294922
9.75501823425293 7.2617573738098145 104.49365997314453
10.422378540039062 7.518381595611572 104.63518524169922
10.904083251953125 7.433973789215088 104.62226104736328
9.832658767700195 7.359072208404541 104.4383773803711
9.848773956298828 7.3921332359313965 104.39122009277344
10.330657005310059 5.396093845367432 105.1016845703125
11.315535545349121 5.658849716186523 104.85843658447266
11.383622169494629 5.762204647064209 104.80023193359375
10.074499130249023 5.523223876953125 105.21619415283203
9.990266799926758 5.601403713226318 105.12060546875
11.488892555236816 5.955979347229004 104.75306701660156
9.730813026428223 5.92825174331665 105.00106811523438
9.507001876831055 6.420388221740723 104.5376205444336
9.505170822143555 6.518519878387451 104.5736083984375
9.589760780334473 7.003341197967529 104.52410125732422
11.140029907226562 7.289891719818115 104.64334869384766
9.876462936401367 7.347565174102783 104.54389190673828
11.406625747680664 5.748905181884766 104.87861633300781
11.542840003967285 6.018026351928711 104.83450317382812
9.54237174987793 6.769778728485107 104.63196563720703
9.681621551513672 7.124384880065918 104.58280181884766
9.806142807006836 7.217139720916748 104.69286346435547
10.389359474182129 7.475778579711914 104.77357482910156
10.442176818847656 7.498513221740723 104.71107482910156
10.25490665435791 5.404484748840332 105.25101470947266
11.337414741516113 5.646137714385986 104.9297866821289
10.060415267944336 5.524953365325928 105.3251953125
9.941783905029297 5.642480373382568 105.27468872070312
9.829228401184082 5.796454906463623 105.34774017333984
9.746440887451172 5.972650527954102 105.37220764160156
11.54467487335205 6.541989803314209 104.5626220703125
11.566905975341797 6.497133255004883 104.6575698852539
9.733311653137207 7.136221885681152 104.68732452392578
10.715154647827148 7.479441165924072 104.70365142822266
10.554725646972656 7.491162300109863 104.74166107177734
10.68311595916748 7.463260173797607 104.80261993408203
10.788874626159668 7.451476097106934 104.75006103515625
9.91397476196289 5.675189018249512 105.39678955078125
11.55362319946289 5.989686489105225 104.9024429321289
9.684662818908691 6.143410682678223 105.28968811035156
9.639694213867188 6.299296855926514 105.1730728149414
9.64943790435791 6.415732383728027 105.23773193359375
9.610414505004883 6.40579080581665 105.05950164794922
11.521370887756348 6.7649922370910645 104.72315216064453
11.571174621582031 6.614186763763428 104.77286529541016
11.123162269592285 7.28711462020874 104.78939056396484
11.061358451843262 7.342044830322266 104.67426300048828
11.025442123413086 7.346443176269531 104.79838562011719
9.84848690032959 5.773115158081055 105.43694305419922
11.584037780761719 6.165130138397217 104.82749938964844
9.644974708557129 6.8159942626953125 104.93192291259766
9.706631660461426 6.933231353759766 104.9575424194336
11.086739540100098 7.304819583892822 104.84090423583984
11.200372695922852 7.227689743041992 104.7957763671875
11.225255966186523 7.2094879150390625 104.7511978149414
10.899091720581055 7.415230751037598 104.74308776855469
10.82006549835205 7.417842864990234 104.87234497070312
10.956767082214355 7.366374492645264 104.88545989990234
11.604243278503418 6.335154056549072 104.82186126708984
11.590402603149414 6.44309139251709 104.75837707519531
11.602751731872559 6.493519306182861 104.84122467041016
9.7266206741333 6.798996448516846 105.2044448852539
9.800701141357422 7.058831691741943 104.9887466430664
11.357524871826172 7.066520690917969 104.71895599365234
11.283588409423828 7.152507781982422 104.7577896118164
11.293878555297852 7.141795635223389 104.75271606445312
9.787272453308105 7.119037628173828 104.8450927734375
11.186882972717285 7.238219738006592 104.80149841308594
9.896021842956543 7.182031631469727 104.95036315917969
11.580801963806152 6.033538341522217 104.93898010253906
9.73078441619873 6.140712261199951 105.55976867675781
9.728292465209961 6.298960208892822 105.60216522216797
11.57906723022461 6.655762672424316 104.89358520507812
9.727228164672852 6.649310111999512 105.38406372070312
9.70431900024414 6.686944961547852 105.26844787597656
9.675501823425293 6.544642925262451 105.29064178466797
11.537986755371094 6.762211799621582 104.85417938232422
9.753643989562988 6.88429069519043 105.1612548828125
11.332189559936523 7.0980329513549805 104.80059814453125
10.998871803283691 7.349119663238525 104.87173461914062
9.773711204528809 6.784538269042969 105.36285400390625
9.810726165771484 6.9763264656066895 105.1607437133789
11.110932350158691 7.279872417449951 104.91728210449219
11.257978439331055 7.170724391937256 104.88652801513672
10.529221534729004 7.424890518188477 104.99397277832031
10.47028923034668 7.404267311096191 105.05289459228516
10.65124797821045 7.418261528015137 105.00790405273438
10.712361335754395 7.4238433837890625 104.95384216308594
11.543025970458984 6.777747631072998 104.96114349365234
11.40119743347168 7.012723922729492 104.88980102539062
11.156005859375 7.240760803222656 104.99613952636719
10.821419715881348 7.4014177322387695 104.9509048461914
10.964832305908203 7.343929767608643 104.99612426757812
11.418394088745117 6.993021011352539 105.02454376220703
11.490044593811035 6.87784481048584 104.92382049560547
11.31421947479248 7.110923767089844 104.99791717529297
9.930624008178711 7.157373905181885 105.0718765258789
9.884012222290039 7.071728229522705 105.15322875976562
9.985576629638672 7.153125286102295 105.18647766113281
11.505702018737793 6.868452548980713 105.08155059814453
11.223965644836426 7.182930946350098 105.08007049560547
11.055166244506836 7.28582239151001 105.09771728515625
10.54536247253418 7.354743480682373 105.25106048583984
10.399884223937988 7.3609724044799805 105.16128540039062
10.604743003845215 7.390301704406738 105.12670135498047
9.911657333374023 6.8945231437683105 105.55220794677734
10.005066871643066 7.101352691650391 105.33859252929688
11.130114555358887 7.232710838317871 105.18463897705078
10.119295120239258 7.160839557647705 105.40078735351562
10.761474609375 7.3548712730407715 105.21963500976562
10.894601821899414 7.3430681228637695 105.13600158691406
9.89022159576416 6.808535099029541 105.64659118652344
9.832959175109863 6.754175186157227 105.57579803466797
11.328049659729004 7.091721057891846 105.10707092285156
11.272708892822266 7.133268356323242 105.20299530029297
11.408594131469727 7.00518798828125 105.15021514892578
10.973464965820312 7.301158905029297 105.2162857055664
11.478432655334473 6.917250633239746 105.19458770751953
11.555374145507812 6.785830020904541 105.1369400024414
9.96191120147705 6.910658836364746 105.64030456542969
10.021350860595703 7.001441478729248 105.5864486694336
10.3040189743042 7.2224602699279785 105.4931640625
10.896282196044922 7.301098823547363 105.3399658203125
11.099701881408691 7.233501434326172 105.29074096679688
11.274123191833496 7.122013092041016 105.31013488769531
11.38661003112793 7.026486873626709 105.2519302368164
11.055978775024414 7.234953880310059 105.40460205078125
10.837889671325684 7.281903266906738 105.48441314697266
10.473194122314453 7.243243217468262 105.59007263183594
-0.29407286643981934 8.656709671020508 91.4913330078125
-0.2933908700942993 8.658738136291504 91.48994445800781
-0.2942224144935608 8.656267166137695 91.49163818359375
-0.2526187300682068 8.800277709960938 91.40945434570312
-0.24965551495552063 8.812520027160645 91.40386199951172
-0.2042911946773529 9.06766128540039 91.32722473144531
-0.3448842167854309 8.527678489685059 91.597900390625
-0.2666608691215515 8.74639892578125 91.43649291992188
-0.1973257064819336 9.131186485290527 91.31867980957031
-0.31423890590667725 8.600637435913086 91.53298950195312
-0.22573226690292358 8.926475524902344 91.36072540283203
-0.22905316948890686 8.90868854522705 91.366455078125
-0.2247036099433899 8.932147979736328 91.35897064208984
-0.19801676273345947 9.124168395996094 91.3194351196289
-0.1943083107471466 9.164483070373535 91.31574249267578
-0.20715925097465515 9.045063018798828 91.33121490478516
-0.1957915723323822 9.147521018981934 91.31710815429688
-0.19519615173339844 9.154178619384766 91.31654357910156
-0.2071978747844696 9.044770240783691 91.33126831054688
-0.2394442856311798 8.85750675201416 91.38496398925781
-0.21951940655708313 8.962057113647461 91.35031127929688
-0.22524133324623108 8.92917251586914 91.3598861694336
-0.22426727414131165 8.934578895568848 91.35823059082031
-0.2276122272014618 8.916311264038086 91.36395263671875
-0.19305825233459473 9.179882049560547 91.31473541259766
15.481581687927246 10.163274765014648 90.26451110839844
14.587897300720215 9.998754501342773 90.84790802001953
14.694732666015625 9.955005645751953 90.81014251708984
15.771525382995605 10.300383567810059 90.03374481201172
14.054905891418457 9.931609153747559 91.185791015625
16.287921905517578 10.407344818115234 89.69007873535156
15.445222854614258 9.914831161499023 90.45918273925781
14.953157424926758 9.750618934631348 90.83493041992188
14.967358589172363 9.860818862915039 90.73112487792969
15.67452621459961 10.788200378417969 90.02020263671875
13.18415355682373 9.9890775680542 91.72333526611328
-0.20396485924720764 9.070340156555176 91.32678985595703
-0.20706790685653687 9.045759201049805 91.33108520507812
-0.210647314786911 9.019562721252441 91.33633422851562
14.811323165893555 9.733142852783203 90.91466522216797
-0.21150735020637512 9.01356315612793 91.33763122558594
-0.21373265981674194 8.998502731323242 91.34105682373047
15.90972900390625 9.868172645568848 90.31756591796875
13.543087005615234 9.733320236206055 91.56622314453125
13.635756492614746 9.651884078979492 91.5579605102539
13.632648468017578 9.621515274047852 91.57838439941406
16.60848045349121 11.772760391235352 90.65830993652344
16.789714813232422 9.837085723876953 90.21150970458984
16.861328125 9.819832801818848 90.3094711303711
16.85338020324707 9.821039199829102 90.29833984375
-0.19131094217300415 9.203605651855469 91.3136215209961
-0.19691729545593262 9.135427474975586 91.31824493408203
13.463374137878418 10.380372047424316 91.57439422607422
16.66149139404297 11.763189315795898 90.73200225830078
13.452319145202637 9.615278244018555 91.67821502685547
15.571215629577637 11.466318130493164 90.71703338623047
13.610983848571777 10.592771530151367 91.55799102783203
13.971953392028809 10.932373046875 91.5528335571289
14.084426879882812 11.127448081970215 91.86778259277344
14.141788482666016 11.121926307678223 91.74939727783203
13.529806137084961 10.762702941894531 91.78076934814453
-0.1939319372177124 9.1690034866333 91.31542205810547
-0.19916194677352905 9.112947463989258 91.32073974609375
13.389644622802734 10.53075122833252 91.70600891113281
13.354107856750488 9.45864486694336 91.83523559570312
12.323997497558594 9.73011589050293 92.3174819946289
13.033476829528809 10.529629707336426 92.0149154663086
16.948806762695312 9.818967819213867 90.43656158447266
-0.18951594829559326 9.231776237487793 91.31298065185547
15.813730239868164 11.581661224365234 91.14126586914062
13.178145408630371 10.712023735046387 92.06976318359375
13.5276460647583 10.899953842163086 91.99488067626953
13.650859832763672 11.024641990661621 92.19734191894531
17.168088912963867 9.946134567260742 90.80262756347656
17.150684356689453 9.926530838012695 90.77007293701172
17.233211517333984 10.045178413391113 90.933837890625
12.949914932250977 9.384897232055664 92.0914306640625
16.600080490112305 11.773538589477539 90.6463623046875
16.817821502685547 11.69011116027832 90.93285369873047
12.888606071472168 10.500001907348633 92.12016296386719
13.032843589782715 10.699625015258789 92.20348358154297
17.12191390991211 9.898818016052246 90.71800231933594
17.14191436767578 9.917499542236328 90.75399017333984
17.000028610229492 9.829926490783691 90.51518249511719
17.072154998779297 9.862329483032227 90.63213348388672
17.23600196838379 10.050622940063477 90.93990325927734
17.200159072875977 9.989045143127441 90.8650894165039
15.608299255371094 9.50922966003418 91.14291381835938
-0.1850680112838745 9.378511428833008 91.32157135009766
-0.1851540505886078 9.405607223510742 91.32536315917969
-0.18601840734481812 9.313626289367676 91.31529998779297
12.673455238342285 10.408586502075195 92.23812103271484
12.837077140808105 10.651707649230957 92.34001159667969
13.263187408447266 10.889673233032227 92.31757354736328
13.059611320495605 10.850360870361328 92.4968490600586
13.852489471435547 11.098467826843262 92.32611083984375
13.683950424194336 11.055167198181152 92.47480010986328
-0.1883755624294281 9.252764701843262 91.31298828125
12.624703407287598 10.59268569946289 92.47783660888672
17.290348052978516 10.19270133972168 91.07122039794922
14.684242248535156 9.247535705566406 92.14402770996094
14.638033866882324 11.030173301696777 92.61792755126953
13.726160049438477 11.021838188171387 92.752685546875
14.136363983154297 9.128154754638672 92.68431091308594
14.20577621459961 9.125753402709961 92.35735321044922
12.906782150268555 9.228704452514648 92.24593353271484
11.890398979187012 9.288769721984863 92.71432495117188
12.023869514465332 9.923285484313965 92.5366439819336
11.88516616821289 9.845215797424316 92.62388610839844
12.102351188659668 10.232192039489746 92.60694122314453
17.192401885986328 9.977760314941406 90.84964752197266
-0.1991957128047943 9.11262321472168 91.3207778930664
-0.20121720433235168 9.09392261505127 91.3232192993164
-0.21038752794265747 9.021397590637207 91.33594512939453
-0.18522554636001587 9.354942321777344 91.31883239746094
12.190269470214844 10.410155296325684 92.68356323242188
15.86337661743164 11.297515869140625 91.83387756347656
16.036548614501953 11.316607475280762 91.7462158203125
12.676878929138184 10.80174732208252 93.15067291259766
12.611198425292969 10.727142333984375 92.77099609375
12.446158409118652 10.704351425170898 92.95008087158203
12.444772720336914 8.964781761169434 92.73658752441406
12.430252075195312 9.127174377441406 92.554931640625
16.4680233001709 10.879549980163574 91.8432388305664
12.259563446044922 10.56640338897705 92.83790588378906
13.595458984375 8.990629196166992 93.04915618896484
14.369056701660156 9.288031578063965 92.8355941772461
14.097203254699707 9.181126594543457 92.93549346923828
-0.1868916153907776 9.480146408081055 91.33944702148438
-0.19476565718650818 9.602624893188477 91.37480926513672
12.76940631866455 8.898469924926758 92.77001190185547
12.57593822479248 8.80705738067627 93.00682830810547
13.848555564880371 9.107263565063477 93.0764389038086
14.123699188232422 9.31757640838623 93.154296875
11.218939781188965 9.149344444274902 93.16109466552734
11.931137084960938 9.041327476501465 92.86087799072266
12.065813064575195 10.4838285446167 92.91095733642578
16.110057830810547 11.030271530151367 91.97203063964844
16.649816513061523 11.372904777526855 91.43429565429688
15.927790641784668 11.2288818359375 91.89058685302734
14.299041748046875 9.52786922454834 93.2061996459961
17.219934463500977 11.118844985961914 91.3087387084961
16.768482208251953 11.309463500976562 91.43736267089844
15.3894624710083 10.702386856079102 92.54650115966797
12.527032852172852 10.762079238891602 93.29930877685547
12.27485466003418 10.667394638061523 93.0932388305664
12.32262134552002 10.710979461669922 93.43167877197266
13.85966682434082 9.248831748962402 93.3326187133789
13.651793479919434 9.085662841796875 93.28192138671875
15.237822532653809 10.515132904052734 92.70451354980469
-0.21608033776283264 8.983278274536133 91.3447494506836
-0.23293393850326538 8.888836860656738 91.3732681274414
0.7975215911865234 9.539712905883789 91.77913665771484
-0.24061253666877747 8.852118492126465 91.38710021972656
-0.2355511486530304 8.87596321105957 91.37793731689453
1.2714991569519043 9.648900985717773 92.03816986083984
1.256804347038269 9.731194496154785 92.08480834960938
12.024986267089844 10.619279861450195 93.7927474975586
12.157782554626465 10.66522216796875 93.60310363769531
-0.26875972747802734 8.738868713378906 91.44060516357422
13.60068416595459 9.336812973022461 93.6736068725586
-0.3255762457847595 8.572080612182617 91.55679321289062
10.32720947265625 9.73276424407959 93.7930679321289
-0.5505598783493042 10.25865650177002 92.32733917236328
-0.6476353406906128 10.20730972290039 92.5567626953125
-0.5012711882591248 10.260107040405273 92.20759582519531
-0.2910868227481842 8.264348030090332 92.1693344116211
-0.5658664107322693 8.272130012512207 92.10181427001953
3.881483316421509 9.609498977661133 93.17900085449219
4.149146556854248 9.661489486694336 93.34449768066406
4.2595319747924805 9.555688858032227 93.31012725830078
9.622011184692383 8.42662239074707 94.47602844238281
10.104884147644043 8.37032699584961 94.34951782226562
-0.7470759153366089 10.082459449768066 92.78221130371094
-0.8769519329071045 9.75085163116455 93.05437469482422
9.520225524902344 8.581576347351074 94.40404510498047
9.454743385314941 8.477090835571289 94.51139068603516
10.786636352539062 8.310317039489746 95.10063171386719
8.808053970336914 8.55757999420166 94.80923461914062
11.162514686584473 8.698797225952148 95.32774353027344
9.830625534057617 10.029470443725586 94.69091033935547
9.137492179870605 8.359620094299316 94.75955200195312
10.424310684204102 8.172019958496094 95.02727508544922
10.58277416229248 8.233683586120605 95.13215637207031
-0.9429737329483032 8.942873001098633 93.108154296875
9.2642183303833 9.870706558227539 95.0316162109375
10.002492904663086 10.075935363769531 95.33663940429688
10.6968355178833 10.056347846984863 95.29450225830078
10.863592147827148 10.00586986541748 95.30606842041016
10.833264350891113 9.780970573425293 95.53805541992188
6.682659149169922 9.870108604431152 95.189208984375
7.03368616104126 7.84932279586792 95.3307876586914
2.2560513019561768 8.965188980102539 94.47154998779297
2.664069414138794 8.839336395263672 94.61918640136719
-0.941214919090271 9.366886138916016 93.15995788574219
-0.9473074674606323 9.279274940490723 93.16319274902344
9.836446762084961 8.282575607299805 96.15532684326172
2.5713324546813965 9.335929870605469 94.57121276855469
-0.6126301288604736 9.40676212310791 93.28665161132812
-0.5427381992340088 9.441322326660156 93.30779266357422
6.7518744468688965 7.970212459564209 95.75193786621094
6.264230728149414 8.153664588928223 95.7933349609375
10.117704391479492 9.710603713989258 95.93448638916016
9.815159797668457 8.577742576599121 96.39308166503906
9.85498332977295 8.449204444885254 96.28839874267578
8.591830253601074 7.714482307434082 96.12248992919922
8.520186424255371 7.744992733001709 96.04393005371094
9.587850570678711 8.13379955291748 96.21756744384766
9.526826858520508 8.129557609558105 96.06803894042969
9.968476295471191 9.36240005493164 96.2561264038086
9.673357963562012 8.320262908935547 96.20804595947266
8.763482093811035 7.604671478271484 96.50169372558594
8.695232391357422 7.639059066772461 96.38528442382812
8.82071304321289 7.632303714752197 96.39027404785156
8.117542266845703 7.888762474060059 96.366943359375
9.64163589477539 9.12256908416748 96.41500091552734
9.888386726379395 9.05495548248291 96.40106201171875
8.653200149536133 7.608262062072754 96.54306030273438
9.063175201416016 7.644805431365967 96.45857238769531
5.718714714050293 9.275273323059082 95.82485961914062
5.71141242980957 9.23693561553955 95.83755493164062
9.501907348632812 7.906920909881592 96.43243408203125
9.678862571716309 8.10229778289795 96.51277923583984
9.631413459777832 8.114177703857422 96.36479949951172
5.736820697784424 9.357613563537598 95.79169464111328
5.930685997009277 9.399306297302246 95.84074401855469
6.572849273681641 9.356184959411621 96.1097412109375
9.449197769165039 9.367399215698242 96.59976959228516
9.373849868774414 9.426848411560059 96.62443542480469
9.306446075439453 9.468825340270996 96.65765380859375
9.594378471374512 7.959114074707031 96.53617095947266
9.68743896484375 8.033622741699219 96.64188385009766
8.544374465942383 9.549824714660645 96.84490203857422
8.681100845336914 9.580901145935059 96.82337188720703
8.529962539672852 9.568562507629395 96.77485656738281
9.602527618408203 7.91312837600708 96.64102935791016
7.884518146514893 8.623207092285156 97.1108169555664
7.877882480621338 8.743532180786133 97.01993560791016
8.502689361572266 7.584305763244629 96.89038848876953
9.761754989624023 8.184623718261719 96.6470947265625
9.82407283782959 8.27513599395752 96.76301574707031
9.761744499206543 8.106573104858398 96.7453384399414
9.75939655303955 8.966721534729004 96.87149047851562
9.843562126159668 8.648120880126953 96.76751708984375
9.790099143981934 8.845860481262207 96.70642852783203
-0.9471322894096375 9.282556533813477 93.16320037841797
-0.9488945603370667 9.24495792388916 93.16251373291016
-0.9466891884803772 9.290532112121582 93.16317749023438
9.867293357849121 8.363341331481934 96.867431640625
7.898332118988037 8.465500831604004 97.1879653930664
7.931317329406738 8.688860893249512 97.25821685791016
7.931811332702637 8.803977966308594 97.16098022460938
7.956228256225586 8.198084831237793 97.26983642578125
7.925562858581543 8.472146034240723 97.3177719116211
7.930281162261963 8.245353698730469 97.18013000488281
8.000337600708008 8.938319206237793 97.21530151367188
9.873610496520996 8.594767570495605 96.8945083618164
9.857217788696289 8.448627471923828 96.79524230957031
7.9555182456970215 8.293486595153809 97.39705657958984
8.078423500061035 8.958268165588379 97.40426635742188
8.078723907470703 9.035184860229492 97.28020477294922
9.522013664245605 7.695492267608643 96.93144226074219
9.437565803527832 7.610278129577637 96.99588775634766
9.405133247375488 7.624125003814697 96.91190338134766
9.750301361083984 8.026009559631348 96.82540893554688
8.166327476501465 9.031632423400879 97.5027084350586
8.14984130859375 9.110568046569824 97.31744384765625
8.245460510253906 9.07165241241455 97.6063003540039
9.07735824584961 7.440625190734863 97.13809204101562
9.189736366271973 7.372636318206787 97.42173767089844
8.952203750610352 7.423806667327881 97.17894744873047
9.26778793334961 7.421176433563232 97.32112884521484
9.181342124938965 7.485527515411377 97.05072021484375
8.812297821044922 7.364923477172852 97.50182342529297
9.376014709472656 7.5515947341918945 97.06205749511719
9.301937103271484 7.49849271774292 97.12259674072266
8.272652626037598 9.161033630371094 97.47718811035156
8.919356346130371 7.3688459396362305 97.4062271118164
8.723058700561523 9.453396797180176 97.27667236328125
8.227570533752441 9.007579803466797 97.6907730102539
8.266912460327148 8.980876922607422 97.83145141601562
8.320235252380371 9.048251152038574 97.81224060058594
9.904715538024902 8.746376037597656 97.34510040283203
8.900472640991211 7.275877952575684 97.82316589355469
8.771373748779297 7.324887752532959 97.75598907470703
8.060769081115723 8.097100257873535 97.79720306396484
8.098531723022461 8.126147270202637 98.05986785888672
8.448040962219238 9.126110076904297 97.87976837158203
9.782424926757812 7.608553886413574 97.63513946533203
9.792377471923828 7.701398849487305 97.47776794433594
9.881796836853027 7.724902629852295 97.6536636352539
9.231520652770996 7.201376914978027 98.02888488769531
9.849239349365234 8.900928497314453 97.90290069580078
9.80817985534668 8.950169563293457 97.80879211425781
9.357048988342285 9.227401733398438 97.99070739746094
8.448251724243164 8.937627792358398 98.30560302734375
8.236809730529785 7.772397518157959 98.30049896240234
8.727503776550293 9.15092658996582 98.21292114257812
9.69621753692627 9.018199920654297 98.26001739501953
9.454779624938965 7.191054344177246 98.18926239013672
10.05214786529541 8.62529182434082 98.31430053710938
9.950170516967773 8.778246879577637 98.3592300415039
9.627445220947266 9.017885208129883 98.55696105957031
9.515756607055664 9.019104957580566 98.79846954345703
8.545257568359375 8.824448585510254 98.74128723144531
8.470649719238281 8.55970287322998 99.07988739013672
9.626935958862305 8.9840726852417 98.76575469970703
8.550585746765137 7.341657638549805 98.66266632080078
9.939148902893066 8.765851974487305 98.93424987792969
9.843414306640625 8.84900951385498 98.84971618652344
8.587836265563965 7.29839563369751 98.79635620117188
10.245814323425293 8.003668785095215 98.5762939453125
10.246484756469727 8.24975872039795 98.72270965576172
10.27731704711914 7.9744062423706055 98.72013092041016
9.620708465576172 7.129875659942627 98.5331802368164
8.352856636047363 7.638256072998047 98.86466217041016
8.438069343566895 7.481161594390869 98.88429260253906
8.35069751739502 7.670515060424805 98.96245574951172
10.276843070983887 8.214559555053711 98.86502075195312
8.530062675476074 7.356469631195068 98.920166015625
8.935652732849121 7.04720401763916 98.9441146850586
9.295992851257324 6.987421035766602 98.83074188232422
9.033742904663086 7.009397983551025 98.9440689086914
9.083511352539062 7.006675720214844 98.88402557373047
10.271215438842773 7.519615650177002 99.04476165771484
8.507685661315918 7.390475749969482 99.11083221435547
8.553457260131836 7.328706741333008 99.13999938964844
8.446552276611328 7.506736755371094 99.2103500366211
9.55553913116455 6.985545635223389 98.91439819335938
9.468864440917969 6.950078010559082 98.98841857910156
9.550187110900879 6.948971748352051 99.0303955078125
9.657526016235352 6.992486953735352 98.97505950927734
8.429998397827148 7.583781719207764 99.35541534423828
8.955309867858887 8.692763328552246 99.75470733642578
8.851877212524414 8.635340690612793 99.73551177978516
8.867951393127441 8.636921882629395 99.75894927978516
8.69913387298584 7.161655426025391 99.33486938476562
9.291980743408203 8.741928100585938 99.95748138427734
8.427872657775879 7.670485973358154 99.51334381103516
10.508002281188965 7.690218448638916 99.78063201904297
8.856138229370117 8.529972076416016 99.98674774169922
8.920928955078125 8.648855209350586 99.81547546386719
9.639924049377441 6.90317440032959 99.23741149902344
9.553321838378906 8.725000381469727 100.07350158691406
8.791383743286133 7.08143949508667 99.33301544189453
8.638809204101562 8.332542419433594 99.89057922363281
9.017951965332031 8.411545753479004 100.55054473876953
9.841024398803711 8.567583084106445 100.56690979003906
10.2475004196167 8.384541511535645 100.43193054199219
9.395374298095703 6.776076793670654 99.65288543701172
10.069427490234375 6.927741527557373 99.68836975097656
10.011459350585938 6.890056133270264 99.6910171508789
8.56235122680664 7.461236000061035 100.05502319335938
8.532310485839844 7.6849236488342285 100.09908294677734
8.61068344116211 8.120683670043945 100.12071990966797
10.140504837036133 6.967099189758301 99.72068786621094
10.16121768951416 6.884787559509277 99.9471664428711
10.59918212890625 7.494718551635742 100.22169494628906
9.874234199523926 8.528217315673828 100.7148208618164
9.92599105834961 6.839806079864502 99.70795440673828
9.861371994018555 6.815014839172363 99.70382690429688
8.773823738098145 8.192980766296387 100.47020721435547
8.792928695678711 8.264396667480469 100.3926010131836
9.450674057006836 8.520005226135254 100.78173065185547
9.780363082885742 6.786191463470459 99.71382904052734
10.011490821838379 6.831717491149902 99.84243774414062
10.480924606323242 7.145298957824707 100.17233276367188
10.550456047058105 7.300979137420654 100.18782806396484
8.629541397094727 7.876890659332275 100.43885040283203
10.644184112548828 7.460535049438477 100.42083740234375
9.977880477905273 6.712671279907227 100.12620544433594
9.909339904785156 6.7444000244140625 99.96018981933594
10.167388916015625 6.804030895233154 100.14981842041016
10.536285400390625 8.053374290466309 100.70355224609375
10.610546112060547 7.889523983001709 100.59232330322266
10.501511573791504 8.09915542602539 100.59471130371094
9.346393585205078 6.750113487243652 99.79872131347656
10.654313087463379 7.658573150634766 100.4905014038086
10.665624618530273 7.343597888946533 100.56329345703125
10.457980155944824 8.160386085510254 100.79574584960938
10.552454948425293 8.032692909240723 100.76459503173828
9.741658210754395 8.485556602478027 100.98076629638672
9.730002403259277 8.523005485534668 100.83454895019531
9.600391387939453 8.508851051330566 100.8884048461914
9.818848609924316 6.526165008544922 100.59172058105469
9.896076202392578 6.617144584655762 100.33439636230469
9.927249908447266 6.5263166427612305 100.64671325683594
8.853048324584961 6.963888168334961 100.41182708740234
8.783137321472168 7.065942764282227 100.5197525024414
10.643317222595215 7.824500560760498 100.66658782958984
10.388945579528809 8.222865104675293 100.95185089111328
10.308341979980469 8.296568870544434 100.86432647705078
9.461420059204102 6.529263496398926 100.708984375
9.589740753173828 6.512380599975586 100.6622314453125
10.528122901916504 6.751376628875732 100.9651870727539
10.438040733337402 6.6187310218811035 101.05816650390625
9.577371597290039 6.49091911315918 100.7640380859375
8.721644401550293 7.508853435516357 100.97632598876953
8.916080474853516 8.07699203491211 101.02597045898438
8.992386817932129 8.150318145751953 101.0657730102539
10.419907569885254 8.179080963134766 101.17476654052734
10.567737579345703 8.027261734008789 101.13976287841797
9.672337532043457 6.470226287841797 100.79866790771484
9.5625581741333 6.478247165679932 100.83354187011719
8.835259437561035 7.037607192993164 101.01424407958984
9.800687789916992 6.38478422164917 101.1082534790039
9.884750366210938 6.331620693206787 101.30799865722656
9.811186790466309 6.312859535217285 101.39051055908203
10.586567878723145 8.001887321472168 101.48812866210938
8.910842895507812 6.904254913330078 101.02555847167969
8.842723846435547 7.035238265991211 101.08165740966797
8.790923118591309 7.199992656707764 101.13650512695312
8.826034545898438 7.1094465255737305 101.19459533691406
8.786526679992676 7.312839984893799 101.23867797851562
8.763697624206543 7.41438627243042 101.1650161743164
8.89857006072998 7.8646111488342285 101.3179702758789
10.848577499389648 7.493685245513916 101.4537353515625
10.824499130249023 7.153504371643066 101.29158020019531
9.797757148742676 6.2419328689575195 101.69415283203125
9.94571304321289 6.228632926940918 101.6974105834961
9.857636451721191 6.2082366943359375 101.80242156982422
10.890617370605469 7.375136852264404 101.57913208007812
9.086187362670898 6.686019420623779 101.74285125732422
9.155335426330566 6.599179744720459 101.6279067993164
8.861817359924316 7.1460418701171875 101.51161193847656
9.931137084960938 6.170300006866455 101.92871856689453
10.861785888671875 7.580759525299072 101.7354507446289
10.784757614135742 7.746423721313477 101.78648376464844
9.575014114379883 6.27317476272583 101.86425018310547
9.55433177947998 6.261066913604736 101.99846649169922
10.719280242919922 7.841742515563965 101.76394653320312
10.502635955810547 8.051719665527344 101.84249114990234
9.350354194641113 8.137239456176758 101.76312255859375
9.40979290008545 8.200666427612305 101.68370819091797
9.095527648925781 7.884843349456787 101.80448150634766
10.529557228088379 8.025941848754883 101.89867401123047
9.074911117553711 7.565508842468262 102.24266052246094
9.061033248901367 7.613284587860107 102.13859558105469
9.010152816772461 7.468743801116943 102.14032745361328
10.784344673156738 7.764286994934082 102.23959350585938
10.708934783935547 7.849117279052734 102.16209411621094
10.627584457397461 7.930149555206299 102.0845947265625
10.550227165222168 7.997839450836182 102.02311706542969
10.558554649353027 7.975498199462891 102.17549896240234
10.463759422302246 8.042625427246094 102.12217712402344
10.858434677124023 7.662761211395264 102.19662475585938
9.360066413879395 6.35638427734375 102.41127014160156
9.280844688415527 6.444225788116455 102.45173645019531
9.139887809753418 6.645871162414551 102.28092193603516
10.443666458129883 8.030953407287598 102.27519989013672
10.341546058654785 8.093771934509277 102.17575073242188
9.4640531539917 6.237728118896484 102.75123596191406
10.769054412841797 7.769315242767334 102.57002258300781
10.851362228393555 7.682333469390869 102.59870910644531
10.718917846679688 7.808112144470215 102.63831329345703
9.508282661437988 7.963360786437988 102.44332885742188
9.624732971191406 8.042366981506348 102.3875732421875
9.801521301269531 8.09875202178955 102.3772964477539
9.718616485595703 8.104011535644531 102.29916381835938
10.9136962890625 7.604691505432129 102.6303939819336
9.142901420593262 7.603366374969482 102.38917541503906
11.085428237915039 6.518706321716309 102.80107116699219
11.133328437805176 6.563404560089111 102.89781188964844
9.07436752319336 7.005321025848389 102.58340454101562
9.090139389038086 7.204320430755615 102.63092803955078
10.864457130432129 6.150566577911377 102.90686798095703
11.02973747253418 7.44600772857666 102.88479614257812
9.185105323791504 7.581406593322754 102.53922271728516
9.175954818725586 7.590312957763672 102.50052642822266
10.951895713806152 6.204310894012451 102.9754409790039
11.095379829406738 6.432066917419434 102.94772338867188
10.044849395751953 7.9996137619018555 102.81919860839844
10.964449882507324 7.544612884521484 103.13655090332031
9.31255054473877 6.707606792449951 103.67462921142578
9.292089462280273 6.819560527801514 103.59786224365234
9.304640769958496 6.636850357055664 103.58090209960938
9.614416122436523 7.798124313354492 103.02207946777344
10.597835540771484 7.818692684173584 103.13969421386719
10.687064170837402 7.768299579620361 103.16926574707031
10.636701583862305 7.811014652252197 103.06563568115234
9.710973739624023 5.946807384490967 103.7555923461914
9.8087797164917 5.867331504821777 103.7931137084961
11.3128023147583 6.361832618713379 103.70460510253906
11.291483879089355 7.0991082191467285 103.8812484741211
9.699888229370117 7.5320844650268555 103.80170440673828
11.016647338867188 7.476695537567139 103.53773498535156
9.447265625 6.325065612792969 103.96000671386719
9.907002449035645 5.776195526123047 104.01216888427734
9.761049270629883 5.87803840637207 104.09630584716797
10.020611763000488 5.731166839599609 103.91455078125
11.217914581298828 5.8928093910217285 104.17463684082031
10.007131576538086 5.7079949378967285 104.09700012207031
9.503023147583008 6.243236064910889 104.16260528564453
9.947280883789062 5.724310874938965 104.21995544433594
9.856138229370117 5.795690536499023 104.14154815673828
9.830183982849121 5.80368185043335 104.28086853027344
9.734055519104004 5.898980140686035 104.19453430175781
10.39698314666748 7.675235271453857 104.04669952392578
11.146543502807617 7.308197975158691 104.34288787841797
10.602087020874023 5.475854873657227 104.54466247558594
10.571487426757812 5.4130330085754395 104.78742980957031
10.680197715759277 5.443403720855713 104.67660522460938
9.550456047058105 7.053338527679443 104.34039306640625
9.597063064575195 7.118668556213379 104.37367248535156
9.51409912109375 6.958713531494141 104.34941864013672
11.310388565063477 7.123289585113525 104.47994232177734
11.536092758178711 6.607494354248047 104.55870056152344
11.512324333190918 6.743057727813721 104.59972381591797
9.915489196777344 7.451023101806641 104.35863494873047
10.60358715057373 7.508103847503662 104.65766906738281
10.558197021484375 7.535796642303467 104.56221771240234
11.070279121398926 7.345123291015625 104.6007308959961
10.468050003051758 5.337281227111816 105.18276977539062
10.54920482635498 7.460631847381592 104.86065673828125
10.866463661193848 7.395666122436523 104.91285705566406
11.420872688293457 6.980128765106201 104.79497528076172
-0.3289412558078766 8.563973426818848 91.56391143798828
-0.3206588923931122 8.58422565460205 91.54644012451172
-0.32372909784317017 8.576601028442383 91.55290222167969
-0.3014732003211975 8.635285377502441 91.50650787353516
-0.36203497648239136 8.492206573486328 91.63494110107422
-0.3726080656051636 8.472016334533691 91.65800476074219
-0.3655969798564911 8.485267639160156 91.64269256591797
-0.22722852230072021 8.918364524841309 91.36328887939453
-0.2136007845401764 8.999377250671387 91.34085083007812
-0.31071391701698303 8.609929084777832 91.525634765625
-0.22442099452018738 8.933720588684082 91.35848999023438
-0.2575622498989105 8.780569076538086 91.41887664794922
-0.25984513759613037 8.771750450134277 91.42326354980469
-0.2330676019191742 8.88817024230957 91.37350463867188
-0.2187594175338745 8.966644287109375 91.34906768798828
-0.2300025224685669 8.903743743896484 91.36811065673828
-0.1897852122783661 9.227228164672852 91.31303405761719
-0.22727975249290466 8.918089866638184 91.3633804321289
-0.19269883632659912 9.184530258178711 91.3144760131836
-0.22857436537742615 8.911205291748047 91.3656234741211
-0.1875753402709961 9.269757270812988 91.31328582763672
-0.23183900117874146 8.894343376159668 91.37133026123047
-0.21181094646453857 9.011469841003418 91.33808898925781
-0.19717741012573242 9.132718086242676 91.31851959228516
-0.2292144000530243 8.907844543457031 91.36672973632812
-0.2169278860092163 8.977934837341309 91.34610748291016
14.923772811889648 10.001394271850586 90.65919494628906
-0.21540746092796326 8.987576484680176 91.34368133544922
-0.22512638568878174 8.92980670928955 91.35968780517578
-0.18623986840248108 9.305882453918457 91.31481170654297
14.781597137451172 9.79166316986084 90.87667846679688
13.743584632873535 9.992117881774902 91.35836029052734
14.03085708618164 10.002426147460938 91.17676544189453
14.123270034790039 9.770097732543945 91.2260513305664
13.953241348266602 10.401192665100098 91.21015167236328
13.955023765563965 10.379393577575684 91.20474243164062
-0.21716627478599548 8.976445198059082 91.34648895263672
-0.19185379147529602 9.19591236114502 91.31392669677734
-0.18827372789382935 9.254804611206055 91.31300354003906
13.549663543701172 9.866660118103027 91.51143646240234
16.151521682739258 11.123466491699219 89.7543716430664
-0.18574225902557373 9.32467269897461 91.31608581542969
13.94884967803955 10.533988952636719 91.25251770019531
16.993907928466797 11.524639129638672 91.12854766845703
13.552799224853516 10.352585792541504 91.49751281738281
16.72478485107422 11.741568565368652 90.81624603271484
16.6830997467041 11.757036209106445 90.76121520996094
16.402097702026367 9.860771179199219 90.18206024169922
14.983885765075684 9.654823303222656 90.92793273925781
13.966489791870117 10.738525390625 91.35330963134766
16.58348846435547 9.836614608764648 90.20568084716797
16.782926559448242 9.839454650878906 90.2024917602539
14.281164169311523 9.517622947692871 91.3633041381836
14.532597541809082 9.55530834197998 91.22048950195312
14.385083198547363 9.406810760498047 91.47396850585938
17.24469566345215 11.047961235046387 91.31877136230469
16.80811882019043 11.696577072143555 90.92109680175781
16.928245544433594 9.81705093383789 90.40591430664062
16.935094833374023 9.817538261413574 90.41606903076172
15.362326622009277 9.671231269836426 90.77531433105469
14.719559669494629 9.582334518432617 91.1166763305664
14.942124366760254 9.504925727844238 91.16226196289062
14.667291641235352 9.466341018676758 91.29875946044922
13.471762657165527 10.55068588256836 91.6491470336914
14.448891639709473 11.241547584533691 91.75608825683594
13.43057632446289 10.710413932800293 91.81837463378906
12.690168380737305 10.214104652404785 92.11575317382812
13.967926025390625 11.122235298156738 92.10628509521484
13.333532333374023 10.804032325744629 92.04149627685547
16.994287490844727 9.82823657989502 90.5062026977539
17.065513610839844 9.85840892791748 90.62101745605469
16.674230575561523 11.759716987609863 90.74928283691406
16.666595458984375 11.761852264404297 90.73894500732422
16.642765045166016 11.767477035522461 90.70630645751953
-0.18523475527763367 9.354131698608398 91.3187484741211
17.33027458190918 10.459547996520996 91.22735595703125
12.585288047790527 9.33801555633545 92.31021881103516
12.566338539123535 9.449101448059082 92.25528717041016
12.107939720153809 9.692316055297852 92.46417999267578
12.212884902954102 9.75235652923584 92.38976287841797
12.13064956665039 9.833900451660156 92.44706726074219
14.695716857910156 11.310845375061035 91.75952911376953
14.605395317077637 11.27030086517334 92.01813507080078
14.839558601379395 11.301197052001953 91.9935302734375
14.759140014648438 11.222237586975098 92.23056030273438
11.987418174743652 9.796092987060547 92.54530334472656
11.926836013793945 9.71975326538086 92.58504486083984
15.995782852172852 11.507221221923828 91.44534301757812
16.099925994873047 11.61839771270752 91.13033294677734
13.477692604064941 10.969809532165527 92.2637710571289
17.233789443969727 10.046293258666992 90.93508911132812
13.395498275756836 9.177547454833984 92.12250518798828
13.296838760375977 9.313339233398438 91.9919662475586
16.971038818359375 11.551716804504395 91.10518646240234
17.165882110595703 9.94351863861084 90.79844665527344
-0.18655282258987427 9.296085357666016 91.31427764892578
-0.18506550788879395 9.379806518554688 91.32173156738281
-0.18507874011993408 9.393113136291504 91.32352447509766
11.771851539611816 9.738056182861328 92.69307708740234
17.107248306274414 9.88667106628418 90.69217681884766
17.291629791259766 10.197315216064453 91.07478332519531
-0.18547099828720093 9.429597854614258 91.32930755615234
12.095993995666504 9.297457695007324 92.59576416015625
13.308120727539062 10.961304664611816 92.69183349609375
13.502876281738281 11.010436058044434 92.55195617675781
17.264142990112305 10.113862037658691 91.00410461425781
13.52138614654541 10.983888626098633 92.83380889892578
12.439203262329102 9.250669479370117 92.44613647460938
12.23501205444336 9.185114860534668 92.59696197509766
12.01129150390625 9.175739288330078 92.71627807617188
-0.18593809008598328 9.450674057006836 91.3332290649414
17.30994987487793 10.778270721435547 91.31478118896484
15.091044425964355 11.196344375610352 92.2259750366211
14.889949798583984 11.133468627929688 92.38407135009766
15.096041679382324 11.11800765991211 92.34217071533203
13.09322452545166 10.907021522521973 92.84912872314453
13.376439094543457 10.918255805969238 93.04951477050781
17.215787887573242 10.01381778717041 90.89694213867188
17.201723098754883 9.9913969039917 90.86822509765625
17.295974731445312 10.213693618774414 91.08712768554688
17.303314208984375 10.244413375854492 91.10909271240234
-0.18551898002624512 9.335391998291016 91.31696319580078
-0.18797317147254944 9.261017799377441 91.31309509277344
13.666284561157227 9.007721900939941 92.541015625
13.904693603515625 9.058971405029297 92.77159881591797
13.138932228088379 8.981916427612305 92.53816223144531
17.19911766052246 11.171869277954102 91.29788970947266
17.0777530670166 11.07681655883789 91.4087905883789
15.024392127990723 9.684268951416016 92.68643188476562
17.18230438232422 11.211235046386719 91.28785705566406
-0.18524059653282166 9.353635787963867 91.3187026977539
-0.19532015919685364 9.608613967895508 91.376953125
14.337291717529297 9.377985954284668 93.01641845703125
15.631683349609375 10.881360054016113 92.31815338134766
14.54590892791748 10.828817367553711 92.89228820800781
-0.2256774604320526 8.926775932312012 91.36063385009766
-0.23657238483428955 8.871044158935547 91.37976837158203
-0.210004061460495 9.024121284484863 91.33536529541016
-0.2013130486011505 9.093066215515137 91.3233413696289
14.777631759643555 9.894112586975098 93.01095581054688
14.854757308959961 10.130817413330078 92.99948120117188
15.021997451782227 9.968114852905273 92.84723663330078
15.178570747375488 10.321141242980957 92.77616882324219
17.18324089050293 11.209113121032715 91.28844451904297
16.181047439575195 11.10456657409668 91.88462829589844
-0.24550184607505798 8.830267906188965 91.39610290527344
-0.23042461276054382 8.901564598083496 91.36884307861328
17.33102798461914 10.551488876342773 91.26220703125
17.328611373901367 10.427286148071289 91.21308135986328
-0.19601449370384216 9.615873336791992 91.37960052490234
17.28612518310547 10.89925479888916 91.32450866699219
11.148747444152832 8.759288787841797 93.47985076904297
13.65864372253418 9.220693588256836 93.50020599365234
13.651830673217773 10.602755546569824 93.50680541992188
-0.21941566467285156 9.783465385437012 91.45870971679688
-0.2522749602794647 9.923676490783691 91.55721282958984
-0.2318739891052246 9.844097137451172 91.4970474243164
11.046300888061523 10.076957702636719 93.42259216308594
12.271522521972656 10.619413375854492 93.8722152709961
13.41362476348877 10.559406280517578 93.65391540527344
10.836986541748047 9.711348533630371 93.37538146972656
12.89793872833252 10.500877380371094 93.93059539794922
12.719816207885742 10.44886589050293 94.06114196777344
-0.287988543510437 8.675134658813477 91.47896575927734
-0.38628941774368286 8.447646141052246 91.68807220458984
-0.26430192589759827 8.755014419555664 91.43189239501953
-0.23203063011169434 8.893372535705566 91.37167358398438
-0.3323726952075958 8.555871963500977 91.5711898803711
10.933600425720215 8.719717025756836 93.61235809326172
-0.2687675356864929 9.976081848144531 91.60427856445312
-0.2841578722000122 10.018050193786621 91.64727783203125
-0.3363885283470154 10.125543594360352 91.78858947753906
12.864761352539062 9.092057228088379 94.1252670288086
-0.29932692646980286 8.641392707824707 91.50209045410156
-0.4143548309803009 8.40334415435791 91.75050354003906
13.266139030456543 10.273419380187988 93.94925689697266
-0.34051182866096497 8.537298202514648 91.58853912353516
-0.5129095315933228 8.299181938171387 91.97653198242188
10.362039566040039 9.608867645263672 93.70745849609375
11.680306434631348 10.532395362854004 94.0293197631836
11.476259231567383 10.494733810424805 93.82499694824219
13.057641983032227 10.192410469055176 94.10860443115234
-0.5617453455924988 8.273550987243652 92.09197235107422
12.391963958740234 10.393074989318848 94.25437927246094
12.484517097473145 10.23939037322998 94.37051391601562
12.607160568237305 10.349124908447266 94.21456146240234
-0.4265837073326111 10.228821754455566 92.02172088623047
-0.3741039037704468 10.179022789001465 91.88743591308594
12.839741706848145 10.119832992553711 94.26771545410156
13.012496948242188 10.038440704345703 94.20516967773438
12.325275421142578 10.289647102355957 94.39652252197266
-0.7037597298622131 8.292876243591309 92.44009399414062
4.450201988220215 9.31157112121582 93.26953125
4.550924301147461 9.438966751098633 93.36841583251953
11.53272819519043 8.480128288269043 94.51457977294922
10.153736114501953 9.5376558303833 93.84402465820312
10.069781303405762 9.680862426757812 93.9775161743164
-0.9400063157081604 8.909793853759766 93.0965576171875
4.519007682800293 9.60946273803711 93.46863555908203
-0.896379828453064 8.648873329162598 92.95588684082031
-0.9123003482818604 8.719858169555664 93.00401306152344
10.211836814880371 8.261390686035156 94.50931549072266
11.138267517089844 8.364032745361328 94.69055938720703
-0.9156769514083862 9.568427085876465 93.12447357177734
3.6526196002960205 9.715421676635742 93.16592407226562
4.486134052276611 9.722143173217773 93.56352996826172
9.77895736694336 9.466395378112793 94.10945129394531
9.476004600524902 9.417097091674805 94.32792663574219
9.770658493041992 8.279236793518066 94.58866882324219
-0.9259874820709229 9.501649856567383 93.14073181152344
-0.9259714484214783 9.501764297485352 93.14070892333984
-0.9128844738006592 9.584620475769043 93.11981964111328
9.280695915222168 9.41376781463623 94.4823989868164
10.29709243774414 8.156922340393066 94.863037109375
9.565417289733887 8.3295316696167 94.60026550292969
9.037766456604004 9.419129371643066 94.68517303466797
9.252046585083008 9.569409370422363 94.60565948486328
2.494365692138672 10.083142280578613 93.6589126586914
3.107111930847168 10.0520658493042 93.89615631103516
2.9535558223724365 10.064396858215332 93.52310180664062
10.031102180480957 10.112288475036621 94.68399810791016
-0.9161591529846191 8.739781379699707 93.01603698730469
10.98288345336914 8.529519081115723 95.31591796875
9.905511856079102 10.096965789794922 94.88422393798828
5.152876853942871 8.092402458190918 94.05333709716797
-0.9426959753036499 8.939523696899414 93.1070327758789
-0.5831304788589478 8.655709266662598 93.1043930053711
-0.5601434707641602 8.864141464233398 93.24195861816406
9.071179389953613 9.600863456726074 94.80056762695312
10.21779727935791 8.119643211364746 95.14311981201172
9.681293487548828 10.005906105041504 94.84312438964844
10.914173126220703 8.96967887878418 95.6786117553711
11.028556823730469 8.772045135498047 95.50051879882812
-0.31194639205932617 8.929388046264648 93.37486267089844
9.145806312561035 9.781177520751953 94.9754638671875
4.863498687744141 9.959094047546387 94.29635620117188
9.511466979980469 9.982962608337402 95.04985046386719
11.19385814666748 9.863327026367188 95.2969741821289
11.015774726867676 9.843918800354004 95.39952087402344
-0.8980116248130798 9.229961395263672 93.18311309814453
10.893370628356934 9.917238235473633 95.3910903930664
10.771651268005371 9.113632202148438 95.80357360839844
10.808979034423828 9.317437171936035 95.76394653320312
5.6534905433654785 7.923646926879883 94.78211212158203
-0.8638097047805786 9.30489730834961 93.19647979736328
-0.5560214519500732 9.30448055267334 93.32201385498047
8.874473571777344 9.795860290527344 95.37266540527344
9.139151573181152 9.905596733093262 95.43069458007812
9.012836456298828 9.800405502319336 95.185302734375
9.376533508300781 9.961231231689453 95.22528076171875
10.003005027770996 10.017457008361816 95.51042938232422
-0.9055613279342651 9.624189376831055 93.10723876953125
9.267765045166016 9.918993949890137 95.20369720458984
-0.946731448173523 9.289790153503418 93.1631851196289
-0.49707111716270447 9.69554328918457 93.23030090332031
-0.9320955276489258 9.454888343811035 93.14940643310547
3.348562240600586 9.720820426940918 94.63520050048828
3.5200891494750977 9.78483772277832 94.62480926513672
7.422841548919678 7.841291427612305 95.72638702392578
-0.5508602857589722 9.36701774597168 93.3177261352539
-0.9353865385055542 9.42636489868164 93.15364074707031
-0.9410992860794067 9.368221282958984 93.15985107421875
-0.535875678062439 9.492308616638184 93.29783630371094
-0.5458879470825195 9.414812088012695 93.31195068359375
-0.5439728498458862 9.431211471557617 93.30945587158203
-0.9478813409805298 9.26794147491455 93.16309356689453
6.170959949493408 9.831060409545898 95.37512969970703
10.473356246948242 9.454012870788574 95.92594909667969
4.107388973236084 9.427465438842773 95.13202667236328
-0.9502043724060059 9.203845024108887 93.16026306152344
10.228745460510254 9.161377906799316 96.16407012939453
10.24617862701416 9.305229187011719 96.11714172363281
9.681244850158691 8.293718338012695 96.31532287597656
8.521076202392578 7.7068376541137695 96.22010040283203
-0.950279712677002 9.200624465942383 93.16002655029297
-0.9481604099273682 9.262046813964844 93.16299438476562
-0.9495871663093567 9.225738525390625 93.16165924072266
8.873360633850098 7.5893754959106445 96.55427551269531
8.502199172973633 7.653069019317627 96.51362609863281
9.598891258239746 9.193716049194336 96.40948486328125
9.556962013244629 9.255400657653809 96.46855926513672
8.43697452545166 7.649811267852783 96.67321014404297
7.439905166625977 9.560324668884277 96.24944305419922
8.236515045166016 9.470118522644043 96.69651794433594
8.291255950927734 9.54810905456543 96.57559204101562
8.251334190368652 7.759006977081299 96.64688873291016
9.119856834411621 9.563644409179688 96.64519500732422
9.23505973815918 9.512378692626953 96.63899993896484
8.56588363647461 7.605581283569336 96.65364837646484
8.072080612182617 7.915551662445068 96.65797424316406
7.980648040771484 8.04232406616211 96.84282684326172
7.876985549926758 8.249917030334473 96.79653930664062
9.586368560791016 8.006336212158203 96.43115997314453
9.814929008483887 8.535090446472168 96.59529113769531
9.156716346740723 9.537736892700195 96.70846557617188
9.170806884765625 7.580114364624023 96.7501449584961
7.828865051269531 8.46402645111084 96.82861328125
7.878506660461426 8.85277271270752 96.93156433105469
9.005902290344238 9.577737808227539 96.75186157226562
8.311585426330566 7.69996976852417 96.8021011352539
8.366765022277832 7.650678634643555 96.91497039794922
8.197813987731934 7.775670528411865 96.94892883300781
8.137726783752441 7.841034412384033 96.8150863647461
8.03451156616211 7.968205451965332 96.98095703125
7.992267608642578 9.093742370605469 96.95942687988281
8.98537540435791 9.538180351257324 96.95026397705078
8.944815635681152 9.569621086120605 96.84176635742188
9.304780006408691 7.580496788024902 96.89282989501953
8.2604341506958 7.714626789093018 97.0291976928711
8.159550666809082 7.807355880737305 97.15226745605469
8.086333274841309 7.898212432861328 97.06949615478516
9.071396827697754 9.507688522338867 97.00780487060547
9.313720703125 7.544896125793457 97.00314331054688
8.05598258972168 7.964573383331299 97.3094482421875
8.025893211364746 8.003389358520508 97.18724822998047
7.997063159942627 8.845617294311523 97.32666778564453
9.489663124084473 9.30510425567627 96.9552993774414
8.961283683776855 9.511707305908203 97.07879638671875
8.771435737609863 7.486626148223877 96.98934936523438
9.516997337341309 9.256166458129883 97.24983978271484
9.53730297088623 9.256205558776855 97.06190490722656
9.90352725982666 8.64328384399414 97.1119384765625
8.961520195007324 7.4467878341674805 97.0912094116211
8.864612579345703 7.438681125640869 97.14103698730469
9.548554420471191 7.681354999542236 97.01210021972656
9.63454818725586 7.7914137840271 96.94929504394531
9.641399383544922 7.7595367431640625 97.02821350097656
8.142953872680664 8.947261810302734 97.59185028076172
9.473292350769043 7.596353054046631 97.08606719970703
9.937057495117188 8.549798011779785 97.2091293334961
9.848272323608398 8.853780746459961 97.2519302368164
9.733545303344727 9.03929615020752 97.21477508544922
9.725679397583008 9.051106452941895 97.34060668945312
8.847750663757324 9.495044708251953 97.1683578491211
9.405235290527344 7.450290679931641 97.3770980834961
9.009956359863281 9.372020721435547 97.62938690185547
8.317901611328125 7.619239807128906 97.71095275878906
8.276006698608398 7.66726541519165 97.61188507080078
9.796037673950195 7.801473617553711 97.3067626953125
9.848278045654297 7.959855079650879 97.19956970214844
9.897988319396973 7.964244842529297 97.34105682373047
9.56991195678711 9.191201210021973 97.49949645996094
9.646169662475586 9.123230934143066 97.57095336914062
9.663725852966309 9.114901542663574 97.45218658447266
8.62034797668457 9.262475967407227 97.7735824584961
8.623106002807617 9.235673904418945 97.8521957397461
8.741333961486816 9.281842231750488 97.83868408203125
9.947662353515625 8.151009559631348 97.3096694946289
9.972260475158691 8.13626766204834 97.41108703613281
9.084502220153809 9.330102920532227 97.77677154541016
9.371792793273926 7.429649829864502 97.39720153808594
9.269137382507324 7.392717361450195 97.41059875488281
8.430922508239746 7.501331329345703 97.88953399658203
10.006439208984375 8.522053718566895 97.59014892578125
9.296074867248535 9.299161911010742 97.72254943847656
8.110330581665039 8.333891868591309 98.15364074707031
8.139359474182129 8.536422729492188 98.12967681884766
8.074539184570312 8.305773735046387 98.00228118896484
8.769956588745117 9.220891952514648 98.05016326904297
8.649109840393066 9.247276306152344 97.849609375
9.157485961914062 7.252736568450928 97.82815551757812
8.446528434753418 7.476667881011963 98.04103088378906
9.905311584472656 8.8096923828125 97.68939208984375
9.76502513885498 9.00110912322998 97.68646240234375
9.703417778015137 7.518345832824707 97.6669921875
8.44949722290039 9.003823280334473 98.16358184814453
9.68297004699707 7.448243141174316 97.79107666015625
9.772680282592773 7.540994167327881 97.75341033935547
9.251511573791504 9.239147186279297 98.06464385986328
9.223511695861816 9.256600379943848 98.0099868774414
10.09168815612793 8.1260347366333 97.88386535644531
10.125622749328613 8.29757022857666 98.05841827392578
10.117247581481934 8.07125473022461 98.01079559326172
9.66683578491211 9.061224937438965 98.0601577758789
9.050416946411133 9.20892333984375 98.2467269897461
9.138594627380371 9.234074592590332 98.14761352539062
9.17702865600586 9.211433410644531 98.227294921875
10.03891372680664 7.748715877532959 98.04731750488281
10.053226470947266 7.8259735107421875 97.99182891845703
10.11732292175293 7.9517621994018555 98.08395385742188
9.71325969696045 9.017046928405762 98.15756225585938
8.649700164794922 8.908492088317871 98.74078369140625
8.997834205627441 9.1633882522583 98.39118194580078
9.398736953735352 7.22208309173584 98.0473403930664
8.663405418395996 8.83631420135498 98.93560028076172
8.667428970336914 8.920723915100098 98.74015808105469
9.788833618164062 8.94738483428955 98.25836181640625
9.826868057250977 8.897228240966797 98.48165893554688
9.266746520996094 7.136251449584961 98.27095031738281
9.39492130279541 7.158374309539795 98.24890899658203
9.375765800476074 7.110996246337891 98.39613342285156
9.029600143432617 7.139468193054199 98.32340240478516
10.110376358032227 8.529145240783691 98.4246826171875
9.126496315002441 9.004573822021484 98.99077606201172
8.36211109161377 7.596601963043213 98.74513244628906
8.296058654785156 7.79046630859375 98.84217834472656
8.31112003326416 7.70649528503418 98.74061584472656
10.1959810256958 7.841953277587891 98.45660400390625
10.15433120727539 7.865382194519043 98.28791809082031
10.209115982055664 8.041398048400879 98.40857696533203
9.17379379272461 7.084982872009277 98.47168731689453
8.448472023010254 7.459023475646973 98.76236724853516
9.527717590332031 7.151799201965332 98.37386322021484
9.557116508483887 7.07649040222168 98.62933349609375
8.402730941772461 7.565119743347168 99.03575897216797
10.219057083129883 7.762649059295654 98.60689544677734
8.326577186584473 8.134976387023926 99.12053680419922
10.17409610748291 8.478638648986816 98.8871841430664
9.325239181518555 8.945874214172363 99.24486541748047
9.552224159240723 7.035127639770508 98.75399017333984
10.165566444396973 7.596813678741455 98.62660217285156
8.34791374206543 8.068714141845703 99.23709106445312
8.401124000549316 8.293429374694824 99.25489807128906
8.526959419250488 7.36110258102417 99.0295639038086
9.427297592163086 8.899484634399414 99.40892791748047
9.45443344116211 8.858851432800293 99.564453125
9.57466983795166 8.873188018798828 99.42745971679688
8.348764419555664 7.810457706451416 99.19966125488281
8.41434097290039 7.5712995529174805 99.17896270751953
9.527688980102539 7.009461402893066 98.81853485107422
9.648269653320312 7.025339126586914 98.86779022216797
8.474553108215332 8.382755279541016 99.3653793334961
10.209406852722168 8.461690902709961 99.43071746826172
8.478693008422852 8.323820114135742 99.45870971679688
8.519648551940918 8.431581497192383 99.4168930053711
8.567947387695312 8.466845512390137 99.48391723632812
9.597782135009766 8.815433502197266 99.66879272460938
8.497686386108398 8.284521102905273 99.5674057006836
8.52043342590332 8.361299514770508 99.52650451660156
10.271240234375 7.380986213684082 99.23712158203125
9.40900993347168 8.786648750305176 99.84501647949219
9.185693740844727 8.74772834777832 99.86241149902344
8.777069091796875 8.564484596252441 99.75956726074219
8.70330810546875 8.52027702331543 99.70020294189453
9.041756629943848 8.71702766418457 99.80352783203125
8.528926849365234 8.292241096496582 99.64952850341797
9.711690902709961 8.686505317687988 100.14935302734375
9.881828308105469 8.645692825317383 100.1015396118164
9.743570327758789 8.725162506103516 99.93042755126953
9.653149604797363 6.958804607391357 99.0736312866211
10.02299976348877 7.0385003089904785 99.34541320800781
9.931703567504883 8.55711555480957 100.48387145996094
9.871442794799805 8.590917587280273 100.41226196289062
9.936905860900879 6.908900737762451 99.5352554321289
9.730168342590332 6.8386640548706055 99.50969696044922
8.622596740722656 8.213845252990723 100.02996063232422
10.424921989440918 8.194272994995117 100.27759552001953
10.326729774475098 8.315227508544922 100.3671646118164
10.432280540466309 7.289814472198486 99.8292465209961
8.605697631835938 7.295213222503662 99.82659912109375
8.606880187988281 7.315072059631348 99.96414184570312
8.613970756530762 7.3328142166137695 100.11219787597656
9.79946517944336 6.708600044250488 99.97273254394531
10.075626373291016 6.801511287689209 100.0129623413086
8.85075855255127 6.980978012084961 99.9676284790039
10.442928314208984 6.984636306762695 100.33308410644531
9.604385375976562 8.5399808883667 100.77664947509766
9.352432250976562 8.483247756958008 100.81647491455078
9.447198867797852 8.478968620300293 100.91079711914062
9.489973068237305 8.512267112731934 100.83108520507812
9.87341022491455 8.490670204162598 100.88928985595703
9.895857810974121 8.462188720703125 100.99787902832031
10.010014533996582 8.441717147827148 100.95045471191406
10.365143775939941 8.252349853515625 100.83472442626953
10.392420768737793 8.227738380432129 100.82782745361328
10.46485710144043 8.151656150817871 100.85037994384766
10.4840726852417 8.125086784362793 101.06034088134766
8.995454788208008 8.241138458251953 100.8869400024414
9.678654670715332 8.469014167785645 101.04695129394531
10.632088661193848 6.851531505584717 101.0377426147461
9.909683227539062 6.491028308868408 100.75228118896484
10.00541877746582 6.524550437927246 100.71131896972656
10.600053787231445 6.769553184509277 101.09819793701172
8.907965660095215 6.900648593902588 100.876708984375
9.974565505981445 8.414958953857422 101.13472747802734
9.976176261901855 8.380168914794922 101.2957992553711
10.095693588256836 8.355964660644531 101.24732208251953
10.727996826171875 7.021791934967041 101.07396697998047
10.70314884185791 6.899990558624268 101.15767669677734
9.888619422912598 8.407841682434082 101.24221801757812
9.752949714660645 6.439778804779053 100.90059661865234
9.700912475585938 6.384642601013184 101.14166259765625
9.882813453674316 6.44135046005249 100.91039276123047
10.785539627075195 7.059926986694336 101.22355651855469
9.027462005615234 8.166348457336426 101.10860443115234
10.743128776550293 6.9145073890686035 101.25446319580078
9.385054588317871 8.321809768676758 101.319580078125
9.624200820922852 6.333707809448242 101.44580078125
9.72994613647461 6.304576873779297 101.46920013427734
10.842020988464355 7.392697811126709 101.33200073242188
9.87606430053711 6.251004219055176 101.62039184570312
10.023273468017578 6.25286340713501 101.61846160888672
9.68090534210205 6.270536422729492 101.67823791503906
9.614313125610352 8.31849479675293 101.54225158691406
9.517816543579102 8.289249420166016 101.55551147460938
9.64624309539795 8.304018020629883 101.60966491699219
10.869671821594238 6.9974541664123535 101.57405853271484
9.34034252166748 8.23493766784668 101.49764251708984
10.377769470214844 6.32487678527832 101.69059753417969
9.224688529968262 6.518502712249756 101.84308624267578
9.527120590209961 8.252403259277344 101.67440032958984
9.474656105041504 6.3341450691223145 101.78994750976562
9.563310623168945 6.300489902496338 101.73404693603516
9.022968292236328 7.919415473937988 101.56537628173828
8.992654800415039 6.844579696655273 101.72853088378906
8.9340181350708 6.9979777336120605 101.73873901367188
8.912532806396484 7.15507173538208 101.81463623046875
9.47165298461914 8.19370174407959 101.78146362304688
9.116772651672363 6.653396129608154 101.96351623535156
10.954748153686523 7.02113676071167 101.87531280517578
10.88845443725586 6.587549686431885 102.13983154296875
10.897578239440918 6.702072620391846 101.99752807617188
10.98111343383789 6.760034561157227 102.18560028076172
9.291738510131836 6.439169406890869 102.10271453857422
9.126741409301758 6.645317077636719 102.06400299072266
9.180557250976562 6.569686412811279 102.13862609863281
10.91264820098877 7.523554801940918 101.9848403930664
10.921069145202637 7.453140735626221 101.86492156982422
10.858306884765625 7.625833988189697 101.89181518554688
9.084970474243164 7.788630962371826 101.94367218017578
9.810291290283203 8.241265296936035 101.8974609375
9.43496036529541 6.324419021606445 102.05107116699219
10.983126640319824 7.1843976974487305 101.96826934814453
10.96023178100586 7.363558292388916 101.97447204589844
11.000324249267578 7.297049522399902 102.13563537597656
8.958233833312988 7.12975549697876 102.04241943359375
8.97518539428711 7.273177623748779 102.13105773925781
8.931642532348633 7.358693599700928 101.91990661621094
10.935328483581543 7.5044121742248535 102.11967468261719
10.783586502075195 7.760497570037842 101.96981811523438
10.858094215393066 7.649824142456055 102.05169677734375
10.700057983398438 7.863410949707031 102.0276107788086
10.989501953125 6.890025615692139 102.09346008300781
11.058974266052246 6.986910820007324 102.31832885742188
10.779888153076172 7.769439697265625 102.11714935302734
9.85995864868164 8.212474822998047 102.01256561279297
9.907889366149902 8.194438934326172 102.08545684814453
9.152287483215332 7.872777938842773 101.96089935302734
9.16603946685791 7.814152717590332 102.10140991210938
10.351237297058105 8.11245346069336 102.04248046875
9.022624969482422 7.178987979888916 102.35693359375
8.994641304016113 7.190412521362305 102.2305908203125
9.014297485351562 7.020795822143555 102.2745590209961
9.056896209716797 6.837705612182617 102.27803039550781
9.56831169128418 8.05318546295166 102.28936767578125
9.791011810302734 8.146242141723633 102.21501159667969
9.639904022216797 8.116523742675781 102.18916320800781
9.429583549499512 6.292787075042725 102.41240692138672
9.053812026977539 7.306910037994385 102.42914581298828
9.098490715026855 7.469092845916748 102.43341064453125
9.135526657104492 7.488521575927734 102.52544403076172
9.143969535827637 6.6785054206848145 102.5078353881836
9.168766975402832 6.628103256225586 102.5247573852539
10.79423999786377 7.741963863372803 102.62690734863281
9.266785621643066 6.462535858154297 102.45964050292969
9.545970916748047 7.941340923309326 102.5558853149414
9.137109756469727 6.733104705810547 102.62875366210938
9.10673713684082 6.816229820251465 102.58800506591797
9.450468063354492 6.239068984985352 103.04265594482422
9.521556854248047 6.158540725708008 103.18739318847656
9.418866157531738 6.279084205627441 103.2072982788086
9.278985977172852 6.47592306137085 102.91341400146484
9.445028305053711 7.872583389282227 102.5596694946289
9.508923530578613 7.9039998054504395 102.59253692626953
9.475961685180664 6.2071452140808105 103.35452270507812
9.380467414855957 6.345096588134766 103.31669616699219
9.351030349731445 6.3739447593688965 103.10950469970703
11.051080703735352 6.326145172119141 102.98980712890625
11.163145065307617 6.515371322631836 103.04798126220703
9.307501792907715 6.48868465423584 103.2948989868164
9.426542282104492 6.282161235809326 103.45646667480469
10.32203483581543 7.965731620788574 102.85791778564453
11.130438804626465 7.289842128753662 103.11498260498047
9.180256843566895 7.299295902252197 102.88565063476562
9.12849235534668 7.207382678985596 102.77816772460938
9.15681266784668 7.159281253814697 102.9169921875
9.704334259033203 7.915817737579346 102.83708953857422
9.597610473632812 7.9377522468566895 102.63916015625
10.010107040405273 7.985347270965576 102.86190795898438
10.203579902648926 7.993647575378418 102.8219985961914
11.05673885345459 7.424643516540527 103.15147399902344
9.230836868286133 7.421878814697266 102.89885711669922
10.882641792297363 7.634431838989258 103.03484344482422
11.212056159973145 6.554147243499756 103.17182922363281
11.121308326721191 7.325039863586426 103.22171783447266
11.059144020080566 7.425533771514893 103.2350845336914
11.224964141845703 7.116743087768555 103.33743286132812
11.166929244995117 7.254701137542725 103.33244323730469
10.283204078674316 7.930437088012695 103.0462646484375
10.893787384033203 7.6187849044799805 103.12467193603516
10.328271865844727 7.903192043304443 103.13409423828125
9.37928581237793 6.441675662994385 103.74919128417969
9.346121788024902 6.537910461425781 103.70904541015625
11.314554214477539 6.867751598358154 103.53327178955078
11.339473724365234 6.713333606719971 103.60078430175781
11.10262393951416 7.362857341766357 103.2787857055664
9.59282398223877 6.065289497375488 103.74285888671875
9.612991333007812 6.040464878082275 103.86436462402344
9.508296966552734 6.185146808624268 103.85850524902344
9.287592887878418 7.375262260437012 103.12899017333984
11.340570449829102 6.859896183013916 103.67361450195312
10.630715370178223 7.785537242889404 103.24901580810547
11.21361255645752 7.178638458251953 103.44954681396484
11.131058692932129 7.3296918869018555 103.42669677734375
9.369600296020508 6.6269636154174805 103.93151092529297
9.437569618225098 7.1606011390686035 103.86239624023438
9.901150703430176 7.6818156242370605 103.72704315185547
9.880414962768555 5.799201011657715 103.96305084228516
11.418642044067383 6.450850009918213 104.01071166992188
11.433910369873047 6.651905059814453 104.04408264160156
11.401812553405762 6.515598297119141 103.91177368164062
11.377546310424805 6.697632789611816 103.77932739257812
11.325531959533691 7.002607345581055 103.82196807861328
9.555041313171387 7.405129432678223 103.77056121826172
11.395063400268555 6.860771179199219 104.0129623413086
9.823801040649414 7.561650276184082 103.9393081665039
10.439596176147461 5.62502908706665 103.97985076904297
11.197056770324707 7.261244773864746 103.96765899658203
10.561594009399414 5.531795024871826 104.33370971679688
10.417722702026367 5.572473049163818 104.19086456298828
11.009933471679688 5.685090065002441 104.2577133178711
9.522716522216797 6.199833869934082 104.16181182861328
9.468931198120117 6.3481903076171875 104.19778442382812
9.44577693939209 6.471059799194336 104.23532104492188
9.428443908691406 6.591095924377441 104.216064453125
9.657774925231934 5.985836029052734 104.14549255371094
9.826196670532227 7.541496276855469 103.99341583251953
9.91785717010498 7.5931243896484375 103.99172973632812
9.721887588500977 5.908421516418457 104.33625030517578
9.637557029724121 6.014342308044434 104.2413330078125
9.586994171142578 6.086820602416992 104.19001007080078
11.248676300048828 7.199213027954102 104.43946838378906
10.425352096557617 7.563065528869629 104.47258758544922
9.467174530029297 6.483186721801758 104.36509704589844
9.920816421508789 7.503166675567627 104.2336654663086
11.360508918762207 7.048158168792725 104.44916534423828
9.532906532287598 6.275803565979004 104.50337982177734
9.522541999816895 6.324926853179932 104.52205657958984
11.334141731262207 7.093245029449463 104.54910278320312
10.788110733032227 7.474064350128174 104.63871765136719
10.874550819396973 7.4400482177734375 104.65855407714844
10.002762794494629 7.429433345794678 104.54290771484375
10.764537811279297 5.331687927246094 105.09709930419922
11.440143585205078 6.934727668762207 104.66612243652344
11.385171890258789 7.026930809020996 104.68608093261719
11.316862106323242 7.116840362548828 104.71438598632812
11.569880485534668 6.335697174072266 104.6749038696289
9.627542495727539 6.504906177520752 105.12104797363281
10.985949516296387 7.385896682739258 104.67494201660156
10.376728057861328 7.436311721801758 104.90026092529297
11.618834495544434 6.55800199508667 104.99420928955078
11.581222534179688 6.707096099853516 105.04420471191406
10.18490219116211 7.138795852661133 105.55838012695312
10.047384262084961 7.081328868865967 105.46305084228516
10.125438690185547 7.068349838256836 105.63343048095703
-0.30408501625061035 8.62796688079834 91.51189422607422
-0.30279091000556946 8.631577491760254 91.50922393798828
-0.19380638003349304 9.170533180236816 91.31532287597656
-0.2769414782524109 8.710648536682129 91.45677947998047
-0.21900790929794312 8.96513843536377 91.34947204589844
-0.2199307382106781 8.95959758758545 91.35099029541016
16.174049377441406 11.324244499206543 89.86090850830078
16.39645767211914 11.720149993896484 90.3302001953125
14.368183135986328 11.226688385009766 92.0273666381836
15.418815612792969 9.494386672973633 91.14293670654297
17.330123901367188 10.579999923706055 91.2713623046875
16.611408233642578 11.762033462524414 90.7164306640625
14.428560256958008 9.182879447937012 92.18018341064453
13.188576698303223 8.910910606384277 93.43321990966797
13.142398834228516 8.857561111450195 93.09073638916016
13.4121675491333 8.950447082519531 93.20720672607422
17.272375106811523 10.954344749450684 91.32470703125
3.1747560501098633 9.226717948913574 92.70677185058594
12.707270622253418 10.220507621765137 94.27574157714844
12.734354019165039 9.990702629089355 94.38750457763672
-0.5058428645133972 10.239108085632324 92.46605682373047
-0.5586786866188049 8.981680870056152 93.28578186035156
-0.9124592542648315 9.587028503417969 93.11911010742188
-0.9088014364242554 9.607158660888672 93.11286926269531
-0.9033674001693726 9.635334014892578 93.1033706665039
7.595099449157715 7.843277454376221 95.85789489746094
6.9102606773376465 8.036661148071289 95.95077514648438
6.5771074295043945 8.085840225219727 95.85838317871094
6.729499816894531 9.737133979797363 95.75112915039062
5.831932067871094 9.640033721923828 95.59761810302734
9.693941116333008 8.271211624145508 96.33050537109375
9.104267120361328 9.55721664428711 96.71101379394531
7.4040045738220215 9.475730895996094 96.32560729980469
8.185322761535645 9.390558242797852 96.80081176757812
9.375569343566895 9.417221069335938 96.7034683227539
9.047490119934082 7.532500267028809 96.81153106689453
7.928785800933838 8.173554420471191 96.99173736572266
9.820731163024902 8.377044677734375 96.6764907836914
9.585180282592773 7.669819355010986 97.10627746582031
9.720480918884277 7.807212829589844 97.11317443847656
9.823863983154297 7.995678901672363 97.07881927490234
8.535307884216309 7.45963191986084 97.58714294433594
8.484804153442383 7.475131511688232 97.72084045410156
8.42148208618164 7.533542156219482 97.60691833496094
9.96817398071289 8.447152137756348 97.31295013427734
8.03662109375 8.40991497039795 97.81886291503906
10.046761512756348 8.36357593536377 97.6792221069336
8.534364700317383 7.408483505249023 98.00711059570312
9.298577308654785 7.201405048370361 98.05298614501953
9.360790252685547 7.226011276245117 98.00727081298828
9.722107887268066 7.380441665649414 98.01885223388672
8.462091445922852 8.89604377746582 98.42180633544922
9.672856330871582 7.206700325012207 98.3834457397461
9.72233772277832 7.295922756195068 98.2249526977539
9.000732421875 8.954147338867188 99.06886291503906
9.036842346191406 8.937468528747559 99.15105438232422
9.220804214477539 8.424959182739258 100.82969665527344
9.977517127990723 6.631350994110107 100.36249542236328
9.505443572998047 6.739099502563477 99.76898193359375
9.178131103515625 8.375910758972168 100.89740753173828
9.236281394958496 8.369474411010742 100.99824523925781
9.314638137817383 8.370065689086914 101.09999084472656
10.084185600280762 8.410058975219727 100.9731674194336
9.793386459350586 6.47231388092041 100.77816009521484
10.196479797363281 8.27138900756836 101.50167846679688
8.990684509277344 6.959465026855469 102.0584487915039
9.029145240783691 6.814263343811035 101.96385955810547
9.045760154724121 6.80550479888916 102.08707427978516
9.191036224365234 6.725740432739258 102.99528503417969
9.655924797058105 6.011147975921631 103.53666687011719
9.37195873260498 6.759932041168213 103.96147155761719
11.029546737670898 7.4568047523498535 103.69194030761719
9.479873657226562 6.977958679199219 104.21723175048828
10.219684600830078 7.430124282836914 104.7992172241211
9.675390243530273 6.427121639251709 105.34748077392578
-0.20717358589172363 9.044954299926758 91.33123779296875
-0.20968183875083923 9.026427268981934 91.33489227294922
-0.2049480676651001 9.062337875366211 91.328125
-0.3249768018722534 8.573542594909668 91.55552673339844
-0.25010859966278076 8.810626029968262 91.40471649169922
-0.20723140239715576 9.044514656066895 91.3313217163086
-0.21207696199417114 9.009645462036133 91.3385009765625
-0.221019446849823 8.95316219329834 91.352783203125
-0.19612309336662292 9.143896102905273 91.31743621826172
-0.18513932824134827 9.364027976989746 91.31982421875
14.718949317932129 10.00356674194336 90.77136993408203
-0.18565458059310913 9.328638076782227 91.31639862060547
16.624683380126953 9.930075645446777 90.00529479980469
16.61187171936035 11.772388458251953 90.66311645507812
16.63970184326172 11.768085479736328 90.70206451416016
16.700927734375 11.750997543334961 90.78496551513672
14.548279762268066 11.217835426330566 92.23049926757812
17.321853637695312 10.690107345581055 91.29974365234375
14.942700386047363 11.24321174621582 92.16505432128906
13.461194038391113 9.058293342590332 92.3282241821289
17.27631950378418 10.939276695251465 91.32492065429688
15.259316444396973 11.258416175842285 92.07654571533203
15.444602966308594 9.757698059082031 92.36865997314453
12.184483528137207 9.075760841369629 92.71368408203125
17.331409454345703 10.52131175994873 91.2516860961914
-0.18878111243247986 9.520587921142578 91.34939575195312
12.88589859008789 8.812638282775879 93.06673431396484
17.226980209350586 11.099638938903809 91.31195068359375
12.571215629577637 10.697080612182617 93.66020965576172
-0.2031078040599823 9.67896842956543 91.40521240234375
16.38159942626953 11.221664428710938 91.69493103027344
13.463297843933105 9.066483497619629 93.47098541259766
-0.26316338777542114 8.759231567382812 91.42967987060547
-0.25372809171676636 8.79577922821045 91.41156005859375
11.133814811706543 8.894742965698242 93.36295318603516
11.525031089782715 8.449395179748535 94.26438903808594
4.000083923339844 9.364025115966797 93.09467315673828
-0.5496633052825928 8.367966651916504 92.7530288696289
-0.7847350835800171 8.376923561096191 92.64824676513672
2.30998158454895 8.106258392333984 93.49989318847656
10.93687915802002 8.415348052978516 95.177001953125
4.895664691925049 9.853083610534668 93.96244812011719
4.5471906661987305 9.891566276550293 93.8613510131836
4.745084285736084 9.926401138305664 94.06620788574219
-0.9191528558731079 9.547257423400879 93.13013458251953
11.430298805236816 9.647385597229004 95.28856658935547
-0.9187189936637878 9.549966812133789 93.12943267822266
-0.9026702642440796 9.638813018798828 93.10213470458984
-0.8956375122070312 9.672406196594238 93.08946990966797
-0.7416993379592896 9.675296783447266 93.14722442626953
-0.7611517906188965 9.725858688354492 93.11287689208984
10.732767105102539 9.905741691589355 95.4718246459961
-0.9263471364974976 9.499075889587402 93.14126586914062
4.707775592803955 9.948711395263672 94.64180755615234
4.836427211761475 9.884668350219727 94.87651062011719
5.116911888122559 9.923849105834961 94.82128143310547
2.351867437362671 8.804402351379395 94.47611236572266
5.2179646492004395 9.86421012878418 95.0326156616211
6.512412071228027 9.811119079589844 95.51932525634766
6.881595611572266 8.150278091430664 96.08032989501953
-0.9478343725204468 9.268905639648438 93.1631088256836
-0.9467281103134155 9.289849281311035 93.1631851196289
-0.9459511637687683 9.302947044372559 93.16302490234375
8.933225631713867 9.611538887023926 96.6665267944336
9.606767654418945 7.796285629272461 96.87992095947266
9.743322372436523 9.029449462890625 97.4709243774414
8.134264945983887 8.768497467041016 97.84053039550781
8.231977462768555 8.804791450500488 98.05718231201172
8.235322952270508 8.921992301940918 97.86624908447266
8.129839897155762 8.607483863830566 98.02532196044922
8.21304988861084 8.725845336914062 98.12718963623047
8.815547943115234 9.20540714263916 98.13724517822266
8.26309585571289 8.643824577331543 98.3878173828125
8.341005325317383 8.770679473876953 98.39239501953125
10.072513580322266 8.23985767364502 97.77810668945312
10.088144302368164 8.410173416137695 97.94904327392578
9.665128707885742 7.359691619873047 97.97640228271484
9.720227241516113 7.320030689239502 98.1619644165039
8.47482967376709 7.425758361816406 98.51983642578125
8.370219230651855 7.561276435852051 98.54020690917969
9.447617530822754 7.0404791831970215 98.66952514648438
8.321676254272461 7.864017009735107 99.09259796142578
9.090618133544922 8.867629051208496 99.41205596923828
9.166403770446777 8.938345909118652 99.23432159423828
8.393136024475098 7.797714710235596 99.43509674072266
9.508162498474121 8.761483192443848 99.93865966796875
9.657672882080078 8.763087272644043 99.85133361816406
9.95883846282959 8.646435737609863 99.8715591430664
10.029670715332031 8.580490112304688 100.0521240234375
10.125584602355957 8.532039642333984 99.87960815429688
8.739021301269531 8.191522598266602 100.38252258300781
9.21793270111084 8.499065399169922 100.62383270263672
9.604954719543457 6.748356342315674 99.74198913574219
9.285324096679688 8.355371475219727 101.10248565673828
9.308206558227539 8.255253791809082 101.39886474609375
9.76280403137207 8.337807655334473 101.53978729248047
11.020408630371094 7.093340873718262 102.13426208496094
9.587773323059082 8.140538215637207 102.06505584716797
9.73838996887207 8.176410675048828 102.08415222167969
9.000432968139648 6.9894232749938965 102.1636734008789
9.140067100524902 7.7112603187561035 102.21392059326172
10.28437614440918 5.894509792327881 102.96537017822266
9.922172546386719 8.046791076660156 102.61563873291016
9.964821815490723 7.945132255554199 102.98007202148438
10.166717529296875 5.731050491333008 103.66912078857422
9.499749183654785 6.188778400421143 103.73607635498047
9.45178508758545 7.335766792297363 103.64096069335938
10.466755867004395 5.604015827178955 104.05894470214844
10.588460922241211 5.6228413581848145 104.01775360107422
11.133103370666504 7.328843116760254 104.2078628540039
9.484004020690918 7.1215596199035645 104.05227661132812
9.524242401123047 7.219654560089111 104.01923370361328
11.198653221130371 7.2583208084106445 104.28791809082031
9.51662540435791 7.094546318054199 104.1847915649414
9.450791358947754 6.622483253479004 104.32720947265625
10.277255058288574 7.347813606262207 105.10057830810547
10.275196075439453 7.161895275115967 105.6255874633789
-0.2079121470451355 9.039389610290527 91.3322982788086
11.980245590209961 10.29134464263916 92.76166534423828
15.66499137878418 11.285581588745117 91.91786193847656
15.665864944458008 11.231605529785156 91.99018096923828
-0.2115800976753235 9.738042831420898 91.43363952636719
-0.20458364486694336 9.6902494430542 91.41029357910156
12.379841804504395 10.67306900024414 93.71246337890625
4.496005535125732 9.971220016479492 94.09455108642578
4.14624547958374 10.004838943481445 94.23914337158203
4.631089210510254 9.9808988571167 94.39432525634766
-0.8928155899047852 9.685181617736816 93.08428955078125
3.657308340072632 10.028826713562012 94.06812286376953
3.7868363857269287 9.97703742980957 94.34552001953125
4.25749397277832 9.916418075561523 94.63790893554688
3.5032389163970947 9.897497177124023 94.45318603515625
4.316431045532227 9.841455459594727 94.80816650390625
-0.8137929439544678 9.34504222869873 93.2138900756836
9.503838539123535 9.756612777709961 96.11204528808594
8.978029251098633 9.708518981933594 96.32593536376953
8.689875602722168 9.698853492736816 96.39802551269531
8.448492050170898 9.419886589050293 97.12751007080078
8.46814250946045 9.463244438171387 97.02930450439453
9.689388275146484 9.094278335571289 97.06736755371094
9.613973617553711 9.174978256225586 97.23072052001953
8.562650680541992 7.334414482116699 98.59150695800781
9.820830345153809 8.88180160522461 98.69577026367188
9.73132038116455 8.93166446685791 98.76459503173828
8.410625457763672 8.149328231811523 99.42758178710938
8.383455276489258 7.708461761474609 99.28579711914062
9.734771728515625 8.54365062713623 100.74925231933594
10.220000267028809 8.352935791015625 100.89845275878906
9.077354431152344 6.717897415161133 100.8310546875
8.754201889038086 7.664885520935059 101.05636596679688
8.987998008728027 7.572451591491699 101.96041870117188
9.090344429016113 6.722956657409668 102.16179656982422
9.035165786743164 6.869285583496094 102.19049835205078
9.276361465454102 6.449486255645752 102.40808868408203
9.885458946228027 8.065717697143555 102.53437805175781
9.095767974853516 7.125667572021484 102.68547821044922
9.7661714553833 8.01168155670166 102.62354278564453
9.862590789794922 7.968133926391602 102.83863067626953
9.32225227355957 7.071474075317383 103.59107208251953
9.369796752929688 7.119727611541748 103.7025146484375
9.313377380371094 7.160270690917969 103.47377014160156
9.338027000427246 6.777095794677734 103.80841064453125
-0.18886858224868774 9.243307113647461 91.31293487548828
-0.18961495161056519 9.230088233947754 91.31300354003906
-0.1894696056842804 9.23257064819336 91.31297302246094
-0.2936764657497406 8.65788745880127 91.49052429199219
-0.32695257663726807 8.568745613098145 91.55970001220703
-0.22682327032089233 8.92054557800293 91.36259460449219
13.999238967895508 10.115065574645996 91.17208099365234
16.525909423828125 11.771095275878906 90.53743743896484
16.520645141601562 11.770254135131836 90.52946472167969
-0.18544745445251465 9.339364051818848 91.31731414794922
14.255507469177246 9.550780296325684 91.33811950683594
14.375207901000977 9.41585636138916 91.46290588378906
14.891613960266113 9.403583526611328 91.38349914550781
13.117228507995605 9.252788543701172 92.1312026977539
17.212865829467773 10.008965492248535 90.89090728759766
15.053617477416992 11.283012390136719 92.06148529052734
13.214019775390625 9.083145141601562 92.3245620727539
13.678605079650879 9.073343276977539 92.28271484375
-0.20699816942214966 9.046290397644043 91.33098602294922
13.920891761779785 9.05760383605957 92.48575592041016
12.312820434570312 8.86172866821289 92.93354797363281
12.144739151000977 8.966462135314941 92.84452819824219
15.495558738708496 11.159700393676758 92.1424331665039
15.661598205566406 11.172395706176758 92.06173706054688
15.898062705993652 11.257949829101562 91.86986541748047
13.167354583740234 10.521037101745605 93.79862976074219
-0.2769845128059387 8.710504531860352 91.45687103271484
-0.24450546503067017 9.895638465881348 91.53459930419922
12.676997184753418 10.56635856628418 93.91817474365234
-0.2425069808959961 9.88801383972168 91.52873229980469
-0.2782004773616791 10.002496719360352 91.63072967529297
12.535881996154785 10.480767250061035 94.08877563476562
12.342493057250977 10.519563674926758 94.0854263305664
-0.33117789030075073 10.182613372802734 91.9209213256836
-0.40128299593925476 10.251145362854004 92.18701934814453
-0.8910138607025146 8.62810230255127 92.94007873535156
3.2567598819732666 9.892175674438477 93.19822692871094
-0.8038482069969177 9.969250679016113 92.90538024902344
4.7818732261657715 9.701870918273926 93.68031311035156
4.719987392425537 9.785459518432617 93.75772094726562
2.894704818725586 8.242326736450195 93.07839965820312
9.92851734161377 8.167819023132324 94.75340270996094
2.2432444095611572 10.103742599487305 93.23736572265625
-0.9125645160675049 9.586433410644531 93.1192855834961
4.899357318878174 8.011981964111328 94.176025390625
5.133937835693359 9.907262802124023 94.23268127441406
5.070741653442383 7.956175804138184 94.6343765258789
1.7459511756896973 9.799825668334961 93.98458099365234
0.828400731086731 9.81028938293457 93.64403533935547
2.131192445755005 9.788533210754395 94.13336944580078
0.06585770845413208 9.798175811767578 93.37476348876953
7.178859233856201 9.825579643249512 95.19825744628906
8.821218490600586 9.821022033691406 95.60480499267578
4.528077602386475 9.819262504577637 94.91307067871094
5.031644344329834 9.788619041442871 95.12535858154297
-0.5504661798477173 9.371146202087402 93.31731414794922
7.36163330078125 9.832680702209473 95.50990295410156
10.102679252624512 9.929632186889648 95.66603088378906
9.740497589111328 8.470638275146484 96.31013488769531
9.7698974609375 8.710928916931152 96.41226959228516
9.78619384765625 8.769429206848145 96.55203247070312
9.465930938720703 9.346945762634277 96.67833709716797
9.505853652954102 9.304276466369629 96.77068328857422
8.832776069641113 9.59284496307373 96.79352569580078
8.831289291381836 9.558283805847168 96.92859649658203
9.063093185424805 7.506380081176758 96.90727996826172
8.352289199829102 9.44558048248291 96.93128967285156
9.681479454040527 7.965356349945068 96.73817443847656
8.575096130371094 9.480713844299316 97.08447265625
9.712414741516113 7.918649196624756 96.89579772949219
9.651493072509766 7.888885498046875 96.80014038085938
9.730307579040527 7.879205703735352 97.00841522216797
8.650036811828613 9.375150680541992 97.47318267822266
8.697428703308105 9.323652267456055 97.67234802246094
8.759513854980469 9.369080543518066 97.5760498046875
9.818034172058105 8.924147605895996 97.3750991821289
8.637137413024902 7.38273286819458 97.73944091796875
9.849593162536621 7.829113960266113 97.39888000488281
9.85180377960205 7.635629653930664 97.73883819580078
9.934446334838867 7.722196102142334 97.79487609863281
10.005529403686523 7.922002792358398 97.72840118408203
9.197366714477539 7.185239791870117 98.08141326904297
9.149395942687988 7.144548416137695 98.2397689819336
10.0335054397583 7.876895427703857 97.86959075927734
8.52615737915039 8.80653190612793 98.7406997680664
10.029173851013184 7.639430999755859 98.17921447753906
9.953653335571289 7.610881328582764 98.0294189453125
10.171791076660156 8.02886962890625 98.2519302368164
10.116811752319336 7.816638469696045 98.2070083618164
8.4718017578125 7.42724609375 98.66764068603516
8.372390747070312 7.566080570220947 98.64192962646484
10.105432510375977 8.561351776123047 98.56566619873047
10.151737213134766 8.496329307556152 98.71503448486328
10.271797180175781 7.186769008636475 99.55701446533203
8.684814453125 8.297189712524414 100.06783294677734
10.354711532592773 7.0669355392456055 99.97215270996094
9.702361106872559 6.765361309051514 99.72529602050781
9.28390884399414 8.427289962768555 100.90362548828125
9.414302825927734 8.411873817443848 101.08936309814453
9.458428382873535 8.379842758178711 101.22708892822266
8.744284629821777 7.479827880859375 101.08036041259766
9.932002067565918 6.295363426208496 101.44640350341797
9.430628776550293 8.262760162353516 101.53929901123047
9.399370193481445 8.286243438720703 101.43623352050781
9.070815086364746 8.039724349975586 101.456298828125
11.06185245513916 6.846675395965576 102.39399719238281
9.389009475708008 6.312938690185547 102.81172943115234
9.34769058227539 6.4330363273620605 103.45289611816406
11.006429672241211 7.494431018829346 103.20333099365234
9.461368560791016 6.241925239562988 103.64002990722656
9.427692413330078 6.312729358673096 103.71095275878906
9.391558647155762 6.39009428024292 103.69441223144531
10.88351058959961 7.618747234344482 103.26529693603516
11.26294231414795 7.020238399505615 103.40385437011719
11.29604721069336 7.000622272491455 103.5947036743164
9.396438598632812 6.487628936767578 103.95660400390625
9.402914047241211 6.558281421661377 104.06771087646484
9.387279510498047 6.6722187995910645 104.03346252441406
10.158007621765137 7.698544979095459 103.90704345703125
9.404545783996582 6.722668647766113 104.11082458496094
11.39342975616455 6.987859725952148 104.42605590820312
11.330028533935547 7.09576940536499 104.46839141845703
9.783719062805176 6.637518882751465 105.58100891113281
-0.2948389947414398 8.654443740844727 91.4928970336914
16.963891983032227 11.559803009033203 91.09774780273438
-0.21593919396400452 8.984175682067871 91.34452819824219
-0.18536433577537537 9.423219680786133 91.32820129394531
0.1553066223859787 8.236593246459961 92.37348937988281
7.13783073425293 9.767314910888672 94.9659423828125
9.080307006835938 9.887323379516602 95.7364501953125
8.573382377624512 9.614404678344727 96.65808868408203
6.599231243133545 9.436074256896973 96.06504821777344
9.091248512268066 7.562764644622803 96.73917388916016
9.424952507019043 7.002861976623535 98.78866577148438
8.63814640045166 8.506662368774414 99.58120727539062
10.289877891540527 8.36536979675293 99.93861389160156
10.2352294921875 8.431257247924805 99.76197814941406
9.561372756958008 8.452744483947754 101.06816864013672
10.302498817443848 8.206840515136719 101.59845733642578
9.86349105834961 8.072275161743164 102.50109100341797
9.991061210632324 8.085395812988281 102.49713897705078
10.784732818603516 5.792463302612305 103.66442108154297
9.439467430114746 6.610203266143799 104.27349090576172
11.48098373413086 6.842674255371094 104.63288879394531
-0.1973327398300171 9.131113052368164 91.31868743896484
-0.20143228769302368 9.092005729675293 91.32349395751953
16.215723037719727 10.614762306213379 89.66108703613281
16.19978904724121 10.675765991210938 89.6602783203125
16.29336166381836 10.394575119018555 89.69331359863281
12.391533851623535 9.359222412109375 92.39999389648438
13.683419227600098 10.699540138244629 93.39054107666016
13.807232856750488 10.782373428344727 93.24139404296875
-0.20730838179588318 9.70987319946289 91.41951751708984
-0.203675776720047 9.683369636535645 91.40717315673828
-0.2219240963459015 9.796661376953125 91.46656036376953
9.480223655700684 9.27375316619873 94.28144073486328
-0.7214025855064392 10.122633934020996 92.72505950927734
11.560090065002441 10.180072784423828 94.82954406738281
3.399411201477051 9.981181144714355 93.45782470703125
11.396669387817383 10.117546081542969 94.9670181274414
3.9525392055511475 8.01630973815918 94.07701873779297
3.3192226886749268 8.050849914550781 93.81365203857422
5.667082786560059 7.947532653808594 94.58148956298828
-0.944954514503479 9.318336486816406 93.16263580322266
6.497552871704102 8.241311073303223 95.98969268798828
7.834630966186523 8.680009841918945 96.88294219970703
9.15503978729248 7.552918910980225 96.81932067871094
8.68464183807373 9.565086364746094 96.87956237792969
9.203885078430176 7.5404462814331055 96.90054321289062
8.419041633605957 7.56388521194458 97.341796875
9.959731101989746 8.718308448791504 97.76412963867188
9.668525695800781 7.397799491882324 97.88777160644531
9.771288871765137 8.973880767822266 98.1090316772461
8.287663459777832 7.711867809295654 98.54012298583984
9.787720680236816 7.346286296844482 98.213134765625
9.15678596496582 8.983393669128418 99.076416015625
9.938982009887695 8.725768089294434 99.35272979736328
8.35761833190918 7.820201873779297 99.25768280029297
9.788069725036621 8.744848251342773 99.75257110595703
9.880074501037598 8.696761131286621 99.80622100830078
10.361432075500488 8.275251388549805 100.0719985961914
10.103033065795898 6.952187538146973 99.6875228881836
10.412450790405273 7.032742500305176 100.17354583740234
10.405987739562988 7.089446544647217 100.05986785888672
9.022469520568848 7.39504337310791 102.24806213378906
9.079580307006836 7.503055095672607 102.33372497558594
9.122451782226562 7.6220245361328125 102.3042984008789
9.035526275634766 7.34764289855957 102.33214569091797
10.752596855163574 5.849240779876709 103.46792602539062
9.357131958007812 6.435186862945557 103.54779815673828
17.27709197998047 10.149611473083496 91.03609466552734
15.24343490600586 11.074657440185547 92.34027862548828
0.9606246948242188 9.727753639221191 91.94937133789062
2.426116704940796 9.653839111328125 92.55560302734375
8.440266609191895 9.576478958129883 96.6704330444336
10.080471992492676 8.526259422302246 98.13148498535156
9.261829376220703 8.88241195678711 99.46659088134766
9.243804931640625 8.805068969726562 99.720947265625
9.040079116821289 8.244094848632812 100.96984100341797
11.35120964050293 6.5558576583862305 103.68883514404297
16.738079071044922 11.735649108886719 90.83343505859375
-0.20165878534317017 9.09000015258789 91.32377624511719
12.990022659301758 9.107226371765137 92.35533905029297
0.6135357618331909 9.786528587341309 91.83551788330078
3.301173210144043 9.684488296508789 92.9756088256836
5.1849799156188965 7.960757732391357 94.45639038085938
4.390593528747559 7.99404239654541 94.22538757324219
4.443079471588135 9.96171760559082 94.53907012939453
8.538670539855957 7.593184947967529 96.76316833496094
8.457919120788574 7.617562770843506 96.81046295166016
9.183857917785645 7.515185832977295 96.96012878417969
8.028604507446289 8.057668685913086 97.46855926513672
7.975963115692139 8.41258716583252 97.54942321777344
9.60428524017334 9.17418384552002 97.37786102294922
9.350341796875 7.152185440063477 98.24446105957031
10.128718376159668 7.655206680297852 98.43892669677734
10.030349731445312 7.543344020843506 98.33805084228516
8.413591384887695 8.237875938415527 99.35541534423828
8.361857414245605 8.025315284729004 99.31045532226562
8.371861457824707 7.934685707092285 99.36885833740234
8.40854263305664 8.021431922912598 99.5041732788086
8.561671257019043 8.38302993774414 99.60601806640625
10.105216026306152 8.407143592834473 100.9377670288086
9.54138469696045 6.350336074829102 101.5022964477539
9.461467742919922 6.322734832763672 101.92634582519531
8.955638885498047 6.976319789886475 101.84814453125
9.155728340148926 6.849756240844727 102.9251708984375
9.368882179260254 7.043789863586426 103.77843475341797
9.326626777648926 6.978968143463135 103.680419921875
9.362762451171875 6.850895404815674 103.8943862915039
10.238286972045898 8.232560157775879 101.62492370605469
2.231175184249878 9.745351791381836 92.53819274902344
4.304499626159668 9.835354804992676 93.62903594970703
3.8207993507385254 9.969085693359375 93.66239929199219
3.6562654972076416 10.023832321166992 93.79364013671875
2.1839711666107178 8.134173393249512 93.61842346191406
-0.9073664546012878 9.614789009094238 93.11038970947266
8.10875415802002 7.902433395385742 97.56632232666016
8.63502025604248 8.442206382751465 99.6923599243164
8.631963729858398 8.405794143676758 99.74917602539062
9.394420623779297 6.776986598968506 104.05362701416016
11.606017112731934 6.652652263641357 105.08609008789062
11.642531394958496 6.4428558349609375 105.02265930175781
-0.5349715948104858 9.950539588928223 93.02019500732422
-0.8413255214691162 9.870718955993652 92.9835433959961
-0.4527823030948639 9.849933624267578 93.14295196533203
8.30273723602295 9.00619125366211 97.86121368408203
16.637964248657227 11.768418312072754 90.69965362548828
12.281578063964844 9.291431427001953 92.4993896484375
-0.2154954969882965 8.987010955810547 91.34381866455078
13.2551851272583 10.659843444824219 93.5980224609375
-0.3428838849067688 10.135982513427734 91.80577850341797
3.4515628814697266 9.593110084533691 92.97358703613281
3.243800401687622 9.784025192260742 93.04657745361328
2.800065040588379 9.875434875488281 92.94818115234375
-0.8775289058685303 9.748623847961426 93.05548858642578
3.898671865463257 10.01064682006836 93.8932113647461
-0.9331213235855103 9.446294784545898 93.15076446533203
-0.47988754510879517 9.761818885803223 93.19725036621094
-0.4663854241371155 9.807856559753418 93.17048645019531
4.4893059730529785 9.905366897583008 94.72933197021484
8.968098640441895 9.59294319152832 96.71998596191406
9.61215877532959 9.18803596496582 96.93162536621094
9.588932991027832 9.216888427734375 96.78236389160156
9.495255470275879 9.30799674987793 96.85942077636719
8.595115661621094 7.383290767669678 97.8885726928711
9.741804122924805 9.008255004882812 97.99359130859375
9.887323379516602 8.854127883911133 98.16136169433594
9.875755310058594 8.86867618560791 98.01042938232422
10.20626449584961 8.307348251342773 98.55264282226562
10.1792631149292 8.279450416564941 98.3448715209961
10.329727172851562 6.966304302215576 100.1047134399414
9.999545097351074 8.467963218688965 100.83133697509766
9.863592147827148 8.514485359191895 100.78998565673828
10.905832290649414 6.84701681137085 101.84452819824219
8.976638793945312 7.103630542755127 102.1251220703125
9.441899299621582 6.510495662689209 104.24658966064453
11.382989883422852 7.017684459686279 104.51848602294922
17.15425682067871 9.930367469787598 90.77668762207031
17.253990173339844 10.089091300964355 90.980224609375
16.0471134185791 11.031723976135254 92.00387573242188
-0.7555679678916931 8.339156150817871 92.57228088378906
-0.7253301739692688 8.30919361114502 92.49474334716797
7.8959431648254395 8.138278007507324 96.36865234375
8.292205810546875 8.869850158691406 98.09712982177734
9.068285942077637 8.809283256530762 99.568115234375
9.090714454650879 8.757807731628418 99.74244689941406
10.46778392791748 7.2696404457092285 99.96229553222656
8.544102668762207 7.886349678039551 100.11163330078125
10.23912239074707 6.911299705505371 100.03153991699219
9.495266914367676 8.340856552124023 101.37882995605469
9.454885482788086 7.891356468200684 102.53295135498047
11.482076644897461 6.8770976066589355 104.81369018554688
-0.2640494704246521 8.755945205688477 91.43140411376953
12.149345397949219 9.940468788146973 92.44754791259766
12.295031547546387 9.961798667907715 92.34467315673828
15.326244354248047 9.967589378356934 92.60928344726562
17.322660446166992 10.360400199890137 91.17985534667969
17.32607078552246 10.393843650817871 91.19710540771484
17.3153076171875 10.307145118713379 91.14959716796875
-0.8648017048835754 9.79538345336914 93.03070068359375
8.868853569030762 9.759173393249512 96.21543884277344
10.130653381347656 8.418172836303711 98.24127960205078
9.587713241577148 6.807419776916504 99.52835083007812
9.561200141906738 6.131317138671875 103.03580474853516
9.535300254821777 6.163805961608887 102.90426635742188
-0.21235880255699158 9.007722854614258 91.33892822265625
12.909704208374023 8.998376846313477 92.54740905761719
4.129852294921875 9.938465118408203 93.74978637695312
5.893497943878174 9.804656982421875 95.3626937866211
5.869959831237793 9.71381664276123 95.51484680175781
7.3741455078125 8.061765670776367 96.21122741699219
9.145025253295898 9.181447982788086 98.35311126708984
-0.308211088180542 8.616650581359863 91.52043914794922
-0.30127111077308655 8.635856628417969 91.50608825683594
-0.187822163105011 9.264259338378906 91.31315612792969
-0.1876087784767151 9.268998146057129 91.31326293945312
13.69790267944336 10.922619819641113 93.0347671508789
-0.19941335916519165 9.648253440856934 91.39215850830078
11.851859092712402 8.894640922546387 93.04328918457031
-0.9261349439620972 8.798433303833008 93.0480728149414
-0.9211918115615845 8.767904281616211 93.0320053100586
-0.8809969425201416 9.73499870300293 93.06212615966797
6.992936611175537 9.83359146118164 95.53665161132812
5.871128559112549 9.715839385986328 95.51226806640625
6.169513702392578 9.682906150817871 95.65879821777344
8.577055931091309 9.517361640930176 96.9723892211914
8.011149406433105 8.201704978942871 97.62871551513672
9.952800750732422 7.687167644500732 97.89969635009766
9.55683422088623 6.743537425994873 99.75119018554688
9.41574764251709 7.232820510864258 103.69926452636719
9.388311386108398 6.963504791259766 103.91860961914062
9.425095558166504 6.34465217590332 103.83111572265625
8.861346244812012 9.664658546447754 96.48583984375
13.125174522399902 8.879364013671875 92.86702728271484
0.9171611070632935 9.814459800720215 91.99618530273438
10.000162124633789 9.871356010437012 95.78695678710938
8.43558120727539 9.741742134094238 96.1922378540039
8.075560569763184 9.793868064880371 95.80342102050781
6.874155521392822 9.671647071838379 95.90900421142578
8.066964149475098 8.611272811889648 97.80936431884766
9.855049133300781 7.592844009399414 97.82693481445312
9.990259170532227 8.717506408691406 98.20069122314453
9.241534233093262 7.100330829620361 98.4011459350586
9.23383617401123 7.240479946136475 103.12544250488281
8.991735458374023 9.328946113586426 97.7966537475586
-0.20818877220153809 10.17725658416748 92.7551498413086
9.688791275024414 9.083261489868164 96.80657958984375
-0.2708646357059479 9.982155799865723 91.61018371582031
-0.3248934745788574 10.105667114257812 91.75798797607422
8.352773666381836 9.05530834197998 97.86331939697266
14.6257963180542 9.365711212158203 91.49711608886719
-0.22084906697273254 8.95416259765625 91.35250091552734
12.841776847839355 10.84363079071045 93.02159118652344
12.873018264770508 10.812186241149902 93.31610870361328
13.12156867980957 10.862045288085938 93.19598388671875
12.995079040527344 10.645628929138184 93.70122528076172
12.77540111541748 10.638587951660156 93.7705307006836
2.847560405731201 9.759346008300781 92.8352279663086
2.1526808738708496 10.013132095336914 93.8141860961914
1.57741379737854 10.01728630065918 93.6336441040039
1.919236183166504 9.904082298278809 93.92559051513672
0.10958418250083923 9.912031173706055 93.28870391845703
9.032516479492188 9.618047714233398 96.51873779296875
9.699909210205078 9.050596237182617 96.67424774169922
8.597339630126953 9.318187713623047 97.58882141113281
9.962459564208984 7.648550987243652 97.98809814453125
9.872544288635254 7.418893337249756 98.21388244628906
9.970398902893066 7.52580451965332 98.22086334228516
9.506641387939453 8.308176040649414 101.48810577392578
9.17509651184082 6.867016792297363 103.0394515991211
9.262848854064941 6.948360443115234 103.44497680664062
9.179411888122559 7.003988742828369 103.07473754882812
17.24087142944336 11.0595703125 91.31746673583984
2.627634048461914 9.993265151977539 93.99597930908203
3.422102212905884 9.981060028076172 94.24383544921875
8.313699722290039 9.102641105651855 97.68408966064453
8.525662422180176 9.184215545654297 97.85978698730469
10.24443531036377 8.392046928405762 100.37216186523438
9.065154075622559 7.706904888153076 102.01847839355469
10.867976188659668 5.861461639404297 103.59557342529297
11.55090045928955 6.396748065948486 104.57735443115234
14.68410873413086 11.149520874023438 92.40324401855469
10.285528182983398 9.857016563415527 95.70675659179688
8.464351654052734 9.502636909484863 96.91185760498047
11.579790115356445 6.278232574462891 104.73921203613281
15.566594123840332 9.58322525024414 90.89662170410156
17.00092887878418 9.83020305633545 90.5166015625
6.16842794418335 9.762872695922852 95.52960968017578
10.35964298248291 8.268521308898926 99.89781951904297
9.239314079284668 6.800948619842529 103.33989715576172
14.959280014038086 9.585517883300781 91.02874755859375
13.493241310119629 10.692070960998535 93.47148132324219
2.770010232925415 9.998671531677246 93.1557388305664
10.074687004089355 7.684601306915283 98.24016571044922
9.997505187988281 8.690042495727539 98.05044555664062
9.015442848205566 9.832756042480469 95.9927978515625
9.558364868164062 6.107113838195801 103.58904266357422
9.460688591003418 6.995789527893066 104.13507843017578
10.012743949890137 8.624255180358887 97.87425231933594
9.447239875793457 6.386839866638184 101.53466796875
-0.9235891103744507 8.782304763793945 93.03974151611328
9.035922050476074 8.038851737976074 101.37959289550781
9.139923095703125 7.130829334259033 98.29711151123047
9.24301815032959 7.148271560668945 98.22309112548828
12.477917671203613 10.601004600524902 93.9023208618164
9.355351448059082 7.166011810302734 98.20063018798828
1.8365895748138428 10.11447811126709 93.4144058227539
-0.4321851432323456 9.906862258911133 93.1003646850586
9.624747276306152 8.358739852905273 101.41629028320312
17.330585479736328 10.567484855651855 91.26744079589844
9.169286727905273 7.368485927581787 97.42508697509766
10.95616626739502 7.548026084899902 103.31195068359375
7.964737892150879 8.548995018005371 97.47005462646484
9.201912879943848 7.285542964935303 102.97225189208984
-0.79278564453125 9.790367126464844 93.06103515625
9.315959930419922 6.839472770690918 103.70195770263672
9.3601713180542 6.925752639770508 103.84290313720703
2.707481861114502 8.083468437194824 93.58482360839844
1.8571960926055908 9.791069030761719 92.40715026855469
8.513426780700684 7.510653972625732 97.31678009033203
9.42658805847168 6.293402671813965 103.56683349609375
9.152568817138672 7.0015482902526855 102.95618438720703
9.202964782714844 7.165968418121338 103.08521270751953
8.572815895080566 8.336833953857422 99.70818328857422
16.7711124420166 11.718875885009766 90.8753890991211
2.206503391265869 9.976072311401367 92.81263732910156
2.021462917327881 10.062222480773926 92.90897369384766
1.702247977256775 10.133078575134277 93.014404296875
1.1518042087554932 9.912313461303711 93.65306854248047
8.0858154296875 9.315025329589844 96.77252197265625
9.694695472717285 5.969148635864258 103.64826965332031
-0.18510812520980835 9.368595123291016 91.32035827636719
9.105307579040527 7.358293056488037 97.43631744384766
9.96555233001709 5.952772617340088 102.8509750366211
-0.5508448481559753 9.367180824279785 93.31771087646484
9.542253494262695 9.273760795593262 96.55475616455078
8.019083023071289 8.515498161315918 97.70380401611328
13.047101974487305 10.758455276489258 93.4818115234375
13.572408676147461 10.807441711425781 93.27869415283203
13.917499542236328 10.87144660949707 93.07836151123047
10.7727689743042 7.386205673217773 105.07369232177734
-0.23933017253875732 9.875510215759277 91.51934814453125
13.33102035522461 10.800817489624023 93.3473129272461
12.756049156188965 10.762458801269531 93.47338104248047
2.084343433380127 9.871055603027344 92.59800720214844
1.3577395677566528 10.156747817993164 93.08867645263672
0.59147709608078 9.928783416748047 93.43946838378906
11.178669929504395 8.930713653564453 93.31324768066406
11.273431777954102 8.990560531616211 93.22232055664062
13.472782135009766 10.22409725189209 91.53070831298828
1.6401913166046143 9.739263534545898 92.2640151977539
0.5211560726165771 9.890450477600098 91.88374328613281
0.599287748336792 10.125815391540527 92.28671264648438
0.4214388132095337 10.024256706237793 91.99872589111328
0.23283113539218903 10.202858924865723 92.34190368652344
10.075762748718262 7.360029220581055 104.82749938964844
0.9348275661468506 10.015461921691895 92.2392578125
12.827676773071289 10.34566879272461 92.06634521484375
2.9657301902770996 9.671479225158691 92.81210327148438
-0.2253558337688446 8.928542137145996 91.3600845336914
-0.9429509043693542 8.942594528198242 93.1080551147461
-0.9429199695587158 8.942218780517578 93.1079330444336
-0.9291782379150391 8.819025993347168 93.05819702148438
9.796234130859375 7.261660575866699 98.42832946777344
8.570271492004395 9.437373161315918 97.21154022216797
-0.3810502886772156 10.021021842956543 92.99103546142578
0.2323123663663864 10.215194702148438 92.65870666503906
10.023552894592285 7.274627208709717 104.96713256835938
-0.8919578194618225 9.688992500305176 93.08271026611328
1.7769944667816162 9.995682716369629 92.6293716430664
10.263192176818848 5.872303485870361 103.04476165771484
1.5482516288757324 9.823619842529297 92.2950668334961
1.2352054119110107 9.822614669799805 92.14945983886719
1.2075026035308838 9.911102294921875 92.22856903076172
16.765581130981445 11.72188949584961 90.86843872070312
-0.328372061252594 10.108085632324219 92.87437438964844
0.1628100872039795 10.05024528503418 93.12934875488281
-0.2096150815486908 9.026906967163086 91.33479309082031
-0.20905205607414246 9.03098201751709 91.3339614868164
-0.21444696187973022 8.99380111694336 91.34217071533203
-0.20387163758277893 9.071110725402832 91.32666015625
-0.19841697812080383 9.12019157409668 91.31988525390625
-0.20213133096694946 9.085862159729004 91.32437896728516
-0.3108501136302948 8.609565734863281 91.52592468261719
-0.3017379939556122 8.634537696838379 91.50704956054688
-0.22156107425689697 8.95000171661377 91.35368347167969
-0.22078973054885864 8.954511642456055 91.35240936279297
-0.2170925736427307 8.97690486907959 91.34637451171875
-0.2163582146167755 8.981517791748047 91.3451919555664
-0.20767387747764587 9.041173934936523 91.33195495605469
-0.22314992547035217 8.940873146057129 91.3563461303711
-0.3925219178199768 8.437167167663574 91.70185089111328
-0.40030133724212646 8.42461109161377 91.7191162109375
-0.40211814641952515 8.421760559082031 91.72315979003906
-0.3932377099990845 8.43598747253418 91.70343017578125
-0.39172986149787903 8.438477516174316 91.7000961303711
-0.3983408212661743 8.42772102355957 91.71475982666016
-0.3740081191062927 8.469432830810547 91.66106414794922
-0.3854776620864868 8.4490385055542 91.686279296875
-0.37873873114585876 8.460858345031738 91.67144012451172
-0.19927871227264404 9.11182975769043 91.32086944580078
-0.19838932156562805 9.120464324951172 91.3198471069336
-0.20183098316192627 9.088484764099121 91.3239974975586
17.120136260986328 9.897278785705566 90.71484375
17.112150192260742 9.890592575073242 90.70075988769531
17.13094711303711 9.906938552856445 90.73413848876953
16.80271339416504 11.700067520141602 90.91450500488281
16.806730270385742 11.697481155395508 90.91940307617188
16.785446166992188 11.71068000793457 90.89324951171875
16.8140811920166 11.692633628845215 90.92832946777344
16.77170181274414 11.718549728393555 90.8761215209961
16.805328369140625 11.69838809967041 90.91769409179688
17.256601333618164 10.09522533416748 90.98628234863281
17.27349281311035 10.13913631439209 91.02700805664062
17.289445877075195 10.189506530761719 91.06873321533203
17.301475524902344 10.23630428314209 91.10343933105469
16.930408477783203 11.595428466796875 91.06205749511719
16.934368133544922 11.59140396118164 91.06635284423828
16.919448852539062 11.606304168701172 91.05009460449219
17.293392181396484 10.203814506530762 91.0797348022461
17.30417251586914 10.248310089111328 91.11177062988281
17.295761108398438 10.212857246398926 91.08650207519531
17.31702995300293 10.31816291809082 91.1561508178711
17.317214965820312 10.319378852844238 91.1568603515625
17.30702018737793 10.2617769241333 91.12086486816406
-0.9025607705116272 8.674588203430176 92.97432708740234
-0.9070155620574951 8.694493293762207 92.98780059814453
-0.89625084400177 8.648357391357422 92.95550537109375
-0.9280788898468018 8.811407089233398 93.05451965332031
-0.9320080280303955 8.839704513549805 93.06782531738281
-0.9356669187545776 8.869202613830566 93.08062744140625
-0.9509079456329346 9.126547813415527 93.1517562866211
-0.9509519338607788 9.143492698669434 93.15409851074219
-0.950670063495636 9.103678703308105 93.14814758300781
-0.9378246068954468 9.403167724609375 93.15650939941406
-0.9414012432098389 9.36471939086914 93.16012573242188
-0.936490535736084 9.41611099243164 93.15497589111328
-0.9476798176765442 9.272031784057617 93.16313934326172
-0.9486093521118164 9.251909255981445 93.1627426147461
-0.9498233199119568 9.218098640441895 93.16122436523438
-0.9430165886878967 8.943394660949707 93.10832214355469
-0.9429140686988831 8.942148208618164 93.10791015625
-0.941076397895813 8.921092987060547 93.10065460205078
-0.8924216628074646 9.078418731689453 93.16795349121094
-0.9505389928817749 9.095730781555176 93.14678192138672
-0.7063415050506592 9.081276893615723 93.24691772460938
-0.950934648513794 9.132052421569824 93.15254974365234
-0.9507773518562317 9.111723899841309 93.14947509765625
-0.20077818632125854 9.097875595092773 91.32267761230469
-0.20105236768722534 9.095399856567383 91.32301330566406
-0.1977400779724121 9.126955032348633 91.31912994384766
-0.33431917428970337 8.551348686218262 91.57532501220703
-0.33741188049316406 8.544267654418945 91.58191680908203
-0.34704917669296265 8.523004531860352 91.60255432128906
-0.18896710872650146 9.241493225097656 91.31293487548828
-0.18932440876960754 9.23509407043457 91.31295776367188
-0.18898040056228638 9.241249084472656 91.31293487548828
-0.22346657514572144 8.939080238342285 91.35688018798828
-0.22188034653663635 8.948149681091309 91.35421752929688
-0.2239493727684021 8.936359405517578 91.35769653320312
-0.19397684931755066 9.168458938598633 91.31546020507812
-0.190477192401886 9.216102600097656 91.31324768066406
-0.19120800495147705 9.205101013183594 91.31356811523438
-0.19123071432113647 9.204769134521484 91.31358337402344
-0.3479042649269104 8.521175384521484 91.6043930053711
-0.31843388080596924 8.58984088897705 91.54176330566406
-0.3322378396987915 8.556187629699707 91.5708999633789
-0.32397571206092834 8.575994491577148 91.55342102050781
-0.3177585005760193 8.591560363769531 91.54035186767578
-0.21031349897384644 9.021921157836914 91.33583068847656
-0.20384007692337036 9.071371078491211 91.32662200927734
-0.19910591840744019 9.113486289978027 91.32067108154297
-0.1978968381881714 9.125372886657715 91.31929779052734
-0.35721588134765625 8.501822471618652 91.6244888305664
-0.35742413997650146 8.501401901245117 91.62493896484375
-0.3362821936607361 8.546839714050293 91.57950592041016
-0.19298848509788513 9.180776596069336 91.31468963623047
-0.34386178851127625 8.529906272888184 91.59571075439453
-0.34302860498428345 8.531730651855469 91.59392547607422
-0.35036325454711914 8.515962600708008 91.60968780517578
-0.33632051944732666 8.546751976013184 91.57958984375
-0.3364065885543823 8.546555519104004 91.57977294921875
-0.34575343132019043 8.525794982910156 91.59976959228516
-0.31796732544898987 8.591028213500977 91.54078674316406
-0.20289653539657593 9.07928466796875 91.32537078857422
-0.3518204092979431 8.512909889221191 91.61283111572266
-0.3411303758621216 8.535922050476074 91.58985900878906
-0.31895720958709717 8.588513374328613 91.54286193847656
-0.19567078351974487 9.148856163024902 91.3169937133789
-0.19734302163124084 9.13100814819336 91.3187026977539
-0.34149450063705444 8.535114288330078 91.59063720703125
-0.3264484703540802 8.569964408874512 91.55863952636719
-0.32860344648361206 8.564780235290527 91.56319427490234
-0.2217485010623932 8.948912620544434 91.35399627685547
-0.21305891871452332 9.002994537353516 91.34000396728516
-0.212693989276886 9.005452156066895 91.33944702148438
-0.21846747398376465 8.96842098236084 91.34859466552734
-0.19945666193962097 9.110136032104492 91.32108306884766
-0.1975802481174469 9.12857723236084 91.31895446777344
-0.1945880651473999 9.161184310913086 91.31598663330078
-0.20215830206871033 9.085626602172852 91.32441711425781
-0.3720022737979889 8.473139762878418 91.65667724609375
-0.38198596239089966 8.45510482788086 91.67858123779297
-0.3803437352180481 8.458001136779785 91.67497253417969
-0.39082634449005127 8.439980506896973 91.6980972290039
-0.3605325222015381 8.4951753616333 91.63168334960938
-0.3645389676094055 8.487313270568848 91.64038848876953
-0.35384124517440796 8.508716583251953 91.6171875
-0.35972535610198975 8.496781349182129 91.62992858886719
-0.3592603802680969 8.497710227966309 91.62892150878906
-0.3589426279067993 8.498346328735352 91.62823486328125
-0.3391754627227783 8.540287017822266 91.58567810058594
-0.18666258454322815 9.29289722442627 91.31412506103516
-0.18793773651123047 9.261770248413086 91.3131103515625
-0.18867328763008118 9.246975898742676 91.31294250488281
-0.21926993131637573 8.963556289672852 91.34990692138672
-0.18678104877471924 9.289573669433594 91.31397247314453
-0.18844178318977356 9.251452445983887 91.31297302246094
-0.1889767348766327 9.241314888000488 91.31293487548828
-0.3431131839752197 8.531545639038086 91.59410858154297
-0.20120933651924133 9.093993186950684 91.32321166992188
-0.19066250324249268 9.213245391845703 91.31332397460938
-0.18868276476860046 9.246796607971191 91.31294250488281
-0.190897136926651 9.209694862365723 91.31342315673828
-0.3860323131084442 8.44808578491211 91.6875
-0.3755429983139038 8.466625213623047 91.6644287109375
-0.3711094558238983 8.474803924560547 91.65472412109375
-0.23655474185943604 8.871129035949707 91.3797378540039
-0.2403082549571991 8.853515625 91.38654327392578
-0.2333759367465973 8.886635780334473 91.37405395507812
-0.20243868231773376 9.083202362060547 91.32477569580078
-0.19742658734321594 9.130148887634277 91.31878662109375
-0.19968488812446594 9.107978820800781 91.32135009765625
-0.18689435720443726 9.28650188446045 91.3138427734375
-0.3972470462322235 8.429471969604492 91.71232604980469
-0.3840036988258362 8.451584815979004 91.68302917480469
-0.37718501687049866 8.463648796081543 91.66802978515625
-0.36834603548049927 8.480008125305176 91.64868927001953
-0.3585015833377838 8.49923038482666 91.62727355957031
-0.362244576215744 8.491793632507324 91.6353988647461
-0.36055704951286316 8.495126724243164 91.6317367553711
-0.33628371357917786 8.546836853027344 91.57951354980469
-0.2021912932395935 9.085341453552246 91.32445526123047
-0.19812238216400146 9.123113632202148 91.31954956054688
-0.1965220868587494 9.139604568481445 91.31784057617188
-0.18909674882888794 9.239139556884766 91.31293487548828
-0.19182318449020386 9.196337699890137 91.31391143798828
-0.18824943900108337 9.255293846130371 91.3130111694336
-0.37160465121269226 8.47387981414795 91.65580749511719
-0.2015886902809143 9.090620040893555 91.32368469238281
-0.19948679208755493 9.10984992980957 91.32111358642578
-0.19928067922592163 9.111810684204102 91.32087707519531
-0.1930469572544098 9.180025100708008 91.31472778320312
-0.18557333946228027 9.3325777053833 91.31672668457031
-0.18507540225982666 9.37575626373291 91.32122039794922
-0.1851654052734375 9.360889434814453 91.31947326660156
-0.36082589626312256 8.494593620300293 91.63231658935547
-0.3653939366340637 8.485658645629883 91.64225006103516
-0.3628179430961609 8.490668296813965 91.63665008544922
-0.35615217685699463 8.50398063659668 91.62218475341797
-0.19674769043922424 9.137211799621582 91.31806945800781
-0.2000948190689087 9.104146957397461 91.32184600830078
-0.20588284730911255 9.054919242858887 91.32941436767578
-0.20392194390296936 9.070693969726562 91.32672882080078
16.231447219848633 11.509629249572754 90.0125732421875
16.264787673950195 11.574703216552734 90.08502197265625
16.24102783203125 11.53024673461914 90.03409576416016
16.151567459106445 11.02187442779541 89.71713256835938
16.153949737548828 10.97353458404541 89.7028579711914
16.150699615478516 11.081624031066895 89.73780822753906
16.2478084564209 11.543828010559082 90.04895782470703
16.202821731567383 11.43490219116211 89.94344329833984
16.211763381958008 11.460801124572754 89.96597290039062
16.232288360595703 11.511510848999023 90.01448822021484
16.185218811035156 11.373847007751465 89.8953857421875
16.19256019592285 11.401278495788574 89.91615295410156
16.295345306396484 11.621167182922363 90.14659118652344
16.28919219970703 11.612618446350098 90.13449096679688
16.312747955322266 11.64344596862793 90.18011474609375
16.33561897277832 11.668959617614746 90.22279357910156
16.298030853271484 11.624784469604492 90.1518325805664
16.201982498168945 11.43232536315918 89.94127655029297
16.168922424316406 11.296708106994629 89.84332275390625
16.167865753173828 11.290512084960938 89.83951568603516
16.156099319458008 11.198101997375488 89.78844451904297
16.24412727355957 11.536555290222168 90.04092407226562
16.17768669128418 11.341704368591309 89.87261199951172
16.38336181640625 11.710912704467773 90.30773162841797
16.36119270324707 11.693148612976074 90.2689208984375
16.335918426513672 11.669267654418945 90.22334289550781
16.15920066833496 11.228660583496094 89.80418395996094
16.15848159790039 11.222186088562012 89.8007583618164
16.162609100341797 11.255890846252441 89.81914520263672
16.500667572021484 11.766201972961426 90.4988784790039
16.150686264038086 11.0783052444458 89.736572265625
16.164791107177734 11.271125793457031 89.82791900634766
16.15203285217285 11.136631965637207 89.75994873046875
16.1517391204834 11.129485130310059 89.75689697265625
16.15085792541504 11.096821784973145 89.74362182617188
16.241634368896484 11.531496047973633 90.03543853759766
16.259180068969727 11.564964294433594 90.07328033447266
16.332860946655273 11.666088104248047 90.21772003173828
16.534149169921875 11.77222728729248 90.54985809326172
16.6287784576416 11.770037651062012 90.68687438964844
16.465686798095703 11.755661010742188 90.44406127929688
17.084232330322266 9.869998931884766 90.65253448486328
17.093416213989258 9.87631893157959 90.6682357788086
17.07139778137207 9.861872673034668 90.630859375
17.090919494628906 9.874557495117188 90.66394805908203
17.119529724121094 9.896757125854492 90.7137680053711
17.112407684326172 9.890801429748535 90.70121002197266
17.143678665161133 9.919273376464844 90.75720977783203
17.148752212524414 9.924495697021484 90.76651763916016
17.174413681030273 9.953855514526367 90.8146743774414
17.135692596435547 9.91141128540039 90.74269104003906
17.169601440429688 9.94795036315918 90.80549621582031
17.095129013061523 9.877545356750488 90.67118072509766
17.08648681640625 9.871511459350586 90.6563720703125
17.085357666015625 9.870750427246094 90.65444946289062
17.143115997314453 9.918704986572266 90.75617980957031
17.167139053344727 9.9450044631958 90.80082702636719
17.09408187866211 9.87679386138916 90.66938018798828
17.115278244018555 9.893166542053223 90.70626068115234
17.10865020751953 9.887779235839844 90.69462585449219
17.19573974609375 9.982540130615234 90.85626220703125
17.188453674316406 9.97225284576416 90.84187316894531
17.161914825439453 9.938913345336914 90.79097747802734
17.1466064453125 9.922264099121094 90.7625732421875
17.133052825927734 9.908905029296875 90.73792266845703
17.175296783447266 9.954960823059082 90.81636047363281
17.1578311920166 9.934300422668457 90.78334045410156
17.15800666809082 9.93449592590332 90.7836685180664
17.207094192504883 9.999683380126953 90.87908935546875
17.20443344116211 9.995536804199219 90.87369537353516
17.174793243408203 9.954329490661621 90.81539916992188
17.159639358520508 9.93632698059082 90.78671264648438
16.697153091430664 11.752347946166992 90.77996063232422
16.724830627441406 11.741549491882324 90.8163070678711
17.147268295288086 9.92294979095459 90.76378631591797
17.17173957824707 9.950549125671387 90.80956268310547
17.132966995239258 9.90882396697998 90.7377700805664
17.108327865600586 9.887523651123047 90.69406127929688
17.109439849853516 9.888408660888672 90.69600677490234
17.13815689086914 9.91379165649414 90.74715423583984
17.197059631347656 9.98445987701416 90.85888671875
17.200075149536133 9.988919258117676 90.86492156982422
17.190013885498047 9.974411964416504 90.84494018554688
17.14073944091797 9.916329383850098 90.75184631347656
17.16103744506836 9.937911987304688 90.78933715820312
17.132122039794922 9.90803337097168 90.73625183105469
16.757335662841797 11.726227760314941 90.85802459716797
16.693517684936523 11.753612518310547 90.77513122558594
16.76027488708496 11.724702835083008 90.86174011230469
17.149045944213867 9.924803733825684 90.76705932617188
17.133872985839844 9.909680366516113 90.7394027709961
17.18695640563965 9.970202445983887 90.83893585205078
17.189865112304688 9.974203109741211 90.84464263916016
17.207042694091797 9.999604225158691 90.87899017333984
17.18627166748047 9.969273567199707 90.83760070800781
16.70393180847168 11.749895095825195 90.78893280029297
16.733354568481445 11.73780632019043 90.82734680175781
16.735902786254883 11.736650466918945 90.83063507080078
16.783323287963867 11.711929321289062 90.89061737060547
16.76375389099121 11.72286605834961 90.86613464355469
17.178367614746094 9.958854675292969 90.822265625
17.200542449951172 9.989618301391602 90.86585235595703
17.192607879638672 9.978052139282227 90.85005187988281
17.232751846313477 10.044290542602539 90.9328384399414
17.242725372314453 10.064284324645996 90.95470428466797
17.239925384521484 10.058500289916992 90.9485092163086
16.816335678100586 11.691118240356445 90.9310531616211
16.798643112182617 11.702641487121582 90.9095230102539
16.84209632873535 11.67279052734375 90.96184539794922
16.78632164001465 11.710162162780762 90.89433288574219
17.24803924560547 10.075668334960938 90.96662902832031
17.1837215423584 9.965849876403809 90.83263397216797
17.17308235168457 9.952201843261719 90.81212615966797
17.199321746826172 9.98779582977295 90.86341094970703
17.231611251831055 10.042112350463867 90.93038177490234
17.238832473754883 10.056278228759766 90.94609832763672
17.222150802612305 10.024773597717285 90.91024017333984
16.850252151489258 11.666600227355957 90.97145080566406
17.217479705810547 10.016678810119629 90.90045928955078
17.21369743347168 10.010334968566895 90.89262390136719
17.21200180053711 10.007551193237305 90.88912963867188
17.259410858154297 10.102004051208496 90.99285888671875
17.25078773498535 10.081777572631836 90.9728775024414
16.830331802368164 11.681389808654785 90.94786834716797
17.23652458190918 10.051656723022461 90.9410400390625
17.219675064086914 10.020445823669434 90.90503692626953
16.866514205932617 11.653692245483398 90.99039459228516
17.259023666381836 10.101056098937988 90.99195098876953
17.25642204284668 10.094797134399414 90.9858627319336
17.24660301208496 10.072538375854492 90.96338653564453
17.243236541748047 10.065356254577637 90.95584869384766
17.27222442626953 10.13554573059082 91.02383422851562
17.26679801940918 10.120773315429688 91.01051330566406
17.232112884521484 10.043068885803223 90.93146514892578
17.24782943725586 10.07520866394043 90.96615600585938
17.23402976989746 10.046761512756348 90.93560791015625
17.26683807373047 10.120880126953125 91.01060485839844
17.253005981445312 10.086821556091309 90.97795867919922
17.26348304748535 10.112171173095703 91.00252532958984
17.239898681640625 10.05844497680664 90.94844818115234
17.262075424194336 10.10860824584961 90.9991683959961
17.27589225769043 10.146069526672363 91.03304290771484
17.28280258178711 10.167222023010254 91.05087280273438
17.296768188476562 10.216811180114746 91.08942413330078
17.31226348876953 10.289201736450195 91.1385726928711
17.297494888305664 10.219715118408203 91.091552734375
17.272987365722656 10.13769817352295 91.02574157714844
17.2979736328125 10.221647262573242 91.09295654296875
17.3197078704834 10.336835861206055 91.16690826416016
17.311006546020508 10.282269477844238 91.13419342041016
17.317441940307617 10.320892333984375 91.15775299072266
17.32271385192871 10.360861778259277 91.18010711669922
17.32160186767578 10.35152530670166 91.17505645751953
17.322038650512695 10.355118751525879 91.17701721191406
17.321596145629883 10.351471900939941 91.1750259399414
17.320751190185547 10.344756126403809 91.17133331298828
17.31853485107422 10.328388214111328 91.16209411621094
17.31597900390625 10.311352729797363 91.15211486816406
17.318185806274414 10.325961112976074 91.16069793701172
17.312681198120117 10.2915620803833 91.14004516601562
17.30980110168457 10.275842666625977 91.13008117675781
-0.9219934940338135 8.772642135620117 93.03458404541016
-0.9385083913803101 8.894927978515625 93.0909423828125
-0.9203805923461914 8.763188362121582 93.02941131591797
-0.9140398502349854 8.728680610656738 93.00941467285156
-0.8935855031013489 8.637889862060547 92.9476318359375
-0.908137321472168 8.699708938598633 92.99121856689453
-0.913058876991272 8.723674774169922 93.00636291503906
-0.9345951080322266 8.860189437866211 93.07682800292969
-0.950940728187561 9.149499893188477 93.15486907958984
-0.9505094885826111 9.09412956237793 93.14649200439453
-0.946551501750946 8.99318790435791 93.1235122680664
-0.9129911661148071 8.723332405090332 93.00615692138672
-0.948876142501831 9.03922176361084 93.13526153564453
-0.948512852191925 9.030709266662598 93.13324737548828
-0.9509037733078003 9.125849723815918 93.15164947509766
-0.909136950969696 8.704429626464844 92.99427795410156
-0.9121353626251221 8.719035148620605 93.00350189208984
-0.9019402265548706 8.671911239624023 92.97246551513672
-0.9440615773200989 8.956620216369629 93.11261749267578
-0.9491981267929077 9.047428131103516 93.13712310791016
-0.9017101526260376 8.670924186706543 92.97177124023438
-0.9182958602905273 8.7514009475708 93.02277374267578
-0.9506795406341553 9.104323387145996 93.14825439453125
-0.9503313899040222 9.198307991027832 93.15984344482422
-0.9493298530578613 9.233345031738281 93.16204071044922
-0.9455276727676392 9.30965805053711 93.16287994384766
-0.9460631012916565 9.301126480102539 93.16305541992188
-0.9244800806045532 8.787846565246582 93.04264831542969
-0.9179494380950928 8.749485969543457 93.02168273925781
-0.9509412050247192 9.133994102478027 93.15281677246094
-0.9504249095916748 9.193865776062012 93.15948486328125
-0.9472495317459106 9.28036880493164 93.16320037841797
-0.9406512975692749 9.373318672180176 93.15943908691406
-0.9431167244911194 9.34366512298584 93.16151428222656
-0.9508150815963745 9.168268203735352 93.15704345703125
-0.9450592398643494 9.31678295135498 93.16268920898438
-0.9455745220184326 9.308928489685059 93.16290283203125
-0.918991208076477 8.755280494689941 93.02497863769531
-0.928825318813324 8.816556930541992 93.05701446533203
-0.930787205696106 8.830582618713379 93.06364440917969
-0.922707200050354 8.776924133300781 93.0368881225586
-0.9384220838546753 8.894103050231934 93.09062194824219
-0.9408992528915405 8.919178009033203 93.09996795654297
-0.9393101334571838 8.902754783630371 93.09393310546875
-0.9447734355926514 8.966246604919434 93.1156234741211
-0.9507560133934021 9.109968185424805 93.1491928100586
-0.9486708045005798 9.250447273254395 93.1626968383789
-0.9454679489135742 9.310583114624023 93.16285705566406
-0.9417604207992554 9.360479354858398 93.16043853759766
-0.9386751651763916 8.896533966064453 93.09156036376953
-0.936172366142273 8.873574256896973 93.08243560791016
-0.9402019381523132 9.378318786621094 93.15900421142578
-0.9337772130966187 8.853529930114746 93.07395935058594
-0.9390102624893188 8.899794578552246 93.09281158447266
-0.9389758110046387 8.899456977844238 93.09268188476562
-0.9430729150772095 8.944084167480469 93.10855102539062
-0.9426623582839966 8.939123153686523 93.10689544677734
-0.9501965045928955 9.07964038848877 93.14381408691406
-0.9483360648155212 9.026799201965332 93.1323013305664
-0.9508223533630371 9.115851402282715 93.15013122558594
-0.9470011591911316 9.284961700439453 93.16320037841797
-0.9490803480148315 9.240169525146484 93.16233825683594
-0.9446142315864563 9.323294639587402 93.16246032714844
-0.9461928606033325 9.298988342285156 93.16309356689453
-0.9493464231491089 9.051467895507812 93.13802337646484
-0.947028636932373 9.001349449157715 93.1257553100586
-0.9498546719551086 9.066995620727539 93.14131164550781
-0.9505242109298706 9.094913482666016 93.14663696289062
-0.9509490728378296 9.137372970581055 93.15328216552734
-0.9451782703399658 8.971981048583984 93.11736297607422
-0.9445033073425293 8.962528228759766 93.11447143554688
-0.9497118592262268 9.06231689453125 93.14035034179688
-0.9508605003356934 9.119948387145996 93.15076446533203
-0.946464478969574 8.99174976348877 93.12310791015625
-0.9466537237167358 8.99489688873291 93.12398529052734
-0.9494445323944092 9.05424690246582 93.13862609863281
-0.9505033493041992 9.09379768371582 93.14643859863281
-0.9508765935897827 9.121938705444336 93.15106964111328
-0.9479919672012329 9.019564628601074 93.13050842285156
-0.9486285448074341 9.033344268798828 93.13388061523438
-0.9509305953979492 9.152290344238281 93.15521240234375
-0.9494126439094543 9.23097038269043 93.16192626953125
-0.947386622428894 9.277767181396484 93.1631851196289
-0.9479625225067139 9.266255378723145 93.1630630493164
-0.9462652206420898 9.297784805297852 93.1631088256836
-0.9463543891906738 9.296286582946777 93.16312408447266
-0.9469400644302368 9.2860689163208 93.16320037841797
-0.9486219882965088 9.251609802246094 93.16273498535156
-0.8051917552947998 9.238255500793457 93.22160339355469
-0.9469099044799805 9.286614418029785 93.16320037841797
-0.947019636631012 9.284626960754395 93.16320037841797
-0.8792418241500854 9.14232349395752 93.18392944335938
-0.9212250709533691 9.117999076843262 93.16289520263672
-0.9504222869873047 9.089674949645996 93.14569091796875
-0.5586099028587341 9.26311206817627 93.32283782958984
-0.5593492388725281 9.248883247375488 93.32275390625
-0.5580766797065735 9.272553443908691 93.32279205322266
-0.19463133811950684 9.160677909851074 91.31602478027344
-0.21810698509216309 8.970626831054688 91.34800720214844
-0.215566486120224 8.986556053161621 91.34393310546875
-0.2077600359916687 9.040528297424316 91.33207702636719
-0.36278268694877625 8.490737915039062 91.6365737915039
-0.36444276571273804 8.487500190734863 91.64018249511719
-0.36021679639816284 8.495802879333496 91.63099670410156
-0.20954373478889465 9.027420997619629 91.33468627929688
-0.20906290411949158 9.030902862548828 91.33397674560547
-0.18562039732933044 9.330256462097168 91.3165283203125
-0.18676355481147766 9.290055274963379 91.31399536132812
-0.18506330251693726 9.386266708374023 91.32258605957031
-0.1853516697883606 9.422385215759277 91.32806396484375
-0.18552443385124207 9.43248176574707 91.32981872558594
16.17511558532715 11.329522132873535 89.86439514160156
16.151376724243164 11.119039535522461 89.75253295898438
16.166894912719727 11.284611701965332 89.83592987060547
17.114028930664062 9.892131805419922 90.70406341552734
16.78755760192871 11.709425926208496 90.89586639404297
17.1845703125 9.9669828414917 90.83428192138672
17.1577091217041 9.934164047241211 90.78311157226562
16.740026473999023 11.7347412109375 90.8359375
16.711694717407227 11.746932983398438 90.79914855957031
16.783296585083008 11.711944580078125 90.89058685302734
17.329788208007812 10.44847583770752 91.22257995605469
17.327838897705078 10.415854454040527 91.207763671875
17.32609748840332 10.394131660461426 91.19725036621094
17.30984115600586 10.27605152130127 91.13021850585938
17.296977996826172 10.217646598815918 91.09003448486328
17.260717391967773 10.105219841003418 90.99594116210938
17.23722267150879 10.053043365478516 90.94256591796875
17.31901741027832 10.33181381225586 91.16405487060547
17.317710876464844 10.322705268859863 91.15880584716797
17.280000686645508 10.158421516418457 91.04356384277344
17.321622848510742 10.351689338684082 91.1751480102539
17.29447364807129 10.207900047302246 91.08280944824219
17.28153419494629 10.163198471069336 91.04755401611328
-0.9135663509368896 8.726253509521484 93.00794219970703
-0.9201380014419556 8.761792182922363 93.02863311767578
-0.8947938680648804 8.642593383789062 92.9511947631836
-0.9492167830467224 9.047924041748047 93.13723754882812
-0.9502301216125488 9.08102035522461 93.14408111572266
-0.9505220055580139 9.094802856445312 93.14661407470703
-0.9235258102416992 8.781915664672852 93.03953552246094
-0.9325893521308899 8.844164848327637 93.06982421875
-0.9217934012413025 8.771451950073242 93.033935546875
-0.9507579207420349 9.173338890075684 93.15757751464844
-0.9449285268783569 8.968419075012207 93.11628723144531
-0.9482979774475098 9.025975227355957 93.13209533691406
-0.9435206651687622 8.949651718139648 93.11038208007812
-0.9410253763198853 8.920539855957031 93.10045623779297
-0.9509461522102356 9.147414207458496 93.15460968017578
-0.9503186941146851 9.198885917663574 93.1598892211914
-0.9462669491767883 9.29775619506836 93.1631088256836
-0.9471973776817322 9.281346321105957 93.16320037841797
-0.9498878717422485 9.068126678466797 93.14154052734375
-0.9508888125419617 9.123579025268555 93.15131378173828
-0.8308815360069275 9.279211044311523 93.2109146118164
-0.5612473487854004 9.201742172241211 93.32113647460938
-0.5597658753395081 9.240127563476562 93.3226089477539
-0.2054775357246399 9.058114051818848 91.32884979248047
-0.21023321151733398 9.022490501403809 91.33570861816406
-0.20805305242538452 9.038339614868164 91.33250427246094
-0.33919036388397217 8.540253639221191 91.5857162475586
-0.3384677767753601 8.541879653930664 91.58416748046875
-0.3322444260120392 8.556172370910645 91.57091522216797
-0.20508059859275818 9.061275482177734 91.32830047607422
-0.32913246750831604 8.563518524169922 91.56431579589844
-0.20546039938926697 9.058249473571777 91.32882690429688
-0.18852698802947998 9.24979019165039 91.31295776367188
-0.3281201720237732 8.565937042236328 91.56217193603516
-0.3232787847518921 8.57771110534668 91.55194854736328
-0.2146223783493042 8.992656707763672 91.34244537353516
-0.2985137701034546 8.643728256225586 91.50041961669922
-0.3032759130001068 8.630220413208008 91.51022338867188
-0.30654284358024597 8.621190071105957 91.51697540283203
-0.22194704413414001 8.94776439666748 91.35433197021484
-0.21806612610816956 8.970877647399902 91.34794616699219
-0.31307607889175415 8.603680610656738 91.53055572509766
-0.3099445402622223 8.611984252929688 91.52404022216797
-0.18975883722305298 9.227667808532715 91.31303405761719
-0.3403896689414978 8.53757095336914 91.5882797241211
-0.33845698833465576 8.54190444946289 91.58414459228516
-0.3521538972854614 8.512213706970215 91.6135482788086
-0.18970128893852234 9.228631019592285 91.31301879882812
-0.19211912155151367 9.192266464233398 91.31409454345703
-0.19126370549201965 9.204288482666016 91.3135986328125
-0.3546249568462372 8.50710391998291 91.61888122558594
-0.3581375479698181 8.49996280670166 91.6264877319336
-0.35212379693984985 8.512276649475098 91.61347961425781
-0.36169055104255676 8.492884635925293 91.63419342041016
-0.35308098793029785 8.51028823852539 91.61554718017578
-0.31564679741859436 8.596983909606934 91.53592681884766
-0.25134143233299255 8.805513381958008 91.40703582763672
-0.2554875910282135 8.788735389709473 91.41490936279297
-0.1914864480495453 9.201082229614258 91.313720703125
-0.18903496861457825 9.240255355834961 91.31293487548828
-0.3571021556854248 8.502052307128906 91.6242446899414
-0.3610987067222595 8.494053840637207 91.6329116821289
-0.3478878140449524 8.521209716796875 91.60435485839844
-0.22081685066223145 8.954351425170898 91.35244750976562
-0.220238596200943 8.957767486572266 91.35149383544922
-0.228908509016037 8.90944766998291 91.36620330810547
-0.18546324968338013 9.33845329284668 91.31723022460938
-0.185073584318161 9.391556739807129 91.32331085205078
-0.1851227879524231 9.366296768188477 91.32008361816406
-0.36636924743652344 8.483781814575195 91.64437866210938
-0.3537456691265106 8.50891399383545 91.61698150634766
-0.35523557662963867 8.505851745605469 91.62020874023438
-0.34642210602760315 8.52435302734375 91.60120391845703
-0.19922253489494324 9.11236572265625 91.32080841064453
-0.37887468934059143 8.460615158081055 91.67174530029297
-0.3357279896736145 8.548108100891113 91.57832336425781
-0.3482368588447571 8.520465850830078 91.60511016845703
16.27812385559082 11.59626293182373 90.11236572265625
-0.199354350566864 9.111109733581543 91.32096099853516
16.15093231201172 11.046079635620117 89.72509765625
16.154682159423828 11.180988311767578 89.78009796142578
16.154043197631836 11.17225170135498 89.77595520019531
16.404865264892578 11.725621223449707 90.34445190429688
16.184852600097656 11.372389793395996 89.89431762695312
16.239059448242188 11.526153564453125 90.02972412109375
16.371498107910156 11.701752662658691 90.2870864868164
16.350418090820312 11.6834716796875 90.24967956542969
16.639179229736328 11.768186569213867 90.70133972167969
16.448720932006836 11.748861312866211 90.41685485839844
16.160829544067383 10.89564037322998 89.68427276611328
17.07039451599121 9.861270904541016 90.62918090820312
17.077884674072266 9.865880012512207 90.64177703857422
17.077594757080078 9.865696907043457 90.64128875732422
17.085954666137695 9.8711519241333 90.65547180175781
17.10183334350586 9.882494926452637 90.6827621459961
16.640628814697266 11.767904281616211 90.7033462524414
17.212581634521484 10.00849723815918 90.89031982421875
17.171913146972656 9.950762748718262 90.80989074707031
16.792823791503906 11.706244468688965 90.9023666381836
16.75969696044922 11.725005149841309 90.86100769042969
17.18878746032715 9.972712516784668 90.842529296875
16.742013931274414 11.733804702758789 90.83848571777344
16.842967987060547 11.672138214111328 90.96287536621094
17.281103134155273 10.161843299865723 91.04642486572266
16.8265438079834 11.684076309204102 90.9433364868164
16.89023208618164 11.633493423461914 91.01752471923828
16.897626876831055 11.626855850219727 91.0258560180664
16.869285583496094 11.651415824890137 90.99359893798828
17.209407806396484 10.003355026245117 90.8838119506836
17.217342376708984 10.016446113586426 90.90017700195312
17.287063598632812 10.18127155303955 91.06224060058594
17.322269439697266 10.357063293457031 91.17806243896484
17.322904586791992 10.362536430358887 91.18099975585938
17.316370010375977 10.313857078552246 91.15361022949219
17.248531341552734 10.076752662658691 90.96774291992188
17.298553466796875 10.224003791809082 91.09466552734375
17.323198318481445 10.365133285522461 91.18238067626953
17.322933197021484 10.362787246704102 91.1811294555664
17.272584915161133 10.136560440063477 91.02473449707031
17.3094482421875 10.274004936218262 91.12889099121094
17.31060218811035 10.2800931930542 91.1328125
17.300477981567383 10.232027053833008 91.10041809082031
17.28569221496582 10.176656723022461 91.05854797363281
-0.9177334308624268 8.748299598693848 93.02099609375
-0.9368261098861694 8.879351615905762 93.08479309082031
-0.91444993019104 8.730796813964844 93.01068878173828
-0.9022761583328247 8.673357009887695 92.97347259521484
-0.930912971496582 8.831507682800293 93.06407165527344
-0.940483570098877 8.914753913879395 93.09837341308594
-0.9084085822105408 8.700983047485352 92.99205017089844
-0.9440345764160156 8.956266403198242 93.11250305175781
-0.9505620002746582 9.186556816101074 93.15885162353516
-0.945755660533905 8.980537414550781 93.11990356445312
-0.9506803750991821 9.179126739501953 93.15815734863281
-0.950873613357544 9.161821365356445 93.15633392333984
-0.9500327110290527 9.210630416870117 93.1607437133789
-0.9491802453994751 9.237495422363281 93.16222381591797
-0.950675368309021 9.17947006225586 93.15818786621094
-0.9486865997314453 9.250069618225098 93.16268920898438
-0.9504146575927734 9.194365501403809 93.1595230102539
-0.9509475231170654 9.146827697753906 93.15453338623047
-0.9506243467330933 9.100728034973145 93.14764404296875
-0.8318674564361572 9.186578750610352 93.20814514160156
-0.9487776756286621 9.247862815856934 93.16261291503906
-0.9501037001609802 9.207907676696777 93.16056060791016
-0.9504097700119019 9.089066505432129 93.14558410644531
-0.950951337814331 9.139094352722168 93.15351867675781
-0.9506469964981079 9.181354522705078 93.15837097167969
-0.9503706693649292 9.196480751037598 93.15969848632812
-0.9498050212860107 9.218720436096191 93.16126251220703
-0.6442736387252808 9.278057098388672 93.28733825683594
-0.5618144273757935 9.180973052978516 93.31977081298828
-0.3202885389328003 8.585155487060547 91.54566192626953
-0.32601386308670044 8.571017265319824 91.5577163696289
-0.32637840509414673 8.570133209228516 91.55848693847656
-0.3192026913166046 8.587892532348633 91.54338073730469
-0.33064430952072144 8.559932708740234 91.56752014160156
-0.29536962509155273 8.65287971496582 91.49398040771484
-0.1887708604335785 9.245132446289062 91.31293487548828
-0.3607708215713501 8.49470329284668 91.6322021484375
-0.36980852484703064 8.477243423461914 91.6518783569336
-0.19616428017616272 9.143448829650879 91.31747436523438
-0.20115774869918823 9.094454765319824 91.3231430053711
16.19407081604004 11.406538009643555 89.92028045654297
16.185298919677734 11.374166488647461 89.89562225341797
16.161333084106445 11.246259689331055 89.81375122070312
16.19504165649414 11.409856796264648 89.92291259765625
16.702184677124023 11.750539779663086 90.78662109375
16.66403579711914 11.762532234191895 90.73546600341797
17.22856903076172 10.036391258239746 90.9238510131836
17.232629776000977 10.044057846069336 90.93257904052734
17.227500915527344 10.034415245056152 90.92156982421875
-0.9373235702514648 9.40810489654541 93.15594482421875
-0.9337878823280334 9.440572738647461 93.1516342163086
-0.6346564292907715 9.156187057495117 93.28749084472656
-0.570703387260437 9.117670059204102 93.3096923828125
-0.34848207235336304 8.519944190979004 91.60563659667969
-0.3403715491294861 8.53761100769043 91.5882339477539
-0.34179309010505676 8.534453392028809 91.59127807617188
-0.3344768285751343 8.550985336303711 91.5756607055664
-0.21494755148887634 8.990543365478516 91.34295654296875
-0.3641016483306885 8.488162994384766 91.63944244384766
-0.21969875693321228 8.960982322692871 91.3506088256836
-0.2184009850025177 8.968826293945312 91.3484878540039
-0.35279685258865356 8.51087760925293 91.61493682861328
-0.3616020679473877 8.493059158325195 91.63400268554688
-0.18881100416183472 9.244378089904785 91.31293487548828
-0.35406285524368286 8.508259773254395 91.61766815185547
-0.22200289368629456 8.947442054748535 91.35442352294922
-0.2477250099182129 8.820680618286133 91.4002456665039
-0.24643632769584656 8.826212882995605 91.39784240722656
-0.24212661385536194 8.845234870910645 91.3898696899414
-0.20602074265480042 9.053839683532715 91.32960510253906
-0.19018128514289856 9.220766067504883 91.31314849853516
16.155323028564453 11.189071655273438 89.78399658203125
17.075897216796875 9.864630699157715 90.638427734375
17.091726303100586 9.875123023986816 90.66532897949219
17.125852584838867 9.902295112609863 90.72501373291016
17.095142364501953 9.877553939819336 90.67119598388672
17.133432388305664 9.909262657165527 90.73860931396484
17.311859130859375 10.286945343017578 91.13715362548828
17.25650405883789 10.094995498657227 90.98605346679688
17.28546142578125 10.175891876220703 91.05792999267578
17.279870986938477 10.158021926879883 91.04322814941406
-0.9495469331741333 9.226973533630371 93.16172790527344
-0.9487354159355164 9.035839080810547 93.13446807861328
-0.9118772745132446 8.717750549316406 93.0027084350586
-0.943558931350708 8.950136184692383 93.11053466796875
-0.9506962895393372 9.105480194091797 93.14845275878906
-0.650206983089447 9.295660972595215 93.28414916992188
-0.8802369832992554 9.299471855163574 93.19003295898438
-0.19072207808494568 9.212336540222168 91.31334686279297
-0.18543675541877747 9.339987754821777 91.31736755371094
-0.18513181805610657 9.402815818786621 91.32494354248047
16.153718948364258 11.167468070983887 89.77372741699219
17.217334747314453 10.016432762145996 90.90016174316406
17.30824851989746 10.267867088317871 91.12489318847656
-0.9478837251663208 9.017378807067871 93.12995147705078
-0.18911567330360413 9.238799095153809 91.31293487548828
-0.18975818157196045 9.227678298950195 91.31303405761719
-0.3105548620223999 8.610352516174316 91.52530670166016
-0.3687949776649475 8.479156494140625 91.64966583251953
-0.33679601550102234 8.54566764831543 91.58060455322266
16.164506912231445 11.26921558380127 89.82679748535156
16.16080665588379 11.242103576660156 89.81145477294922
16.15155029296875 11.124320983886719 89.75473022460938
-0.21003270149230957 9.023917198181152 91.33541107177734
-0.20478391647338867 9.06365966796875 91.32789611816406
-0.20356988906860352 9.073616027832031 91.32625579833984
-0.20585820078849792 9.055112838745117 91.32938385009766
-0.20204877853393555 9.086580276489258 91.32427215576172
16.258813858032227 11.564311027526855 90.07250213623047
16.312532424926758 11.643184661865234 90.17970275878906
16.22358512878418 11.49128246307373 89.994384765625
16.39612579345703 11.719926834106445 90.32963562011719
17.115283966064453 9.893171310424805 90.70626831054688
17.319286346435547 10.333745956420898 91.16515350341797
17.312747955322266 10.291943550109863 91.1402816772461
17.2932071685791 10.20312786102295 91.07921600341797
17.28475570678711 10.173562049865723 91.05604553222656
17.289697647094727 10.19039249420166 91.06942749023438
-0.9115667343139648 8.716211318969727 93.00174713134766
-0.9509209394454956 9.154420852661133 93.15547180175781
-0.5929619073867798 9.220966339111328 93.3086929321289
-0.7016755938529968 9.185029029846191 93.26204681396484
-0.35291361808776855 8.510635375976562 91.61518859863281
-0.22316506505012512 8.940787315368652 91.35636901855469
-0.24772050976753235 8.820699691772461 91.40023803710938
-0.20018458366394043 9.103315353393555 91.32195281982422
-0.1987375020980835 9.117050170898438 91.32024383544922
-0.19825983047485352 9.121745109558105 91.3197021484375
16.206235885620117 11.445117950439453 89.95216369628906
16.753271102905273 11.728300094604492 90.85285949707031
-0.3680006265640259 8.480664253234863 91.64793395996094
-0.20099768042564392 9.095891952514648 91.32294464111328
-0.20186877250671387 9.088153839111328 91.32404327392578
16.288209915161133 11.611220359802246 90.1325454711914
16.387775421142578 11.714125633239746 90.31533813476562
17.274276733398438 10.141375541687012 91.02896881103516
17.285175323486328 10.17494010925293 91.05716705322266
17.2813663482666 10.162673950195312 91.04711151123047
17.29246711730957 10.200377464294434 91.0771255493164
17.296018600463867 10.213865280151367 91.08724975585938
-0.9381614923477173 9.399795532226562 93.1568832397461
-0.9432618618011475 9.341781616210938 93.16162109375
-0.9270716905593872 8.804609298706055 93.0511703491211
-0.3745858073234558 8.46837329864502 91.6623306274414
-0.37110963463783264 8.474803924560547 91.65472412109375
-0.37671443819999695 8.464498519897461 91.66699981689453
-0.21614515781402588 8.982867240905762 91.34485626220703
-0.19700884819030762 9.134469985961914 91.31834411621094
-0.19747918844223022 9.129610061645508 91.31884765625
16.15336036682129 10.98313045501709 89.70552062988281
16.155920028686523 10.946486473083496 89.69579315185547
16.16781997680664 10.841106414794922 89.67443084716797
17.089107513427734 9.873300552368164 90.66085052490234
17.242197036743164 10.063183784484863 90.95353698730469
-0.9493824243545532 9.05247688293457 93.13824462890625
-0.3516834080219269 8.513195037841797 91.61253356933594
-0.4039039611816406 8.418988227844238 91.72714233398438
-0.21829438209533691 8.969477653503418 91.34831237792969
16.84278678894043 11.672272682189941 90.96266174316406
16.311643600463867 11.642109870910645 90.17801666259766
16.41732406616211 11.733104705810547 90.36534881591797
16.81793975830078 11.690030097961426 90.93299102783203
-0.9506926536560059 9.105220794677734 93.14840698242188
-0.20107653737068176 9.095183372497559 91.32304382324219
-0.9115524291992188 8.716141700744629 93.00170135498047
-0.9484173059463501 9.028578758239746 93.13273620605469
-0.9506219625473022 9.100576400756836 93.14762115478516
17.32297134399414 10.36312484741211 91.18131256103516
17.32512855529785 10.383668899536133 91.1919937133789
17.321884155273438 10.353838920593262 91.17631530761719
-0.5623819231987 9.147314071655273 93.31670379638672
16.790082931518555 11.70790958404541 90.89898681640625
-0.20272088050842285 9.080781936645508 91.32514190673828
-0.19949325919151306 9.10978889465332 91.32112121582031
17.298343658447266 10.223150253295898 91.09404754638672
16.8714599609375 11.649615287780762 90.99610137939453
-0.31613820791244507 8.595714569091797 91.53695678710938
-0.31548741459846497 8.597395896911621 91.53559875488281
17.2188720703125 10.019062042236328 90.90336608886719
-0.4007687568664551 8.423874855041504 91.72015380859375
17.285844802856445 10.177167892456055 91.0589599609375
-0.1996995508670807 9.107840538024902 91.32136535644531
-0.3461894392967224 8.524853706359863 91.6007080078125
-0.9479742050170898 9.266010284423828 93.1630630493164
-0.19411227107048035 9.166825294494629 91.3155746459961
-0.2077074646949768 9.040922164916992 91.33200073242188
-0.9478638172149658 9.01697826385498 93.12985229492188
-0.3479123115539551 8.521158218383789 91.60440826416016
-0.3574441075325012 8.501360893249512 91.62498474121094
17.324825286865234 10.380579948425293 91.19042205810547
-0.201250821352005 9.093622207641602 91.3232650756836
16.15647315979004 10.9398193359375 89.69415283203125
-0.1920478641986847 9.193239212036133 91.31404876708984
-0.38761574029922485 8.44538402557373 91.69099426269531
-0.946304202079773 8.98913860321045 93.12237548828125
-0.9468415975570679 8.998091697692871 93.12487030029297
-0.9496998190879822 9.061934471130371 93.14026641845703
-0.39406824111938477 8.434625625610352 91.70527648925781
17.14923095703125 9.924996376037598 90.76739501953125
17.123268127441406 9.900002479553223 90.72040557861328
-0.1942245066165924 9.165482521057129 91.315673828125
17.175065994262695 9.954671859741211 90.81591796875
-0.19356012344360352 9.173563003540039 91.31512451171875
-0.19103431701660156 9.20765209197998 91.31348419189453
-0.18981939554214478 9.226658821105957 91.31304168701172
-0.18934756517410278 9.234688758850098 91.31295776367188
-0.4055953919887543 8.416389465332031 91.73091125488281
17.222158432006836 10.024785995483398 90.91024780273438
17.22322654724121 10.026680946350098 90.91250610351562
16.6171932220459 11.771737098693848 90.67062377929688
16.283588409423828 11.604500770568848 90.12334442138672
-0.3543693721294403 8.507628440856934 91.61833190917969
-0.3473685383796692 8.522320747375488 91.60324096679688
16.812097549438477 11.69395637512207 90.9259262084961
17.219802856445312 10.020669937133789 90.90531158447266
17.233213424682617 10.045182228088379 90.93384552001953
-0.19701474905014038 9.134408950805664 91.31835174560547
-0.18557634949684143 9.435129165649414 91.3302993774414
-0.219527930021286 8.962005615234375 91.35032653808594
-0.33854177594184875 8.541712760925293 91.5843276977539
-0.9476478099822998 9.012748718261719 93.12876892089844
17.19399642944336 9.98002815246582 90.85279846191406
-0.3584713935852051 8.49929141998291 91.62721252441406
17.090744018554688 9.874435424804688 90.66365051269531
16.15086555480957 11.097212791442871 89.7437744140625
17.304792404174805 10.251164436340332 91.11372375488281
17.281137466430664 10.161954879760742 91.04651641845703
16.87976837158203 11.642607688903809 91.00563049316406
-0.384143590927124 8.451342582702637 91.68333435058594
-0.38489431142807007 8.450043678283691 91.68498992919922
-0.36546528339385986 8.48552131652832 91.64241027832031
-0.18648740649223328 9.298041343688965 91.31437683105469
-0.21539872884750366 8.987632751464844 91.34366607666016
17.140605926513672 9.916197776794434 90.75160217285156
16.68659210205078 11.755921363830566 90.7658920288086
16.661365509033203 11.763221740722656 90.7318344116211
17.18648338317871 9.969561576843262 90.8380126953125
17.319183349609375 10.333006858825684 91.16473388671875
-0.3716607689857483 8.473775863647461 91.65592956542969
-0.8894015550613403 8.622114181518555 92.93536376953125
-0.21692049503326416 8.977980613708496 91.3460922241211
17.33041763305664 10.463279724121094 91.22893524169922
17.330854415893555 10.47669792175293 91.2344970703125
-0.37602829933166504 8.465743064880371 91.66549682617188
16.179813385009766 11.351269721984863 89.87921905517578
17.278987884521484 10.155314445495605 91.04094696044922
16.779743194580078 11.714007377624512 90.88616943359375
-0.9506841897964478 9.10463809967041 93.14830780029297
16.683063507080078 11.757047653198242 90.76116943359375
16.73180389404297 11.738502502441406 90.8253402709961
-0.2239748239517212 8.936217308044434 91.35773468017578
17.32466697692871 10.378990173339844 91.18960571289062
17.30325698852539 10.244155883789062 91.10891723632812
17.31195640563965 10.287485122680664 91.13749694824219
16.632274627685547 11.769449234008789 90.6917495727539
16.73101806640625 11.738852500915527 90.82432556152344
17.20290756225586 9.993197441101074 90.87061309814453
-0.2444286048412323 8.83497142791748 91.39411163330078
17.157678604125977 9.934130668640137 90.78305053710938
-0.2059355080127716 9.0545072555542 91.3294906616211
-0.3828107714653015 8.45366096496582 91.6803970336914
-0.3750649690628052 8.467496871948242 91.66338348388672
-0.18578976392745972 9.322635650634766 91.31593322753906
-0.23259302973747253 8.890543937683105 91.37266540527344
16.301733016967773 11.629659652709961 90.15901184082031
-0.22118845582008362 8.952174186706543 91.35306549072266
-0.3258822560310364 8.57133674621582 91.55744171142578
-0.3626794219017029 8.49094009399414 91.63634490966797
-0.39194202423095703 8.438125610351562 91.7005615234375
17.26889991760254 10.126389503479004 91.01563262939453
16.821359634399414 11.687688827514648 90.9371109008789
17.24872398376465 10.077176094055176 90.96817779541016
-0.37627485394477844 8.46529483795166 91.6660385131836
-0.3792213499546051 8.459996223449707 91.67250061035156
-0.38509681820869446 8.449694633483887 91.68544006347656
17.09562110900879 9.877900123596191 90.67202758789062
-0.19322815537452698 9.584991455078125 91.36873626708984
17.304147720336914 10.24819564819336 91.1116943359375
-0.8916853666305542 8.630629539489746 92.94204711914062
8.82193374633789 7.517871856689453 96.8335189819336
-0.5569970607757568 9.290074348449707 93.32247924804688
9.753469467163086 8.573716163635254 100.61422729492188
-0.3045876622200012 8.626572608947754 91.51293182373047
-0.18716663122177124 9.279488563537598 91.3135757446289
-0.5624969601631165 9.109434127807617 93.31197357177734
-0.5624195337295532 9.097749710083008 93.31023406982422
17.172897338867188 9.951972961425781 90.811767578125
-0.5617367029190063 9.057376861572266 93.30323791503906
-0.7573869228363037 9.067185401916504 93.22266387939453
16.153106689453125 10.987567901611328 89.70677947998047
10.733078956604004 7.164091110229492 100.94579315185547
0.890947699546814 9.913870811462402 92.08181762695312
1.7177636623382568 9.889328002929688 92.44535827636719
1.3391284942626953 10.002137184143066 92.4195327758789
1.5517994165420532 10.086397171020508 92.71202087402344
0.8577689528465271 10.027562141418457 93.39002990722656
-0.3727496564388275 8.47175407409668 91.65830993652344
-0.37140533328056335 8.474251747131348 91.6553726196289
16.18259048461914 11.3631591796875 89.88763427734375
-0.9240694046020508 8.785279273986816 93.04130554199219
-0.3844226598739624 8.450859069824219 91.68395233154297
16.21126365661621 11.459421157836914 89.96473693847656
16.278669357299805 11.597099304199219 90.11346435546875
16.2645206451416 11.574249267578125 90.08446502685547
17.282136917114258 10.165104866027832 91.04913330078125
17.287311553955078 10.18211555480957 91.06291198730469
17.314884185791016 10.304544448852539 91.14802551269531
17.318368911743164 10.32723331451416 91.16143035888672
-0.5607014894485474 9.2176513671875 93.32191467285156
-0.37151163816452026 8.474053382873535 91.65560150146484
-0.36298394203186035 8.490344047546387 91.63700866699219
-0.18508762121200562 9.395332336425781 91.32384490966797
17.32159423828125 10.35145378112793 91.17501831054688
-0.8869086503982544 8.613069534301758 92.9281005859375
-0.18918028473854065 9.237642288208008 91.31294250488281
-0.18891635537147522 9.242424011230469 91.31293487548828
-0.18510174751281738 9.398158073425293 91.32424926757812
-0.18506306409835815 9.381909370422363 91.32200622558594
-0.1850634515285492 9.386415481567383 91.32260131835938
-0.4023483395576477 8.421401023864746 91.72367095947266
-0.950884997844696 9.160320281982422 93.15616607666016
-0.9506012201309204 9.18423843383789 93.15863800048828
-0.8869897127151489 8.613359451293945 92.92833709716797
-0.8971785306930542 8.652082443237305 92.958251953125
-0.9440600872039795 8.956600189208984 93.11260986328125
-0.562152624130249 9.164141654968262 93.31836700439453
-0.2177150547504425 8.973039627075195 91.34737396240234
-0.22185778617858887 8.948280334472656 91.35417938232422
-0.22383394837379456 8.937007904052734 91.35749816894531
-0.9509431719779968 9.134710311889648 93.15291595458984
-0.18992605805397034 9.224900245666504 91.31307220458984
-0.19251343607902527 9.186970710754395 91.3143539428711
-0.22148030996322632 8.950470924377441 91.35355377197266
17.308507919311523 10.269183158874512 91.1257553100586
-0.36347079277038574 8.489392280578613 91.63806915283203
-0.35908401012420654 8.498063087463379 91.6285400390625
17.2943115234375 10.207283020019531 91.08234405517578
-0.9504774808883667 9.092443466186523 93.14619445800781
-0.5571357011795044 9.287927627563477 93.3225326538086
-0.18525123596191406 9.415010452270508 91.32684326171875
-0.1850920021533966 9.396302223205566 91.32398223876953
16.85063362121582 11.666305541992188 90.9719009399414
16.859352111816406 11.659470558166504 90.98208618164062
-0.5623421669006348 9.150906562805176 93.31707763671875
-0.381919264793396 8.455222129821777 91.67843627929688
-0.1850646734237671 9.387418746948242 91.32273864746094
-0.1851525604724884 9.405431747436523 91.32533264160156
-0.18511134386062622 9.368041038513184 91.3202896118164
16.824316024780273 11.685637474060059 90.94066619873047
16.81973648071289 11.688803672790527 90.9351577758789
17.131465911865234 9.907421112060547 90.73506927490234
-0.1873234510421753 9.275650024414062 91.3134536743164
-0.19620981812477112 9.142955780029297 91.31752014160156
16.321304321289062 11.653458595275879 90.19625091552734
-0.18611183762550354 9.310260772705078 91.31507873535156
17.208955764770508 10.00263500213623 90.88288879394531
-0.19096457958221436 9.208687782287598 91.3134536743164
17.322080612182617 10.355464935302734 91.17720031738281
17.298669815063477 10.224480628967285 91.09500885009766
-0.8044007420539856 8.40809154510498 92.70022583007812
8.507355690002441 9.184467315673828 97.83184814453125
9.652777671813965 6.104031562805176 102.70402526855469
-0.24754521250724792 8.82144832611084 91.39990997314453
8.836841583251953 6.996773719787598 100.72056579589844
9.395659446716309 7.011928081512451 103.90084075927734
11.631572723388672 6.410182952880859 104.9520034790039
-0.9497739672660828 9.064315795898438 93.14076232910156
-0.19579827785491943 9.147446632385254 91.3171157836914
9.581886291503906 9.169224739074707 97.62599182128906
10.152949333190918 8.187121391296387 98.15174865722656
8.95981216430664 8.707598686218262 99.72216033935547
-0.5291190147399902 8.726181983947754 93.1800537109375
-0.6430836915969849 10.052172660827637 92.86054229736328
1.1700299978256226 10.160130500793457 92.78043365478516
-0.2128656506538391 9.004294395446777 91.33970642089844
-0.33648067712783813 8.54638671875 91.5799331665039
17.17811393737793 9.958532333374023 90.82177734375
-0.19763025641441345 9.128068923950195 91.31900787353516
-0.2026083767414093 9.081743240356445 91.32499694824219
-0.3652157783508301 8.486002922058105 91.64186096191406
-0.19378796219825745 9.170757293701172 91.3153076171875
-0.1942819356918335 9.16479778289795 91.31571960449219
17.114646911621094 9.892642974853516 90.70514678955078
17.164039611816406 9.941364288330078 90.79497528076172
-0.9495009183883667 9.228363037109375 93.16179656982422
-0.9464989900588989 8.992318153381348 93.1232681274414
-0.21370884776115417 8.99866008758545 91.34101867675781
-0.18508034944534302 9.374309539794922 91.321044921875
-0.21119460463523865 9.015732765197754 91.337158203125
16.26895523071289 11.581674575805664 90.0936508178711
-0.18877744674682617 9.245007514953613 91.31293487548828
-0.9504085779190063 9.089009284973145 93.14557647705078
-0.3435972332954407 8.530485153198242 91.59514617919922
-0.3523063361644745 8.511897087097168 91.61387634277344
-0.18904316425323486 9.240106582641602 91.31293487548828
17.107303619384766 9.886714935302734 90.69227600097656
-0.19434002041816711 9.164107322692871 91.3157730102539
-0.19275978207588196 9.183734893798828 91.31452178955078
0.8863887786865234 10.179252624511719 92.93138885498047
0.6995136737823486 10.186400413513184 92.59249114990234
1.1250197887420654 10.119898796081543 93.2575912475586
16.15106201171875 11.107381820678711 89.74779510498047
16.214664459228516 11.468639373779297 89.97307586669922
17.07315444946289 9.862937927246094 90.6338119506836
-0.8869519233703613 8.613224029541016 92.92823028564453
-0.4077032804489136 8.413187026977539 91.7356185913086
16.163320541381836 11.261014938354492 89.82205963134766
-0.349193811416626 8.5184326171875 91.60717010498047
16.899961471557617 11.624726295471191 91.02847290039062
-0.5596829056739807 9.241920471191406 93.32264709472656
16.909809112548828 11.615562438964844 91.0394515991211
16.86765480041504 11.652758598327637 90.99171447753906
17.29138946533203 10.196438789367676 91.07411193847656
17.10469627380371 9.884683609008789 90.68773651123047
17.13643455505371 9.912123680114746 90.74403381347656
17.317298889160156 10.319944381713867 91.15719604492188
-0.34759169816970825 8.521842956542969 91.60372161865234
-0.390383780002594 8.440719604492188 91.69711303710938
-0.3835335969924927 8.452401161193848 91.68199157714844
-0.39236462116241455 8.437426567077637 91.70149993896484
-0.9042630195617676 8.682047843933105 92.97945404052734
-0.21694785356521606 8.977808952331543 91.34613800048828
16.16596031188965 11.278749465942383 89.8324203491211
16.184146881103516 11.369548797607422 89.89224243164062
16.196041107177734 11.413226127624512 89.92560577392578
-0.9197432994842529 8.75953483581543 93.02737426757812
17.218114852905273 11.12369441986084 91.30786895751953
12.836296081542969 10.800134658813477 92.67229461669922
9.644137382507324 9.127655982971191 96.49394226074219
9.593045234680176 9.206646919250488 96.48011779785156
17.308603286743164 10.26966667175293 91.12606811523438
9.298650741577148 7.402268409729004 97.40587615966797
11.423789978027344 6.919955730438232 104.4014892578125
-0.1972934603691101 9.131518363952637 91.31864929199219
9.40320110321045 8.827444076538086 99.69287109375
-0.18531101942062378 9.348129272460938 91.31814575195312
-0.9445339441299438 9.324444770812988 93.16242218017578
1.0918635129928589 10.107008934020996 92.51058197021484
-0.39558422565460205 8.43215560913086 91.70863342285156
-0.9490799903869629 9.04433536529541 93.13642883300781
-0.9484438896179199 9.029167175292969 93.13287353515625
16.19978904724121 11.42545223236084 89.93555450439453
16.224760055541992 11.49411392211914 89.99713134765625
-0.3755457401275635 8.466620445251465 91.66443634033203
-0.9433161020278931 8.947087287902832 93.10954284667969
-0.9394233226776123 8.90388298034668 93.09435272216797
-0.9466278553009033 8.994462966918945 93.12387084960938
-0.19186937808990479 9.195695877075195 91.31393432617188
-0.19121989607810974 9.204926490783691 91.3135757446289
-0.9314893484115601 8.835790634155273 93.0660400390625
-0.20740079879760742 9.043231964111328 91.3315658569336
-0.3583541512489319 8.499526977539062 91.626953125
-0.3685912489891052 8.47954273223877 91.64922332763672
-0.9454599618911743 8.976097106933594 93.11859893798828
-0.945021390914917 8.969736099243164 93.11668395996094
-0.8860080242156982 9.17090129852295 93.18429565429688
-0.9497905969619751 9.21920394897461 93.16129302978516
-0.39875519275665283 8.427061080932617 91.7156753540039
-0.4002056419849396 8.424761772155762 91.71890258789062
17.126298904418945 9.902695655822754 90.7258071899414
17.149511337280273 9.92529296875 90.76791381835938
17.30371856689453 10.246237754821777 91.1103515625
-0.7812994718551636 9.252215385437012 93.2315673828125
-0.3553142547607422 8.505690574645996 91.62037658691406
-0.35767030715942383 8.500904083251953 91.62547302246094
-0.367125540971756 8.482332229614258 91.64602661132812
-0.36546188592910767 8.485527992248535 91.64240264892578
17.308879852294922 10.271075248718262 91.12699127197266
17.30972671508789 10.2754545211792 91.12982940673828
17.319194793701172 10.333085060119629 91.16477966308594
17.314170837402344 10.300238609313965 91.14540100097656
-0.6199629306793213 9.200322151184082 93.29679870605469
17.30134391784668 10.235735893249512 91.10303497314453
-0.9048123359680176 8.684493064880371 92.98111724853516
-0.9193054437637329 8.757050514221191 93.0259780883789
-0.9178730249404907 8.749065399169922 93.02143859863281
-0.9297385215759277 8.822993278503418 93.06008911132812
16.16103172302246 11.243897438049316 89.81244659423828
16.172414779663086 11.315882682800293 89.85545349121094
17.158926010131836 9.935523986816406 90.78538513183594
-0.7047022581100464 9.107298851013184 93.25204467773438
-0.38866519927978516 8.44360637664795 91.69331359863281
-0.3952277898788452 8.432734489440918 91.70784759521484
-0.40399086475372314 8.418853759765625 91.72733306884766
17.300100326538086 10.230432510375977 91.09928131103516
-0.20168742537498474 9.08974838256836 91.32381439208984
-0.20092612504959106 9.096537590026855 91.32286071777344
-0.20616596937179565 9.052705764770508 91.3298110961914
-0.21149733662605286 9.013632774353027 91.33761596679688
-0.21456804871559143 8.993012428283691 91.34236145019531
-0.19224587082862854 9.190546989440918 91.31417083740234
-0.19534772634506226 9.152463912963867 91.31668090820312
16.152307510375977 11.142671585083008 89.76256561279297
16.15162467956543 11.126396179199219 89.75559997558594
16.151180267333984 11.112160682678223 89.74972534179688
16.162813186645508 11.25737190246582 89.81998443603516
16.176240921020508 11.334940910339355 89.86802673339844
17.103273391723633 9.883589744567871 90.68525695800781
-0.3684593737125397 8.479792594909668 91.64893341064453
-0.2004113495349884 9.101224899291992 91.32222747802734
-0.20568948984146118 9.056438446044922 91.32914733886719
-0.2119837999343872 9.010283470153809 91.3383560180664
-0.19939392805099487 9.110732078552246 91.32100677490234
-0.19562837481498718 9.14932632446289 91.31694793701172
-0.2030530571937561 9.077957153320312 91.32557678222656
-0.19660723209381104 9.13869857788086 91.31792449951172
-0.19307518005371094 9.179664611816406 91.31475067138672
-0.19550806283950806 9.150667190551758 91.31683349609375
16.212932586669922 11.4639892578125 89.9688491821289
16.243202209472656 11.534690856933594 90.03889465332031
-0.9302769303321838 8.826862335205078 93.0619125366211
-0.9393856525421143 8.903507232666016 93.0942153930664
-0.9394124746322632 8.90377426147461 93.09431457519531
-0.5511701107025146 9.36372184753418 93.31804656982422
9.266645431518555 8.809715270996094 99.7178955078125
-0.9048393964767456 8.684614181518555 92.981201171875
9.23079776763916 9.806406021118164 96.07952880859375
-0.5614855289459229 9.193734169006348 93.32066345214844
-0.9216282367706299 8.770474433898926 93.03340911865234
-0.9361088871955872 8.87302017211914 93.08220672607422
-0.22422903776168823 8.934793472290039 91.35816955566406
-0.9328747391700745 8.846382141113281 93.07081604003906
-0.9484811425209045 9.25489616394043 93.16282653808594
0.5396769642829895 10.136002540588379 93.06417846679688
-0.19458550214767456 9.161215782165527 91.31598663330078
-0.36660200357437134 8.4833345413208 91.64488220214844
16.846193313598633 11.669703483581543 90.96668243408203
7.3333740234375 8.189136505126953 96.32728576660156
6.895465850830078 8.301091194152832 96.21673583984375
-0.36774975061416626 8.481142044067383 91.64738464355469
10.03296184539795 6.990561008453369 105.63298034667969
11.594173431396484 6.695987224578857 105.11954498291016
11.636824607849121 6.264883041381836 104.97917175292969
11.616220474243164 6.136544227600098 104.96734619140625
10.137236595153809 5.469428539276123 105.29104614257812
9.97968864440918 5.598989009857178 105.36158752441406
11.015777587890625 5.416611671447754 104.99546813964844
11.049766540527344 5.432085037231445 104.98926544189453
11.447896003723145 5.750544548034668 104.97400665283203
9.818102836608887 6.671581745147705 105.64606475830078
11.63624382019043 6.523928642272949 105.05782318115234
11.489584922790527 6.9016618728637695 105.19779205322266
11.635947227478027 6.210902214050293 104.99684143066406
11.647150993347168 6.449832439422607 105.05183410644531
11.652359008789062 6.336292266845703 105.03885650634766
9.794780731201172 6.620294570922852 105.6362075805664
9.799481391906738 5.871337413787842 105.47357940673828
10.22166633605957 7.132411956787109 105.62944030761719
10.36147689819336 7.201848983764648 105.61582946777344
11.41491413116455 5.718633651733398 104.95442962646484
11.215827941894531 5.53236722946167 104.96170043945312
11.326696395874023 5.627760887145996 104.94694519042969
10.113625526428223 5.489080429077148 105.26436614990234
10.144601821899414 5.466711044311523 105.27105712890625
10.303204536437988 5.388718605041504 105.20722961425781
11.068488121032715 5.430407524108887 105.01618194580078
10.917802810668945 5.368554592132568 105.05123138427734
11.04430103302002 5.41663932800293 105.02677917480469
10.89995288848877 5.366100311279297 105.04600524902344
10.766790390014648 5.333551406860352 105.09098815917969
10.742809295654297 5.333127021789551 105.08741760253906
-0.5052915811538696 8.789313316345215 93.228759765625
10.485529899597168 10.166810989379883 95.10527038574219
9.54601764678955 9.85305404663086 95.93327331542969
8.395264625549316 9.113913536071777 97.81487274169922
9.735200881958008 8.886763572692871 96.40028381347656
9.595149040222168 9.208884239196777 96.63795471191406
9.745169639587402 8.560099601745605 100.67648315429688
11.476613998413086 6.776201248168945 104.41458892822266
10.935667037963867 7.574061393737793 103.19193267822266
9.234698295593262 7.327160358428955 103.03160095214844
10.450384140014648 7.179306507110596 100.03655242919922
9.7190523147583 8.981391906738281 96.52522277832031
10.135146141052246 5.878276824951172 103.04705810546875
-0.1970546543598175 9.133992195129395 91.31838989257812
16.810348510742188 11.695114135742188 90.9238052368164
16.82862091064453 11.682607650756836 90.9458236694336
10.76366901397705 7.711110591888428 103.24752807617188
11.51595401763916 6.861818790435791 105.19469451904297
11.614323616027832 6.6409525871276855 105.12007904052734
11.59213924407959 6.035861015319824 104.9740219116211
11.512685775756836 5.869962692260742 104.9455795288086
11.587048530578613 6.030947685241699 104.96233367919922
9.857278823852539 6.754984378814697 105.642578125
9.808119773864746 6.6587114334106445 105.63196563720703
9.82132339477539 6.693418502807617 105.62701416015625
9.891289710998535 6.816797256469727 105.6357192993164
10.345595359802246 7.1952033042907715 105.61780548095703
10.148345947265625 7.085007190704346 105.63285064697266
10.302248001098633 7.175378799438477 105.62301635742188
11.58740520477295 6.01377010345459 104.98209381103516
11.477246284484863 5.807308197021484 104.94975280761719
9.751625061035156 5.995943546295166 105.47706604003906
9.922913551330566 5.663575172424316 105.36125183105469
9.836918830871582 5.7879252433776855 105.39134979248047
11.657428741455078 6.431896686553955 105.09549713134766
11.556127548217773 5.932484149932861 104.9826431274414
9.898496627807617 6.837440013885498 105.61952209472656
10.303383827209473 5.395676612854004 105.16597747802734
10.838422775268555 5.353865146636963 105.04842376708984
11.075447082519531 5.436257362365723 105.00837707519531
10.537002563476562 5.338382244110107 105.1135025024414
10.666625022888184 5.3306779861450195 105.0941162109375
10.58488941192627 5.326220989227295 105.13665008544922
10.347508430480957 5.370296478271484 105.20842742919922
11.373680114746094 7.038598537445068 105.27230072021484
11.646121978759766 6.333876609802246 105.00982666015625
11.548524856567383 5.945924282073975 104.94219970703125
11.173840522766113 7.181715965270996 105.37007904052734
11.37521743774414 7.036343097686768 105.28703308105469
9.732625007629395 6.373988151550293 105.6051254272461
9.982210159301758 6.936861991882324 105.63518524169922
9.892867088317871 6.816309928894043 105.6406021118164
9.724124908447266 6.318554401397705 105.58177947998047
9.725544929504395 6.192673683166504 105.56644439697266
10.047466278076172 7.003997325897217 105.63337707519531
10.115008354187012 7.060448169708252 105.63361358642578
9.755184173583984 6.497927665710449 105.62055969238281
9.785367012023926 6.615166187286377 105.61172485351562
9.752642631530762 6.5023512840271 105.60783386230469
10.536458969116211 7.259453773498535 105.57670593261719
9.719095230102539 6.298779487609863 105.56023406982422
9.733484268188477 6.090522766113281 105.52259826660156
9.749086380004883 6.025901794433594 105.52253723144531
9.796835899353027 5.875898361206055 105.46780395507812
9.8739652633667 5.731638431549072 105.42042541503906
9.88723087310791 5.711217880249023 105.39691925048828
10.956151008605957 7.2603912353515625 105.45829772949219
11.1590576171875 7.187173843383789 105.39080810546875
10.765955924987793 7.284017562866211 105.5140151977539
10.0341215133667 6.991654396057129 105.63301849365234
10.28269100189209 7.166348934173584 105.62321472167969
11.40243911743164 5.712532997131348 104.9374008178711
11.28055191040039 5.589015007019043 104.94290161132812
10.50942325592041 5.3362627029418945 105.14488983154297
10.119857788085938 5.486845016479492 105.24412536621094
10.0169038772583 5.563365459442139 105.3312759399414
11.17301082611084 5.5047607421875 104.96185302734375
10.380831718444824 5.365686893463135 105.16839599609375
10.037901878356934 5.918641090393066 102.93623352050781
10.17780590057373 5.905679225921631 102.92228698730469
8.421415328979492 9.113174438476562 97.86368560791016
-0.18605521321296692 9.312280654907227 91.3152084350586
10.985910415649414 7.517842769622803 103.27120208740234
11.503604888916016 6.613750457763672 104.38541412353516
11.46955394744873 5.806830883026123 104.93074798583984
10.620141983032227 7.27245569229126 105.56399536132812
10.538692474365234 7.259075164794922 105.57913208007812
11.633525848388672 6.597734451293945 105.16101837158203
10.747603416442871 5.341799259185791 105.05692291259766
11.289555549621582 5.587665557861328 104.96272277832031
11.53503704071045 6.831014633178711 105.19869995117188
9.93032455444336 6.875457763671875 105.6314697265625
11.35094165802002 7.05764102935791 105.315185546875
10.877486228942871 7.2729387283325195 105.49169921875
11.032547950744629 7.236384868621826 105.44930267333984
9.8215913772583 6.702444076538086 105.61567687988281
11.656339645385742 6.363506317138672 105.06150817871094
9.797574996948242 5.870630264282227 105.45005798339844
9.74738883972168 5.996718406677246 105.44696044921875
11.386533737182617 5.697612762451172 104.93045043945312
9.715365409851074 6.296558380126953 105.54302978515625
11.630999565124512 6.583553314208984 105.11447143554688
10.957954406738281 7.261574745178223 105.44972229003906
9.852879524230957 6.764846324920654 105.61554718017578
10.725561141967773 7.282452583312988 105.5309829711914
10.840895652770996 7.2742414474487305 105.51573944091797
9.24508285522461 7.950551986694336 102.00712585449219
16.1787166595459 11.346386909484863 89.8758316040039
11.56955623626709 6.766497611999512 105.18952178955078
11.356834411621094 7.051384449005127 105.3284683227539
-0.18533805012702942 9.346236228942871 91.31795501708984
9.656383514404297 6.0503435134887695 103.11248779296875
11.172867774963379 9.058608055114746 93.23300170898438
17.145549774169922 11.28866958618164 91.26275634765625
9.690817832946777 6.039208889007568 103.01665496826172
9.672679901123047 7.997943878173828 102.56859588623047
VERTICES 0 0
